player_id,player_name,rating
206173,Jannik Sinner,2209.9188438213487
104925,Novak Djokovic,2102.189996600161
207989,Carlos Alcaraz,2029.429824768352
104417,Robin Soderling,2011.2840904083398
103819,Roger Federer,2010.1617517919535
100644,Alexander Zverev,1983.1619687531872
126203,Taylor Fritz,1955.7365659943753
106401,Nick Kyrgios,1930.3743145817214
105223,Juan Martin del Potro,1926.8104921802842
106421,Daniil Medvedev,1914.0269536748021
207733,Jack Draper,1891.604078461393
105777,Grigor Dimitrov,1880.3482416555032
200282,Alex De Minaur,1876.3669315996606
104745,Rafael Nadal,1870.6636771982844
208029,Holger Rune,1866.1472998545798
200624,Sebastian Korda,1854.8171256218848
126205,Tommy Paul,1839.0729677279473
126774,Stefanos Tsitsipas,1835.567575211908
126610,Matteo Berrettini,1831.129283187578
128034,Hubert Hurkacz,1829.2931659856454
104053,Andy Roddick,1829.1061556819116
111575,Karen Khachanov,1826.496188883047
200005,Ugo Humbert,1825.2342390402298
207830,Tomas Machac,1791.5077320783073
207518,Lorenzo Musetti,1790.465857341711
210097,Ben Shelton,1788.362739577634
200615,Alexei Popyrin,1784.476026945165
104792,Gael Monfils,1775.9082257004688
111442,Jordan Thompson,1770.9461313528343
209950,Arthur Fils,1770.7231296201728
105683,Milos Raonic,1770.2836976717804
105526,Jan Lennard Struff,1768.3699870595751
208103,Jiri Lehecka,1768.1270580683463
126207,Frances Tiafoe,1762.747514635258
105453,Kei Nishikori,1759.1824703149894
207925,Flavio Cobolli,1759.1241015725573
200000,Felix Auger Aliassime,1754.0491833011235
133430,Denis Shapovalov,1753.754597667166
134770,Casper Ruud,1750.7783191695858
103900,David Nalbandian,1749.3113465264507
104607,Tomas Berdych,1745.3091035675482
103888,Mardy Fish,1744.04729407375
134868,Tallon Griekspoor,1743.379900646504
126094,Andrey Rublev,1737.2905950583497
105238,Alexandr Dolgopolov,1735.0283510454276
202103,Francisco Cerundolo,1728.742586053744
202385,Jenson Brooksby,1727.5728861212465
104339,Mario Ancic,1726.1289659276117
105138,Roberto Bautista Agut,1725.5348141963045
111202,Hyeon Chung,1724.9672048890911
105676,David Goffin,1723.6168686424548
103285,Radek Stepanek,1715.4132801831247
106423,Thanasi Kokkinakis,1714.939394930281
206909,Brandon Nakashima,1711.2246912745184
210506,Alex Michelsen,1707.6202287724925
106218,Marcos Giron,1701.9185949553655
103970,David Ferrer,1700.8716927562682
105807,Pablo Carreno Busta,1699.9911943408567
210150,Jakub Mensik,1698.002977999279
208286,Matteo Arnaldi,1695.623925091286
101736,Andre Agassi,1692.9233513990985
208659,Giovanni Mpetshi Perricard,1687.00178523308
144684,Alex Molcan,1685.608115585865
105668,Jerzy Janowicz,1683.951585333666
111815,Cameron Norrie,1683.592029631774
103507,Juan Carlos Ferrero,1680.1537800146068
200325,Emil Ruusuvuori,1678.9692021975973
103898,Julien Benneteau,1677.7594159931948
105870,Yannick Hanfmann,1676.2032928111657
105227,Marin Cilic,1673.6803862668316
144869,Tomas Martin Etcheverry,1670.7103019001008
104338,Juan Monaco,1670.5973815074997
126128,Roman Safiullin,1670.2910326446872
104597,Nicolas Almagro,1669.4201274845457
105656,Marcelo Arevalo,1668.2081189354894
209098,Hamad Medjedovic,1667.923489674659
104871,Jeremy Chardy,1666.7834108213297
106415,Yoshihito Nishioka,1665.081056914458
103498,Marat Safin,1664.9733136091018
103344,Ivan Ljubicic,1663.1604251604742
126846,Aleksandar Vukic,1662.8668864294705
200221,Alejandro Davidovich Fokina,1660.7987567632374
126214,Alejandro Tabilo,1660.0484348805849
103917,Nicolas Mahut,1656.56248530103
144707,Mikael Ymer,1656.2357837501222
103781,Jurgen Melzer,1654.1192679372434
200175,Miomir Kecmanovic,1653.9419660508456
136440,Dominik Koepfer,1650.8374571893612
126239,Arthur Rinderknech,1650.712753827799
103602,Fernando Gonzalez,1650.5310876525205
106148,Roberto Carballes Baena,1650.3158518533971
111581,Michael Mmoh,1647.645504058551
124187,Reilly Opelka,1647.613146049199
127339,Borna Gojo,1646.7929647124547
122298,Botic Van De Zandschulp,1646.2608526052634
106426,Cristian Garin,1645.5943518416375
105916,Marton Fucsovics,1645.3561078849395
132686,Nuno Borges,1641.8866147554552
105575,Ricardas Berankis,1639.005560339179
211663,Joao Fonseca,1638.838278402828
105577,Vasek Pospisil,1638.6860551333532
105583,Dusan Lajovic,1633.628551532171
104731,Kevin Anderson,1633.4163139334785
206681,Fabian Marozsan,1632.4061462988923
104468,Gilles Simon,1631.7285078021232
111190,Zhizhen Zhang,1629.173322953268
103017,Nicolas Kiefer,1625.4078998201785
105985,Darian King,1624.8733266954966
207352,Bu Yunchaokete,1622.8442801054273
104571,Marcos Baghdatis,1622.6708275384983
132283,Lorenzo Sonego,1622.5773040963911
111460,Quentin Halys,1622.4251716016784
106331,Christopher Oconnell,1622.1381087314546
200267,Zizou Bergs,1620.845352886335
209992,Juncheng Shang,1620.5453490021323
103566,Michael Llodra,1620.3722563258475
104547,Horacio Zeballos,1620.078138990113
208502,Dominic Stricker,1617.7153006292137
126127,Benjamin Bonzi,1616.841769380775
104545,John Isner,1616.6377810252113
104527,Stan Wawrinka,1616.5432945183984
202104,Sebastian Baez,1616.4194142191966
111797,Nicolas Jarry,1616.0511291885755
111513,Laslo Djere,1615.6528954986777
205734,Thiago Seyboth Wild,1614.8450595670538
122330,Alexander Bublik,1613.5296826741696
103720,Lleyton Hewitt,1612.7257364772227
104620,Simone Bolelli,1611.429039082869
105723,Andrey Kuznetsov,1609.529176170819
104918,Andy Murray,1609.111693770752
207686,Alexander Shevchenko,1607.9823877044687
208014,Rinky Hijikata,1606.558622755963
103813,Jarkko Nieminen,1605.4853799651141
200059,Yibing Wu,1605.095913959719
105357,John Millman,1604.6993267501073
111794,Kamil Majchrzak,1603.4630792753144
111577,Jared Donaldson,1602.5063064379056
103401,Jan Hernych,1602.3425133758951
103600,Mohammad Ghareeb,1601.7706987998154
102863,Takao Suzuki,1601.334587881812
105732,Pierre Hugues Herbert,1600.5267397289201
111456,Mackenzie Mcdonald,1600.5207801803804
125802,Ilya Ivashka,1600.512245097272
103828,Jean Julien Rojer,1598.0043071179862
144895,Corentin Moutet,1597.6949443032202
200436,Zsombor Piros,1595.2273525398366
106175,Ricardo Rodriguez,1595.1041556244554
106058,Jack Sock,1595.078672362695
104898,Robin Haase,1594.3780411450139
105464,Christopher Rungkat,1594.0052074615326
106329,Thiago Monteiro,1593.5033386954256
104542,Jo-Wilfried Tsonga,1593.222644210218
104523,Frederico Gil,1593.1483605761616
103786,Nikolay Davydenko,1591.3168307887254
106234,Aslan Karatsev,1591.2448530212796
126952,Soon Woo Kwon,1589.3902297789302
200384,Hugo Gaston,1589.2422411771004
106432,Borna Coric,1588.7287589786279
124186,Alexandre Muller,1588.6968129815584
133297,Yosuke Watanuki,1588.6770729225268
104926,Fabio Fognini,1588.4662935520735
104897,Matthias Bachinger,1587.8807414313833
104076,Jose Acasuso,1587.0813856388643
103484,James Blake,1586.8833983959164
105992,Ryan Harrison,1585.6271864993964
106298,Lucas Pouille,1584.6841416369398
124116,Sebastian Ofner,1584.4473485040926
103758,Taylor Dent,1584.3895748846594
104259,Philipp Kohlschreiber,1584.0446975648356
126845,Max Purcell,1583.7272819063633
104976,Ryan Sweeting,1583.7082771208256
104180,Gilles Muller,1583.4647651696891
106378,Kyle Edmund,1582.7202843792172
102887,Ramon Delgado,1582.351981655959
207608,Timofey Skatov,1582.3207215919726
104026,Joachim Johansson,1582.0402721009357
105936,Filip Krajinovic,1580.725765920395
209070,Arthur Cazaux,1579.6826119188172
133835,Gijs Brouwer,1579.127410098177
104273,Edouard Roger-Vasselin,1578.452899758184
210530,Learner Tien,1576.5003184601712
104631,Harshana Godamanna,1575.8634246821007
105173,Adrian Mannarino,1575.8488309875286
106109,Alex Bolt,1575.641554052588
103812,Victor Hanescu,1575.1525562250379
103656,Albert Montanes,1574.7454907141332
209113,Gabriel Diallo,1574.6983933843137
104534,Dudi Sela,1574.6146602014583
106210,Jiri Vesely,1574.1055573681006
103598,Xavier Malisse,1573.9004702876193
102450,Tim Henman,1573.7953635218216
126646,Tim Van Rijthoven,1573.714910192607
123795,Altug Celikbilek,1573.3229005676733
105946,Liang Chi Huang,1573.2146255438354
102882,Mark Philippoussis,1572.985157109567
102148,Fabrice Santoro,1572.8282307990676
106078,Egor Gerasimov,1572.788983308894
103163,Tommy Haas,1571.9431128960687
111153,Christopher Eubanks,1571.8106739489735
102563,Thomas Johansson,1571.3581503019388
104332,Philipp Petzschner,1570.2201942064257
104233,Frederik Nielsen,1570.0877592419213
200303,Pavel Kotov,1569.534397228219
106071,Bernard Tomic,1569.361207826412
104327,Steve Darcis,1569.1272466598107
144750,Lloyd Harris,1568.9801665716427
104604,Ruben Gonzales,1568.2061233908146
105079,Ivan Sergeyev,1568.0223254354112
105449,Steve Johnson,1567.578561271028
131934,Andrea Vavassori,1567.4326283124317
105550,Guido Pella,1567.040443177448
105255,Bassam Beidas,1566.7656903582194
105051,Matthew Ebden,1566.1560938175928
106186,Jason Kubler,1565.6550645668115
104395,Marcel Felder,1564.8324078089875
105790,Yong Kyu Lim,1563.8325012687314
106296,Gregoire Barrere,1562.9700055823118
133975,Benjamin Hassan,1562.1807208257421
104586,Lukas Rosol,1562.148173996875
106281,Liam Broady,1561.6366394156294
104719,Marcel Granollers,1561.58167881735
104460,Dustin Brown,1560.6415373097636
105023,Sam Querrey,1560.376656054779
105379,Aljaz Bedene,1560.3279349506224
105881,Matthew Barton,1559.8534502397351
102107,Jan Frode Andersen,1559.087205441016
122533,Nam Hoang Ly,1558.7346645381797
104386,Janko Tipsarevic,1556.7180996146913
105657,Marius Copil,1556.4442476440636
104965,Pavol Cervenak,1556.2102539200043
209209,Filip Misolic,1555.8341259404729
102562,Jiri Novak,1554.952260524324
106162,Franco Agamenone,1553.7028184947849
104655,Pablo Cuevas,1553.5741540457402
104735,Tobias Kamke,1553.4105974005188
207680,Facundo Diaz Acosta,1553.3471910266762
101962,Younes El Aynaoui,1552.8058519577678
105649,Cedrik Marcel Stebe,1552.0977631871795
106233,Dominic Thiem,1551.5801351541315
200514,Jurij Rodionov,1550.8220621077041
105456,Sergio Galdos,1550.704189789646
110685,G D Jones,1550.547796526636
106249,Joao Domingues,1550.4224822115673
103612,Alexey Kedryuk,1550.292413357115
202058,Thiago Agustin Tirante,1550.0028943228485
104471,Ivan Dodig,1549.9149763766125
103990,Tommy Robredo,1549.2079453654178
103789,Irakli Labadze,1548.8562206727129
104651,Martin Alund,1548.7216630987698
105385,Donald Young,1548.337117969085
104535,Daniel Garza,1547.986918790499
102959,Marko Tkalec,1547.6570141464722
104368,Daniel King Turner,1547.6342824710962
209080,Blaise Bicknell,1547.4713540287637
105373,Martin Klizan,1547.323566472193
208363,Mariano Navone,1547.0594548827785
207797,Jonas Forejtek,1547.0589297350296
105430,Radu Albot,1546.742518440906
126555,Tung Lin Wu,1546.662961830067
102845,Carlos Moya,1546.4392003638172
103451,Bjorn Phau,1545.9878987181453
106033,Romain Arneodo,1545.9121661298657
104210,Ryan Russell,1545.7960656646562
209260,Luciano Darderi,1545.758191399658
126106,Ryan Peniston,1544.7518962401632
104813,Grega Zemlja,1544.731367164799
202320,Beibit Zhukayev,1544.587110535836
104025,Amer Delic,1544.5341382200445
104660,Sergiy Stakhovsky,1544.026532364633
103752,Simon Greul,1544.0220480438893
105004,Dimitar Kutrovsky,1543.7640045985959
104421,Martin Vilarrubi,1543.7035820605006
202261,Otto Virtanen,1543.6829355944176
104467,Lamine Ouahab,1543.619946756114
104068,Robby Ginepri,1543.5814764917127
126129,Billy Harris,1543.288793813121
208233,Mattia Bellucci,1543.117589660642
103096,Arnaud Clement,1542.7133900394685
105217,Thiemo De Bakker,1542.6882282987997
105820,Juan Carlos Saez,1542.263179316597
105554,Daniel Evans,1542.12058625117
105558,Guillaume Rufin,1541.8282404751556
105912,Diego Galeano,1541.1089089590714
104198,Guillermo Garcia Lopez,1541.004419532791
106075,Jozef Kovalik,1540.9782814720377
104499,Jimmy Wang,1540.9267655589524
124079,Pedro Martinez,1540.89018208953
200273,Hady Habib,1540.8724065221606
209284,Elmer Moller,1540.8108523230635
208010,Pablo Llamas Ruiz,1540.7676383894297
102093,Martin Damm,1540.476871713346
104305,Luka Gregorc,1540.2567863271156
127157,Daniel Altmaier,1540.195468366802
105208,Ernests Gulbis,1539.7850098139934
105226,Attila Balazs,1539.4009215123972
104678,Viktor Troicki,1539.3356716477554
103175,Toshihide Matsui,1539.0969938655958
126149,Gianluca Mager,1538.9593180013394
105386,Janez Semrajc,1538.8770843131265
108701,Juan Sebastian Cabal,1538.2924153345236
200318,Yu Hsiou Hsu,1537.987965920965
102703,Hyung Taik Lee,1537.7468051889934
103638,Jhonson Garcia,1537.512841260052
104352,Colin Obrien,1536.9265874630692
120401,Tucker Vorster,1536.8965549486554
103824,Orest Tereshchuk,1536.7297984411834
200670,J J Wolf,1536.7077080407564
104583,Filip Polasek,1536.6835914163091
105902,James Duckworth,1536.3508402095647
104910,Tihomir Grozdanov,1536.2983817010045
104167,Todd Widom,1535.7567155716877
105376,Peter Gojowczyk,1535.1633956473213
105041,Lukas Lacko,1534.875854106794
207799,Matheus Pucinelli De Almeida,1534.5481966873228
103808,Potito Starace,1534.487414662981
210012,Henrique Rocha,1534.2932367004823
104292,Izak Van Der Merwe,1534.1622809091787
104978,Daniel Brands,1533.9727299668068
104673,Julio Cesar Campozano,1533.65910513275
207678,Juan Manuel Cerundolo,1533.5986256485116
105032,Sam Groth,1533.499936656721
111181,Pruchya Isarow,1533.3092792576954
103428,Juan Ignacio Chela,1533.2713726374984
103529,Aisam Ul Haq Qureshi,1533.2690361396735
127760,Lukas Klein,1533.2148432275396
126762,Aleksandre Bakshi,1532.7823359049196
210312,Oliver Ojakaar,1532.6678501707734
103264,Mariano Puerta,1532.6234447932313
209414,Luca Van Assche,1532.5961691941393
106065,Marco Cecchinato,1532.4323437324135
144821,Genaro Alberto Olivieri,1531.8065071942892
104200,Juan Manuel Elizondo,1531.7211500308695
103499,Aqeel Khan,1531.4545622534279
103504,Febi Widhiyanto,1531.268144319544
108973,Carl Sundberg,1531.2513699670324
103946,Bruno Soares,1531.1984133889569
104724,Eduardo Schwank,1531.1182530559547
208230,Alibek Kachmazov,1531.0011841225162
144719,Jaume Munar,1530.7667253754255
105074,Ruben Bemelmans,1530.7245548408075
103066,Mark Nielsen,1530.6608608470983
210142,Olaf Pieczkowski,1530.5612260339533
206470,Cezar Cretu,1530.4365332536659
106021,Dragos Dima,1530.2549357608352
103581,Flavio Saretta,1530.1890604660973
104098,Dmitry Tursunov,1530.1843399141462
104330,Rajeev Ram,1530.0678621011216
106361,Adam Pavlasek,1530.043574251497
104869,Sergei Bubka,1529.8902413529236
111761,Benjamin Lock,1529.270276705185
104823,Bruno Rodriguez,1529.0516115332534
104312,Andreas Seppi,1528.9042273888394
103694,Olivier Rochus,1528.8218068936715
105487,Facundo Bagnis,1528.73683222271
106026,Yuki Bhambri,1528.6008710501164
104928,Sun Yong Kim Jr,1528.4824086171805
202262,Filip Cristian Jianu,1528.4766461961106
104146,Jonathan Chu,1528.442892131399
101885,Wayne Arthurs,1527.9079575633568
200272,Jean Jacques Rakotohasy,1527.838087609921
102788,Jan Vacek,1527.8279606390738
106328,Christian Harrison,1527.685622478219
106120,Ricardo Ojeda Lara,1527.2848099660393
105477,Marco Trungelliti,1527.2720108918759
108693,Romano Tatuhey,1527.1017935141133
103902,Jan Mertl,1527.0590944340393
118808,Daniel Vallejo,1526.9347119219535
103997,Lukasz Kubot,1526.7809616511645
104360,Adam Chadaj,1526.5109293975738
105643,Federico Delbonis,1526.4269805315682
105961,David Souto,1526.247683811762
102839,Nicolas Lapentti,1526.181519560843
106408,Mario Vilella Martinez,1525.8565967757568
133933,Thomas Yaka Kofi Setodji,1525.2650178501838
200008,Alexis Galarneau,1525.197328259354
208843,Jerome Kym,1525.189319075697
103325,Wesley Moodie,1525.022499092275
104721,Josselin Ouanna,1524.9526489218044
103538,James Auckland,1524.7965894494005
103184,Bob Bryan,1524.7260006610136
200416,August Holmgren,1524.5504700919328
108717,Francis Casey Alcantara,1524.386943386169
104311,Leonardo Tavares,1524.0943609799524
104229,Yen Hsun Lu,1523.7987265106688
105573,Henri Kontinen,1523.7203767632313
110748,Nikola Milojevic,1523.7199656974785
104600,Treat Conrad Huey,1523.714169208029
212063,Matej Dodig,1523.5810350425256
127300,Jurabek Karimov,1523.4758313584396
207681,Francisco Comesana,1523.3416487627724
209931,Lukas Pokorny,1523.2566404575875
134472,Antoine Bellier,1523.033313738803
206782,Demetris Azoides,1522.9376453991586
105413,Andrej Martin,1522.75816180949
103850,Sebastian Decoud,1522.655874610249
106216,Bjorn Fratangelo,1522.4281729579154
103157,Arvind Parmar,1521.6618915017616
104895,Abdullah Maqdas,1521.5657371018185
126190,Nicolas Alvarez,1521.2051938683464
109739,Maximilian Marterer,1521.0940061097294
103333,Ivo Karlovic,1520.7950857563187
120424,Yannick Maden,1520.3419759040771
106390,Matteo Donati,1520.277800921622
106397,Wishaya Trongcharoenchaikul,1519.799202163268
108960,Michael Lai,1519.276684383638
104561,Jae Sung An,1519.2029626824983
104196,Carlos Cuadrado,1519.070207028832
102558,Eric Taino,1518.8067469849182
108688,Martin Sayer,1518.7436160343584
105012,Alexander Bury,1518.6812108327126
104593,Daniel Gimeno Traver,1518.5359229584856
104500,Somdev Devvarman,1518.3808407913912
103387,Paradorn Srichaphan,1518.3236112652903
103986,Radoslav Lukaev,1518.2961209830498
105815,Tennys Sandgren,1518.1418483648847
131905,Manuel Guinard,1518.1116115470593
104496,Luis Manuel Flores,1517.9316479345032
111200,Elias Ymer,1517.8342678205765
104166,Alex Bogomolov Jr,1517.7759342324948
210200,Yanaki Milev,1517.7250598986807
104639,Wayne Odesnik,1517.7020791757516
104040,Adam Thompson,1517.6399538995352
105650,Marcus Willis,1517.61490448358
126502,Luis Diego Chavez Villalpando,1517.5363934280997
104112,Benjamin Balleret,1517.4024604305228
104594,Marinko Matosevic,1517.3749505486055
104252,Florian Mayer,1517.3097449680872
108947,West Nott,1517.211205306419
105406,Roberto Marcora,1517.0662150249357
104557,Andis Juska,1517.0443920374041
104633,Mathieu Rodrigues,1516.9797550570888
211638,Jack Loutit,1516.9676500189373
209362,Aristotelis Thanos,1516.9152308678474
125571,Christian Garay,1516.7579668841493
209188,Ari Fahresi,1516.736306793522
210721,Iliyan Radulov,1516.736306793522
104086,Mikhail Filima,1516.687365773274
105149,Reda El Amrani,1516.673932573157
105773,Bruno Abdel Nour,1516.665771644429
101979,Ricardo Mena,1516.6487251325234
108764,Chris Brandi,1516.6063883443849
209119,Aissa Benchakroun,1516.5526447165173
105064,Thomaz Bellucci,1516.418011368123
108647,Anton Tsymbalov,1516.2583517653266
105113,Patrik Rosenholm,1516.1687377989454
207736,Arklon Huertas Del Pino,1516.1380605867241
102904,Leos Friedl,1516.0140966099475
101889,Todd Woodbridge,1516
108607,Andrei Luzgin,1516
104383,Diogo Rocha,1516
104260,Johny De Leon,1516
108953,Juan Lorenzo Gonzalez,1516
108964,Faisal Aidil,1516
108672,William Lock,1516
108682,Stephen Nugent,1516
104051,Andrej Kracman,1516
104609,Omar Hedayet,1516
105681,Soong Jae Cho,1516
103043,Coenie Van Wyk,1516
106350,Andre Gaspar Murta,1516
109336,Ayoub Chakrouni,1516
126473,Aljaz Radinski,1516
105578,Cristian Rodriguez,1516
134217,Skyler Butts,1516
124126,Sarp Agabigun,1516
202210,Edris Fetisleam,1516
208414,Sylvestre Monnou,1516
211468,Luis Carlos Alvarez Valdes,1516
138485,Conner Huertas Del Pino,1516
200575,Johannes Seeman,1516
202335,Raphael Calzi,1516
149285,Mustapha El Natour,1516
149283,Freddy Murray,1516
200014,Digvijaypratap Singh,1516
106262,Boris Arias,1516
212721,Benedict Badza,1516
210105,Martyn Pawelski,1516
105273,Mauricio Echazu,1515.9290787106097
102286,Wayne Black,1515.8411549407322
207985,Jacob Fearnley,1515.8312166296312
103590,Michael Quintero,1515.8190962636656
200329,Remy Bertola,1515.7438871777742
202235,Jacopo Berrettini,1515.7308589428587
106237,Chieh Fu Wang,1515.6975292737204
144985,Ergi Kirkin,1515.6874973766126
102928,Hee Seok Chung,1515.6385984688766
200270,Alex Knaff,1515.6234321394838
103435,Massimo Dellacqua,1515.4687113943448
134302,Mantas Bugailiskis,1515.396482866025
138845,Anthony Jackie Tang,1515.281943424199
104046,Bostjan Osabnik,1515.2639280975488
102035,Jonas Bjorkman,1515.2626200990449
104858,Enrique Olivares,1515.2600807515234
108784,Kevin Kung,1515.2342814559413
208057,Diego Fernandez Flores,1515.2284284750701
200537,Nicolas Xiviller,1515.2283705924378
106387,Mazen Osama,1515.2196601219935
144681,Niki Kaliyanda Poonacha,1515.200522267731
108744,Rodrigo Rappaccioli,1515.1947960222515
106194,Nutthanon Kadchapanan,1515.1783871051296
108783,Daniel Llarenas,1515.1309521062735
106664,Brian Hung,1515.1101396566687
104249,Marcelo Melo,1515.0538661991716
209354,Ioannis Xilas,1514.8938069891888
105036,Hyun Joon Kim,1514.8461592749015
207772,Yuttana Charoenphon,1514.7954374873987
103229,Kornel Bardoczky,1514.7953880197401
104477,Jorge Aguilar,1514.7886758752998
108593,Wing Luen Wong,1514.6872785748192
103316,Victor Romero,1514.624736801963
109737,Markos Kalovelonis,1514.618626948389
105488,Jose Benitez,1514.6139018233353
108742,Siu Fai Kelvin Lam,1514.519635786545
209903,Lukas Neumayer,1514.5014058993322
209964,Liova Ayite Ajavon,1514.4649776214078
125781,Rogelio Siller,1514.3988406938124
106000,Damir Dzumhur,1514.3099771967743
103171,Raemon Sluiter,1514.1659655484023
126613,Bogdan Borza,1514.018028507121
104424,Go Soeda,1513.932329798244
104256,Clement Reix,1513.8483273141492
123896,Matija Pecotic,1513.8226386447152
104582,Rok Jarc,1513.7349032085956
105216,Yuichi Sugita,1513.712881404399
122321,Marat Deviatiarov,1513.6526839556068
103826,Carlos Palencia,1513.5110526000299
200748,Andres Andrade,1513.4801775306873
104071,Raven Klaasen,1513.3011112309632
105633,Mohamed Safwat,1513.2859947822833
104585,Gyorgy Balazs,1513.2605536455012
126174,Youssef Hossam,1513.1865615224979
102905,Stefan Koubek,1512.9787194064172
209860,Ignacio Buse,1512.8705114062836
104618,Devin Mullings,1512.625393498265
104960,Miguel Angel Reyes Varela,1512.6142479956704
104023,Nicolas Renavand,1512.5756822237042
209409,Coleman Wong,1512.5444148111642
126623,Alexander Erler,1512.5292705953511
208144,Giles Hussey,1512.4434146000794
103468,Harsh Mankad,1512.3158027191869
121531,Mats Moraing,1512.2159416815675
144650,Rhett Purcell,1512.0612327052543
105677,Nikola Cacic,1511.813649043839
105625,Alvaro Raposo De Oliveira,1511.7918762574968
103821,Danai Udomchoke,1511.6757782402528
104392,Franco Ferreiro,1511.5877038199549
108746,Austen Childs,1511.5446820010175
106310,Alexander Ritschard,1511.5438338875267
117358,Harry Bourchier,1511.4199163932562
104162,Deniss Pavlovs,1511.3075358123626
209857,Leandro Riedi,1511.081673677708
126939,Khumoun Sultanov,1511.0284182252437
105271,Gonzalo Escobar,1510.9249354103426
106410,Jorge Brian Panta Herreros,1510.922798659791
102257,Greg Rusedski,1510.9134723285802
104476,Louk Sorensen,1510.6773194500302
104803,Younes Rachidi,1510.667565817013
103514,Young Jun Kim,1510.5076406699066
105318,Thomas Schoorel,1510.332386282081
106353,Pedja Krstin,1510.221399680045
209279,Terence Atmane,1509.9404685935833
106302,Andrew Harris,1509.8759314148997
211514,Justin Engel,1509.8427241452953
104091,Miguel Angel Lopez Jaen,1509.6331713049335
105541,Alex Llompart,1509.5820714052877
105028,Jesse Levine,1509.5345947075682
104947,Marsel Ilhan,1509.4090755544858
106137,Tristan Lamasine,1509.3638888032392
105678,Axel Michon,1509.2828973845312
127143,Jirat Navasirisomboon,1509.1134144924529
103188,Michael Russell,1508.9837595646395
104548,Brian Baker,1508.9412741377198
104887,Piero Luisi,1508.9283551210115
102783,Rainer Schuettler,1508.8008483214498
207669,Robert Strombachs,1508.763661453389
105826,Alejandro Gomez Gb42,1508.706164989578
105052,Chris Eaton,1508.4265967758697
200677,Rio Noguchi,1508.2392729897815
105932,Nikoloz Basilashvili,1508.0436102318467
121411,Moez Echargui,1508.033933694664
103393,Yuri Schukin,1507.984392727816
103531,Thomas Oger,1507.9328594252268
105066,Grzegorz Panfil,1507.863771947657
111187,Kaichi Uchida,1507.8111435799635
206703,Paul Jubb,1507.7811266589322
104268,Alejandro Falla,1507.6880458686426
104214,Igor Andreev,1507.565589374444
105542,Bastian Trinker,1507.4075371631277
144797,Carl Soderlund,1507.397322571301
117353,Duck Hee Lee,1507.3573505970196
122669,Juan Pablo Varillas,1507.1829320775848
134457,Nicolas Moreno De Alboran,1507.1825108416547
105070,Hans Podlipnik Castillo,1507.0986427694381
104291,Malek Jaziri,1507.09397012228
103448,Gabriel Trujillo Soler,1506.8981244577603
126197,Orlando Luz,1506.8505620275237
103702,Stefano Ianni,1506.7427693175528
104217,Simon Stadler,1506.7404261280012
103746,Miguel Gallardo Valles,1506.4742077037
105499,Christopher Diaz Figueroa,1506.3802347632363
207249,Alexandros Skorilas,1506.2835657898154
102233,Leander Paes,1506.24248592643
105053,Santiago Giraldo,1506.18676339266
207461,Mousa Alkotop,1506.1560636150073
106214,Oscar Otte,1505.9538055282867
208300,Omni Kumar,1505.9235262621391
209318,Petr Nesterov,1505.8954426906653
207213,Duje Ajdukovic,1505.7567745403942
106225,Andrew Whittington,1505.6581676703815
200574,Alexander Donski,1505.6388629969165
104826,Federico Sansonetti,1505.58871433318
105688,Manuel Sanchez,1505.5663448780635
105181,Miljan Zekic,1505.415991813983
103978,Rabie Chaki,1505.333180190642
208028,Francisco Llanes,1504.953559859357
149282,Nicolai Budkov Kjaer,1504.8540010940162
105572,Austin Krajicek,1504.736368267634
104763,Rafael Arevalo,1504.668279805467
207134,Fitriadi M Rifqi,1504.3652269422387
111197,Jonathan Mridha,1504.3426786907191
111453,Mikael Torpegaard,1504.2962355343075
104247,Sebo Kiss,1504.268617160749
126107,Michael Geerts,1504.2124575251335
104665,Pablo Andujar,1504.0888492262025
105806,Mirza Basic,1504.0741493685957
208210,Chris Rodesch,1504.0702776962466
104433,Frank Dancevic,1504.0553394399722
206750,Daniil Glinka,1504.0340417301588
104224,Travis Rettenmaier,1503.9886014549584
105339,Yan Bai,1503.960457843425
105954,Peter Nagy,1503.800255811836
105152,Marcin Gawron,1503.771217384689
105047,Tim Puetz,1503.5914888453165
103029,Mehdi Tahiri,1503.5600211383244
104559,Teymuraz Gabashvili,1503.3949142103936
207139,Palaphoom Kovapitukted,1503.3644241888205
210340,Philip Sekulic,1503.2919344637119
104235,Matwe Middelkoop,1503.281310143556
105031,Saketh Myneni,1503.1486178599318
103193,Peter Wessels,1503.1142132347527
108715,Nicolas Salama,1503.037481291598
200374,Nicolas Alvarez Varona,1503.0280143173052
123809,Ivan Gakhov,1502.9633616217022
104712,Israel Morales,1502.9410837819605
104958,Carsten Ball,1502.8219418450244
103553,Alun Jones,1502.6967148169206
103145,Amir Hadad,1502.6383965148596
124040,Colin Sinclair,1502.6264666324266
104695,Fritz Wolmarans,1502.595686025473
105952,Renzo Olivo,1502.5565107659986
104839,Yassine Idmbarek,1502.506143131743
102987,Andre Sa,1502.4383018043886
105081,Jean Michel Durango,1502.4276361364714
103739,Jose De Armas,1502.4161739639985
105905,Danilo Petrovic,1502.406848316259
105714,Hugo Nys,1502.2290280558013
104495,Florin Mergea,1502.164195101085
209870,Gunawan Trismuwantara,1501.947338774243
144799,Miguel Angel Este,1501.943238589333
103424,Tobias Clemens,1501.9195706120868
201995,Cayetano March,1501.8826485806546
202269,Justin Barki,1501.8781417009325
122554,David Jorda Sanchis,1501.6759614917617
104755,Richard Gasquet,1501.6570469041412
102985,Gustavo Marcaccio,1501.5983601458008
126530,Peter Bothwell,1501.5515395452935
104992,Syrym Abdukhalikov,1501.5112986894994
200550,Vladyslav Orlov,1501.472117813118
106045,Denis Kudla,1501.4222279575338
111426,John Morrissey,1501.2548853801889
104589,Chris Guccione,1501.2522186629244
102854,Sjeng Schalken,1501.209513814408
105300,Sergio Gutierrez Ferrol,1501.1878279534492
208518,Hazem Naw,1501.0872590260271
200460,John Bryan Decasa Otico,1501.0746233624525
103084,Guillermo Canas,1501.0676448570402
120792,M Abid Ali Khan Akbar,1501.0323534986278
104999,Mischa Zverev,1501.0279182635743
200553,Alen Avidzba,1501.0200734152315
103690,Marcin Matkowski,1500.951816986466
108767,Gonzales Austin,1500.830115465644
104008,Carlos Avellan,1500.7442659702585
106044,Nicolas Kicker,1500.7348091918923
105408,Soren Wedege,1500.6333480553164
106121,Taro Daniel,1500.6243395719425
144645,Zdenek Kolar,1500.4481697442636
208279,Alejandro Moro Canas,1500.428412807871
103666,Ilia Kushev,1500.3782548658075
106177,Oriol Roca Batalla,1500.3341463900376
106283,Mitchell Krueger,1500.3121003580998
200390,Kacper Zuk,1500.286616093953
104195,Simone Vagnozzi,1500.2450839141734
108776,Vimuktha De Alwis,1500.2352959432774
104113,Carlos Salamanca,1500.2021675945225
209867,Daniil Ostapenkov,1500.0917814853156
134120,Kuan Yi Lee,1500.0915932465768
102969,Sergei Yaroshenko,1500.0396711103408
105472,Nils Langer,1500.0343894473397
210308,Stylianos Christodoulou,1500.0338330211207
105428,Marcus Daniell,1500.0015352013493
103053,Nikos Rovas,1500
202065,Petros Tsitsipas,1499.9797966979986
106043,Diego Schwartzman,1499.8820502586598
104948,Petar Jelenic,1499.8762362864525
208364,Franco Roncadelli,1499.8671259695027
104677,Artem Sitak,1499.8603919009045
104661,Pierre Ludovic Duclos,1499.728609125865
104027,Pablo Gonzalez,1499.5830150116005
200259,Ugo Blanchet,1499.5730814426158
126209,Peter Bertran,1499.5032908183443
126663,Juan Pablo Ficovich,1499.439971351214
105404,Michael Mcclune,1499.416802164644
126156,Antoine Hoang,1499.3542376852517
200702,Sina Moghimi,1499.3046659082756
108979,Benito Jose Suriano,1499.3000635665146
105011,Illya Marchenko,1499.2932867017078
106085,Hamid Reza Nadaf,1499.2779848390244
102737,Gergely Kisgyorgy,1499.263693206478
212720,Juan Carlos Fuentes Vasquez,1499.263693206478
207834,Juan Alejandro Hernandez Serrano,1499.2077337682056
104209,Rainer Eitzinger,1499.207715881489
105948,Federico Coria,1499.1987956667356
104036,Simon Rea,1499.1108752960565
138846,Hong Kit Jack Wong,1499.0668199178047
106174,Gonzalo Lama,1499.0154101878543
106053,Philip Davydenko,1498.9995661334892
210460,Nishesh Basavareddy,1498.9319857222947
207973,Ainius Sabaliauskas,1498.8750397194883
108720,Eddy Chala,1498.8743285197213
108770,Nicholas Sayer,1498.8548206681714
209907,Viacheslav Bielinskyi,1498.8366955246506
106169,Vladyslav Manafov,1498.6140860824598
131951,Daniel Cukierman,1498.6126686016567
104489,Barry King,1498.6037862406408
208361,Gustavo Heide,1498.6037667102682
208223,Alvaro Guillen Meza,1498.5325875930166
123965,Rodrigo Banzer,1498.5127461423149
108950,Juan Andres Gomez,1498.4905505863712
209226,Adolfo Daniel Vallejo,1498.4430273466155
108942,Henry Estrella,1498.36843370734
105334,Luis David Martinez,1498.3477702565222
108728,Cheuk Wai Hui,1498.236552555057
127123,Mateus Alves,1498.1900575395769
206499,Aleksandar Kovacevic,1498.1549643892483
106393,Frederico Ferreira Silva,1498.1174318266378
104342,Matias Silva,1498.0374813618803
144923,Louis Wessels,1498.0178283913926
103882,Adrians Zguns,1497.8289142854155
120798,Hans Hach Verdugo,1497.7845354912479
209263,Matteo Gigante,1497.660396878032
105877,Emilio Gomez,1497.5281668100292
104402,Clement Morel,1497.509794957009
104250,Prakash Amritraj,1497.4908908811608
212051,Joaquin Aguilar Cardozo,1497.22067381465
104059,Rasmus Norby,1497.1807967328243
103632,Luis Horna,1497.156926221156
105060,Aldin Setkic,1497.1138602550864
105691,Scott Griekspoor,1497.076615588941
202122,Yuta Shimizu,1497.0310804367828
208021,Kyrian Jacquet,1497.0156383367053
209874,Maks Kasnikowski,1496.9310647103166
103305,Daniel Elsner,1496.888963371111
105325,Germain Gigounon,1496.8830112865885
105095,Evgeny Korolev,1496.8747286092232
208013,Dane Sweeny,1496.7595852256466
206716,Lukas Hellum Lilleengen,1496.755952387628
144973,Santiago Fa Rodriguez Taverna,1496.721094847046
200297,Aziz Ouakaa,1496.6918481358068
102179,Antony Dupuis,1496.555780584669
126504,Andrea Pellegrino,1496.5509744377525
208004,Harold Mayot,1496.550364637488
104415,Colin Fleming,1496.388873678239
106187,Denis Yevseyev,1496.3074657709208
105132,Jurgen Zopp,1496.2351993725915
105934,Chuhan Wang,1496.1119751883673
122078,Dmitry Popko,1496.069335094718
102344,Karol Kucera,1495.9934249261537
105651,Daniel Smethurst,1495.8577370561068
104901,Vladimir Ivanov,1495.841040216883
211346,Andres Martin,1495.7839899431247
105182,Antso Rakotondramanga,1495.7600986966386
104515,Mathieu Montcourt,1495.7511376951472
109686,Riccardo Bonadio,1495.7438948123759
144909,Francisco Cabral,1495.7175224837067
109640,Andrea Basso,1495.6490139324894
104640,Pablo Galdon,1495.6393382627423
108739,Wilfredo Gonzalez,1495.6030049877484
103505,Vasilis Mazarakis,1495.431422665969
108644,Patrick Chucri,1495.4039484833538
105775,Marin Draganja,1495.392105036713
126591,Jan Zielinski,1495.3340255773032
202197,Carlos Gimeno Valero,1495.2402263583508
105062,Mikhail Kukushkin,1495.133839723414
144870,Federico Agustin Gomez,1494.9762902231337
211776,Martin Landaluce,1494.843169290091
134518,Patrick Kaukovalta,1494.7387331476148
110476,Mousa Shanan Zayed,1494.724540556018
207494,Dalibor Svrcina,1494.6839989771427
212044,Yi Zhou,1494.5126339756073
102456,Felix Mantilla,1494.470085941736
103863,Mikhail Elgin,1494.4279701866258
104738,Caio Zampieri,1494.3211315234164
119506,Jean Segodo,1494.3010005399196
104908,Mikal Oliver Statham,1494.207244058905
105613,Norbert Gombos,1494.1936947888053
200310,Alexander Zgirovsky,1494.0482622874351
206589,Gabi Adrian Boitan,1494.0181863024868
126152,Ryan Shane,1493.9971119840386
103865,Prima Simpatiaji,1493.9226990723103
104361,Michel Koning,1493.9110509506074
105438,Inigo Cervantes Huegun,1493.819264958223
104804,Amir Weintraub,1493.7775490506222
105782,Enrique Lopez Perez,1493.7374248962913
207411,Jesper De Jong,1493.7247960439313
207660,Nicholas David Ionel,1493.679382438698
103794,Benjamin Becker,1493.6752807106498
200589,Sam Riffice,1493.6067057267944
202195,Maxime Cressy,1493.5740600300637
105490,Jui Chen Hung,1493.5478694667204
104921,Kirati Siributwong,1493.5241644332857
200274,Alex Diaz,1493.510294283641
145001,Evan Furness,1493.4877704129028
117357,Omar Jasika,1493.4374475343893
200343,David Szintai,1493.362716809317
104158,Andrew Anderson,1493.3282520744497
106074,Jung Woong Na,1493.31864514781
209120,Yassine Dlimi,1493.3142336852939
104920,Denys Molchanov,1493.295894245487
200265,Ulises Blanch,1493.175171356121
209914,Andreja Petrovic,1493.101312369227
105436,Markus Eriksson,1493.000308541684
109520,Herkko Pollanen,1492.9963830146366
106158,Suk Young Jeong,1492.9757429988235
103747,Dominik Meffert,1492.9605061277887
103646,Lars Uebel,1492.8937125447421
104595,Sascha Kloer,1492.850299943457
105591,Matt Reid,1492.7835055508356
144946,Rayane Roumane,1492.7270058674067
104299,Hiu Tung Yu,1492.6511892478802
103153,Gilles Elseneer,1492.6030051962107
202168,Ye Cong Mo,1492.5447672731023
202075,Adria Soriano Barrera,1492.5437049816928
106066,Victor Baluda,1492.5117169902567
103718,David Martin,1492.5027711074551
106031,Raymond Sarmiento,1492.5002447558177
109303,Stefano Napolitano,1492.4997116744646
104275,Josko Topic,1492.494102594186
104579,Romain Jouan,1492.4685957507486
103318,Zeljko Krajan,1492.4244538933501
104739,Guillermo Alcaide,1492.3745380538776
207663,Nikolas Sanchez Izquierdo,1492.2298136017637
105501,Akash Wagh,1492.2064029029066
200075,Yshai Oliel,1492.2026729855845
102770,John Van Lottum,1492.1578021865564
103735,Lovro Zovko,1492.1523601191623
103763,Martin Slanar,1492.1448786607336
105288,Guillermo Rivera Aranguiz,1492.1304838082751
125574,Soteris Hadjistyllis,1492.080407300857
103254,Yves Allegro,1491.9655680383687
200125,Mykyta Mashtakov,1491.904433367951
105147,Tatsuma Ito,1491.899296728531
105084,James Lemke,1491.8967692477493
206748,Giulio Zeppieri,1491.850606590629
126206,Alex Rybakov,1491.774452049034
123983,Nerman Fatic,1491.667280827748
103770,Kevin Sorensen,1491.5989895586606
208653,Isaac Becroft,1491.5696364483154
208117,Adam Neff,1491.5381329935503
105336,Nicolas Meister,1491.5361687157194
210686,Michael Agwi,1491.5330458708665
103521,Andrea Stoppini,1491.4567545344348
212718,Heve Kelley,1491.445900568127
200516,Patrick Kypson,1491.4062990667007
105590,Uladzimir Ignatik,1491.39262289565
103427,Yew Ming Si,1491.3795547693153
104516,Arnau Brugues Davi,1491.3790205535306
104393,Gregoire Burquier,1491.228062971782
122687,Rodrigo Senattore,1491.162438383935
104371,Ivo Minar,1491.08410191628
105930,Daniel Kosakowski,1491.0608154969784
104465,Martin Emmrich,1491.0070369136981
104281,Ryler Deheart,1491.000396502565
126535,Carlos Taberner,1490.9985937368258
202398,Michael Vrbensky,1490.9469296195089
126208,Yusuke Takahashi,1490.9314403151018
208597,Chak Lam Coleman Wong,1490.8995719145416
106380,Gonzalo Villanueva,1490.8859361317332
103408,Brian Vahaly,1490.8250197258737
210464,Darwin Blanch,1490.7961847667775
104967,Alexander Sadecky,1490.7784409690169
200266,Javier Barranco Cosano,1490.600061279465
104227,Augustin Gensse,1490.509058895522
208353,Francesco Maestrelli,1490.5014849157437
212038,Karam Hatamleh,1490.4055846697552
105311,Joao Sousa,1490.28652206894
102851,Giorgio Galimberti,1490.2599533956911
144652,William Blumberg,1490.2255013499973
104919,Leonardo Mayer,1490.1500104394354
106311,Marko Tepavac,1490.0282910419276
104122,Carlos Berlocq,1490.0165067908097
144984,Artem Dubrivnyy,1490.0067952082115
105999,Bowen Ouyang,1489.965533234951
212733,Matthew Forbes,1489.9579779178914
105175,Kristijan Mesaros,1489.8878534145076
106374,Filip Veger,1489.8273395010433
105116,Dusan Lojda,1489.8212755030495
103925,Gabriel Moraru,1489.8001061689474
124063,Santiago Maresca,1489.688700783361
207531,Caleb Chakravarthi,1489.639199117708
106348,Evgeny Karlovskiy,1489.568740047897
207386,Finn Reynolds,1489.5629062484381
110751,Sebastian Fanselow,1489.5466169597314
105163,Gleb Sakharov,1489.5048167573245
105201,Marc Abdulnour,1489.5019822606237
105751,Roberto Ortega Olmedo,1489.4881230916928
200621,Bruno Britez,1489.4638162742747
123755,Daniel Elahi Galan,1489.4437835052715
104993,Martin Vaisse,1489.3986055746373
105933,Roberto Quiroz,1489.370675661532
105671,Gastao Elias,1489.2919777289148
104979,Andrey Golubev,1489.2825321109271
200335,Felipe Meligeni Alves,1489.2682063032582
102860,Agustin Calleri,1489.263755077647
105080,Miloslav Mecir Jr,1489.2612511741456
105609,Ilya Belyaev,1489.2010029779128
207457,Wojciech Marek,1489.1699496025021
105565,Ya Nan Ma,1489.1071995527784
207839,Yousaf Khalil,1489.0667833528978
105128,Guillermo Olaso,1489.0135703355388
208169,Titouan Droguet,1489.004511915593
210494,Theo Papamalamis,1488.9607075148656
104226,Bastian Knittel,1488.9454619907692
105207,Andrei Daescu,1488.9374026275966
210535,Maxim Shin,1488.9327529596303
105077,Albert Ramos,1488.909694277504
102834,Paul Goldstein,1488.8125651697287
127570,Rodrigo Arus,1488.8079899554566
106203,Pedro Sakamoto,1488.7909865261367
106261,Dennis Novikov,1488.7601126292082
105692,Alessandro Bega,1488.7470284305077
109699,Julian Lenz,1488.6973673652528
200336,Trent Bryde,1488.6793433369596
104211,Roman Valent,1488.6720237512616
105596,Jan Satral,1488.6467899195893
208852,Stefanos Sakellaridis,1488.591391664834
105874,Albano Olivetti,1488.569662709762
144813,Benjamin Hannestad,1488.5677278880573
202475,Philip Henning,1488.5347228075282
117352,Oliver Anderson,1488.4890700527003
106430,Patrick Ciorcila,1488.4278026031723
105842,Di Wu,1488.3513336909102
103250,Rodolphe Cadart,1488.3354837448412
126533,Alvaro Lopez San Martin,1488.3316835152873
200647,Sho Shimabukuro,1488.3120145341716
105281,Eric Quigley,1488.2318932945343
103682,Kyu Tae Im,1488.1694777432301
132028,Justin Lunn,1488.1687017519675
103465,Paul Logtens,1488.0637826913016
144817,Marc Andrea Huesler,1488.0236964190012
105917,Gianni Mina,1488.02260674567
105259,Andrei Karatchenia,1487.9542441278584
211415,Cole Gromley,1487.9279164782354
105882,Stefano Travaglia,1487.9046945784742
208882,Roman Andres Burruchaga,1487.7861665380465
103104,Bjorn Rehnquist,1487.7541406384075
200214,Alan Fernando Rubio Fierros,1487.7428937594918
105539,Evgeny Donskoy,1487.720899841629
210250,Erik Arutiunian,1487.7059304089653
105630,Tomislav Ternar,1487.6867215084067
125782,Kasparas Zemaitelis,1487.655482830298
133979,Hasan Ibrahim,1487.6205901625472
122082,Francisco Yim Kim,1487.520174740974
126185,Evgenii Tiurnev,1487.4822318926838
122471,Danylo Kalenichenko,1487.4631602618
105063,Andrea Arnaboldi,1487.451395122698
103356,Michel Kratochvil,1487.421545006856
208108,Brian Shi,1487.4168907497165
104179,Bruno Echagaray,1487.4162734114389
122279,Romain Bogaerts,1487.3756559264157
105072,Sanam Singh,1487.36958243491
103205,Emilio Daniel Baez Britez,1487.3277842873788
208859,Francesco Passaro,1487.3156290240952
111156,Nathan Pasha,1487.28761445261
103103,Dominik Hrbaty,1487.2656515922679
133301,Giovani Samaha,1487.1647835636381
207401,Sheil Kotecha,1487.164734215393
126573,Thomas Fancutt,1487.1119540257516
211572,Tegar Abdi Satrio Wibowo,1487.0860514976282
106269,Austin Smith,1487.0603893740197
105100,Edward Corrie,1487.0236627769928
202400,Alastair Gray,1486.9673063394052
108685,Frederick Sletting Johnsen,1486.9255857728735
104822,N Vijay Sundar Prashanth,1486.8987701409612
126526,Soren Hess Olesen,1486.82180325216
105871,Sekou Bangoura,1486.8101180435888
106335,Alexios Halebian,1486.6815996507146
208476,Kyle Johnson,1486.6637699621197
105529,Carlos Gomez Herrera,1486.642062957294
108970,John El Khoury,1486.6128567309047
105935,Duilio Beretta,1486.6026103878348
134840,Raul Brancaccio,1486.5822722873882
200181,Amer Naow,1486.5742247085172
104842,Salifu Mohammed,1486.5013074647404
110636,Clay Thompson,1486.4913615180942
211458,Nathan Anthony Barki,1486.482480319612
200307,Tao Mu,1486.413247050184
108741,Mohd Assri Merzuki,1486.4086322379887
105502,N Sriram Balaji,1486.372674986535
122260,Jaan Kononov,1486.2147515387398
106220,Dimitar Kuzmanov,1486.1546649414183
200526,Juan Lugo,1486.1530110577996
108920,Federico Rodriguez,1486.130088718727
104412,Matt Simpson,1486.1011558171595
103829,Cristian Paiz,1486.0934347357834
104228,Guillem Burniol,1486.085530297984
108988,Mohamed Redha Ouahab,1486.0785549556301
104014,Lee Childs,1486.0671706362714
212082,Joel Schwaerzler,1486.0627850076346
103623,Jacob Adaktusson,1486.0512027888435
105641,Blaz Rola,1485.9673285055928
210202,Rodrigo Pacheco Mendez,1485.9426435407738
103830,Shao Xuan Zeng,1485.9059266959266
209238,Sebastian Dominguez,1485.8498161415637
200279,Osgar Ohoisin,1485.8472210035725
108997,Clint Bowles,1485.7750429097448
102388,Simon Aspelin,1485.765107764339
104484,Lawal Shehu,1485.7421555435435
102497,Mashiska Washington,1485.7403123898018
108344,Tai Wei Liu,1485.7099865400717
104684,Navdeep Singh,1485.6460837361467
210740,Liam Krall,1485.5862723795476
105026,Takuto Niki,1485.584426185354
210178,Juan Carlos Prado Angelo,1485.5705756476943
104952,Martin Pedersen,1485.5613131088048
126143,Andreas Bjerrehus,1485.5383156601035
102740,Francisco Rodriguez,1485.507548265008
105634,Viktor Galovic,1485.5023184923298
108698,Slah Mbarek,1485.5021376936993
106321,Xin Gao,1485.469402959261
103984,Julien Mathieu,1485.4588550494107
102963,Robert Lindstedt,1485.4444290017773
119511,Loic Didavi,1485.3642035840926
111186,Syed Mohd Agil Syed Naguib,1485.3515618061924
103805,Catalin Gard,1485.3494087847787
202359,Marvin Moeller,1485.3453359712746
209259,Arthur Fery,1485.321770171013
103565,Stephane Robert,1485.298012146167
104439,Vadim Davletshin,1485.28977740193
106165,Diego Hidalgo,1485.2875974250833
105103,Pavel Katliarov,1485.2794100478309
105269,Marcelo Demoliner,1485.2698414521535
134507,Tom Diederich,1485.268786220649
103626,Tomas Tenconi,1485.2638705806269
108702,George Kallis,1485.257676453888
207395,Lleyton Cronje,1485.2272555243546
209294,Diego Duran,1485.226764104264
105783,Chase Buchanan,1485.2170242984703
207421,Alex Fairbanks,1485.1696092354077
104470,Komlavi Loglo,1485.1222011335387
108737,Marco Antonio Rojas,1485.11352966082
104627,Boy Westerhof,1485.0737186958622
106034,Yasutaka Uchiyama,1485.065941632152
103582,Michael Berrer,1485.0579573998275
200247,Alexandar Lazarov,1485.0456318268857
108591,Adam Jaya,1485.0334929352596
105938,Antoine Escoffier,1485.0268431332179
108948,Alexandr Zotov,1485.0198678541894
104161,Tomislav Peric,1484.9595080535744
200572,Nick Hardt,1484.9534757347403
136704,Manuel Castellanos,1484.9533145320584
102585,Sebastian Prieto,1484.95021624105
212037,Amir Milushev,1484.9146262178665
102405,Mahesh Bhupathi,1484.908223552441
210039,Orel Kimhi,1484.8874260784899
104317,David Luque Velasco,1484.871318316621
108722,Demetrios Leontis,1484.8470675113515
103286,Yohny Romero,1484.8410651891372
104971,Blake Strode,1484.8334930470671
104488,Armin Sandbichler,1484.817432988808
108966,Igor Chaldounov,1484.8030582780493
200271,Egor Matvievici,1484.7902465635134
103956,Stefan Wauters,1484.7685818980626
104287,Steven Korteling,1484.7598200093078
105261,Roberto Maytin,1484.7583399466366
103182,Markus Hipfl,1484.7507230308324
108968,Jason Sankey,1484.7365211931785
108912,Janis Skroderis,1484.736306793522
108955,Elvis Henry,1484.736306793522
108788,Jose Perdomo,1484.7361324009325
108725,Sid Ali Akkal,1484.7297913476104
144927,Siddharth Vishwakarma,1484.7212495025005
105419,Patricio Alvarado,1484.7054144095177
108937,Mikk Irdoja,1484.7024671725246
211573,Lucky Candra Kurniawan,1484.7024671725246
212970,Jack Cheng,1484.7007228288653
121366,Abdulhamid Mubarak,1484.700531222209
105655,Hiroki Moriya,1484.6973537566644
134854,Irakli Metreveli,1484.6919006451783
108773,Julius Gotovskis,1484.673137243386
209873,Eric Jr. Olivarez,1484.6632298184034
200484,Rudolf Molleker,1484.6584073442384
106425,Blake Mott,1484.655849505138
200116,Camilo Ugo Carabelli,1484.6548082187242
108750,Adrian Forberg Skogeng,1484.6490324478336
108775,Aymeric Mara,1484.6358030212848
103822,Scott Lipsky,1484.6353156796847
105512,Alexander Sarkissian,1484.6293765889468
208118,Eliot Spizzirri,1484.6019239588277
205695,Ching Lam,1484.5802808905892
108774,Marco Aurelio Nunez,1484.5800171262297
105059,Kento Takeuchi,1484.5689460618676
103114,Martin Lee,1484.5472009275181
108726,Dominic Pagon,1484.5357273014215
105245,Fabiano De Paula,1484.504999765717
200368,Jack Mingjie Lin,1484.3699998267107
104775,Adam Kellner,1484.3613598188845
105819,Guido Andreozzi,1484.342878604612
104917,Anas Fattar,1484.3138431523555
106292,Hernan Casanova,1484.304719307614
105941,Felipe Rios,1484.2972816314634
110754,David Vega Hernandez,1484.2772972283974
103032,Francisco Fogues,1484.2201745487212
103238,Jean Claude Scherrer,1484.1909715119125
106180,Spencer Newman,1484.168744875079
134087,Johannes Ingildsen,1484.1586460537585
102696,Guillaume Couillard,1484.134181949922
121971,Duilio Vallebuona,1484.1242593993466
105294,Dennis Lajola,1484.1021225306163
108923,Wahib Maknieh,1484.0701358364208
132566,Dmitrii Baskov,1484.056672482307
209872,Thehan Sanjaya Wijemanne,1484.0536506512194
108981,Luis Javier Cuellar Contreras,1484.0418797280731
106238,Andres Artunedo Martinavarro,1484.030487520729
108769,Johann Coles,1484.029273266317
103226,Walid Jallali,1484.0175600600621
104558,Mohammed Abdulla,1484
101855,Emmanuel Heussner,1484
108934,Thomas Drouet,1484
108602,Alti Vahkal,1484
108936,Oskar Saarne,1484
104531,Sergio Ramirez,1484
108938,Charles Irie,1484
108943,Augusto Ricciardi Castelli,1484
103230,Tasuku Iwami,1484
102655,Jimy Szymanski,1484
108954,Carlos Alvarez,1484
108963,Mohammed Faizal Bin Othman,1484
108965,Muhd Ashaari Bin Zinal Abidin,1484
108914,Rachid Baba Aissa,1484
108951,Leonardo Ramirez,1484
104888,Martin Rmus,1484
104208,Damian Patriarca,1484
102864,Frank Moser,1484
104613,Candy Idoko,1484
108694,Jason Engelhardt,1484
101779,Pavel Vizner,1484
108700,Revaz Osadze,1484
105003,Wan Gao,1484
108716,Amaury Gomez,1484
108723,Alexander Tavkhelidze,1484
108745,Gino Meeuwsen,1484
108771,Romain Radwan,1484
108777,Jae Min Seol,1484
108787,Carlos Taborga,1484
121648,Tunde Segodo,1484
144777,Constantinos Ioannides,1484
123773,Giorgi Javakhishvili,1484
110596,Fred Simonsson,1484
207971,Xavier Lawrence,1484
106333,Julien Cagnina,1484
122236,Roman Hassanov,1484
200483,Peter August Anker,1484
200401,Amir Hossein Badi,1484
106396,Cheng Yu Yu,1484
206000,Michel Saade,1484
207400,Mark Chigaazira,1484
207479,Soufiane El Mesbahi,1484
206642,Yassir Kilani,1484
126328,Gabriel Donev,1484
202246,Nikoloz Davlianidze,1484
206199,Kevin Cheruiyot,1484
207826,Siim Troost,1484
208317,Roey Tabet,1484
212041,Jacob Bicknell,1484
209280,Devin Badenhorst,1484
212040,Daniel Azar,1484
149284,Jose Flores,1484
208206,Walid Ahouda,1484
212719,Matavao Fanguna,1484
212203,Luca Preda,1484
207788,Thanapet Chanta,1484
212722,Kwok Shun Dasson Chan,1484
105621,Min Kyu Song,1484
103964,Tobias Klein,1483.98922856257
108713,Julen Uriguen,1483.9817712166532
200525,Abdulrahman Alawadhi,1483.9624216628813
123814,Markus Kerner,1483.9343693836154
104438,Oscar Rodriguez Sanchez,1483.9292662610885
108709,Dario Acosta,1483.927716158828
207934,Philip Hjorth,1483.9161130948132
108714,Christian Saravia,1483.9009045460457
108729,Hassan Al Mousa,1483.8954927256075
108707,Cesar Escobar Serrano,1483.8928025680332
103063,Sebastien De Chaunac,1483.869389224221
106138,Yaraslav Shyla,1483.8099066837774
105442,Sebastien Vidal,1483.779365405664
105479,Alejandro Mendoza,1483.7549190112684
106199,Darius Florin Bragusi,1483.726424804692
108969,Antoine Breikeh,1483.6920176560852
207132,Ki Lung Ng,1483.6890721222912
122635,Alexander Merino,1483.6831015786743
202130,Emil Reinberg,1483.6613815716694
200622,Hernando Jose Escurra Isnardi,1483.6502000854296
103643,Lauri Kiiski,1483.6501283779178
138431,Darko Bojanovic,1483.6386714299058
104963,Yannick Mertens,1483.6184124100673
103403,Takahiro Terachi,1483.6106979126453
212866,Marcos Lee Chan Baratau,1483.604435085177
104191,Ismar Gorcic,1483.588502758693
105220,Jun Chao Xu,1483.5759930636566
103467,Victor Bruthans,1483.5402806090967
202300,Phuong Van Nguyen,1483.53834486484
105960,Evan King,1483.5296422829038
105963,Arthur De Greef,1483.5189638869654
108901,Zibusiso Ncube,1483.5147192091972
104781,Yuichi Ito,1483.4948502253853
104473,Walter Trusendi,1483.489610192469
104149,Adrian Cruciat,1483.4829349277582
208182,Saba Purtseladze,1483.479478232275
104672,Vincent Millot,1483.4426635210784
108759,Sami Ghorbel,1483.3945528625288
103878,Zach Dailey,1483.384393729266
210053,Luka Mikrut,1483.3767922063746
105440,Arsenije Zlatanovic,1483.3759392682466
108738,Claudio Dias Conduto,1483.3745707091437
105830,Hicham Khaddari,1483.3704820209357
108614,Raoul Behr,1483.3622840650144
108984,Henry So,1483.3483648037093
103748,Jan Minar,1483.324209613952
144774,William Kirkman,1483.3184426773303
104011,Lefteris Alexiou,1483.3128163344677
207881,Raul Garcia,1483.297756495468
103290,Radim Zitko,1483.29138049464
108612,Sergei Cuptov,1483.2900246012825
108719,Nemanja Kontic,1483.2876213196823
122513,Andrei Soltoianu,1483.2797084293616
207972,Minjong Park,1483.2779537001936
122261,Marek Marksoo,1483.2696703701085
104456,Colin Ebelthite,1483.2671493723797
108926,David Kvernadze,1483.263693206478
108935,Marius Tangen,1483.263693206478
103963,Filip Urban,1483.263693206478
108957,Jorge Villanueva,1483.263693206478
108971,Georgio Bedran,1483.263693206478
103994,Philip Riise Hansen,1483.263693206478
108689,Goran Bosalevski,1483.2609668000507
123315,Nicholas Campbell,1483.2323617581026
127195,Hamza Karmoussi,1483.2298601853572
145022,Nour Nehme,1483.2167774062275
124023,Hei Yin Andrew Li,1483.2142100962442
200583,Delmas Ntcha,1483.2068140827942
103975,Eric Nunez,1483.1961770197822
200619,Sebastian Arcila,1483.1772171381808
120270,Edgars Manusis,1483.1769851012218
207976,Lluis Miralles,1483.168676737811
108684,Mehdi Bouabbane,1483.1624196663206
206889,Clement Chidekh,1483.1590583975803
104188,Diego Camacho,1483.1496795687717
104707,Denis Matsukevitch,1483.1405713200616
210025,Branko Djuric,1483.1394052484163
104099,Israel Matos Gil,1483.0998953661494
105401,Matteo Trevisan,1483.0956144589688
111444,Karim Hossam,1483.0708283806407
208122,Thabo Ncube,1483.0690057180334
104953,Nikolai Fidirko,1483.0147180083113
104681,Sebastian Rieschick,1482.955210955638
102826,Muhammad Khaliq Siddiq,1482.9358709383025
144896,Hao Sheng Koay,1482.917861411625
105427,Milos Sekulic,1482.9162731895233
104646,Purav Raja,1482.892075350911
144841,Christian Sigsgaard,1482.8793963191283
210136,Mark Lajal,1482.839393829831
105341,Thomas Fabbiano,1482.8388205219449
125783,Magloire Yakpa,1482.825284795809
104942,Roman Recarte,1482.8230460345974
104679,Jamie Murray,1482.8195503022062
103762,John Paul Fruttero,1482.7889523059175
104037,Phillip Harboe,1482.7801689076002
108987,Rihards Emulins,1482.721079863224
104504,Ross Hutchins,1482.7208307624821
103921,Sonchat Ratiwatana,1482.7202520422336
105521,Juan Sebastian Vivanco,1482.7061998819217
206768,Rafael Eduardo Gonzalez Retana,1482.6903882220936
108967,Vitaliy Pavlov,1482.6287986331083
108712,Brandon Burke,1482.6236994341298
145003,Lucas Andriamasilalao,1482.5893811068252
106288,Mathias Bourgue,1482.58179003699
106420,Gianluigi Quinzi,1482.5573036243863
210382,Maximus Jones,1482.5353348217063
210249,Gillian Osmont,1482.518884756259
207176,Muhammad Althaf Dhaifullah,1482.4312627938725
104743,Kamil Capkovic,1482.3751814104348
105120,Andres Molteni,1482.3462794604568
103949,Ivan Cerovic,1482.2879739395187
103472,Karim Maamoun,1482.231973841489
104236,Rouzbeh Kamran,1482.223702999873
211768,Manas Dhamne,1482.2154990039119
202165,Alberto Lim,1482.1757865229647
111192,Lucas Miedler,1482.1621958829023
207129,Yanki Erel,1482.159694560658
108710,Shendrit Deari,1482.159489505177
108996,Mahmoud Nader Al Baloushi,1482.088595928589
104830,Matteo Marrai,1482.060202887641
126237,Gian Marco Moroni,1482.055173840324
207785,George Loffhagen,1481.9843366850855
105821,Riccardo Bellotti,1481.9548303337372
105048,Alex Clayton,1481.9481902693012
105711,Dino Marcan,1481.9217587174974
104718,Luis Diaz Barriga,1481.8859861814906
108941,Damar Johnson,1481.8282998451527
104283,Minh Quan Do,1481.80674020705
106228,Juan Ignacio Londero,1481.7898063984685
104022,Mikhail Youzhny,1481.7799295592818
103544,Andy Ram,1481.7248577527896
104863,Olivier Sajous,1481.700595674418
108588,Asim Shafik,1481.687202083735
200188,Matteo Martineau,1481.6250253114022
105252,Takahiro Ittogi,1481.6112401839575
104082,Hiroki Kondo,1481.520409080461
104284,Frank Condor,1481.4971761077813
105888,Toni Androic,1481.4866660587554
126681,Dawood Sayed Hashim,1481.4409120111595
208937,Kasidit Samrej,1481.4017346867072
200095,Nicola Kuhn,1481.373468325203
103653,Jasper Smit,1481.3676288070735
102282,Tetsuya Chaen,1481.3494669279523
209403,Faris Zakaryia,1481.3248170509871
102802,Gunther Darkey,1481.31129981568
104334,Alberto Brizzi,1481.260731694562
102287,Albert Portas,1481.2051891251715
202260,Henri Squire,1481.2008777272417
104932,Kenny De Schepper,1481.1905339225875
104519,Roman Vogeli,1481.188360160215
104106,Ludovic Walter,1481.147663073801
208367,Dimitri Badra,1481.1223401720883
102830,Paulo Carvallo,1481.1141776456855
207415,Daniel Michalski,1481.0675437313369
104693,Dominic Inglot,1481.0284271491882
209871,Amr Elsayed Abdou Ahmed Mohamed,1481.0065304724785
102110,Daniel Nestor,1480.902344522458
104385,Lars Poerschke,1480.8732646676042
108727,Tyler Chin,1480.873004543175
211902,Henry Searle,1480.8410099301884
104875,Denes Lukacs,1480.8336426311873
103754,Mark Hilton,1480.7769712257198
108976,George Chantouria,1480.6230125460131
104857,Robert Farah,1480.5956499672775
105233,Jeevan Nedunchezhiyan,1480.420591231037
105730,Devin Britton,1480.384875651543
104446,Dinko Halachev,1480.3239581729185
104192,Marco Crugnola,1480.2680120386858
105169,Jean Andersen,1480.1751953889045
103924,Marc Fornell Mestres,1480.097353472554
209225,Martin Antonio Vergara Del Puerto,1480.084261304481
102885,Vishal Uppal,1480.075682646051
103851,Conor Niland,1480.0590662937764
109529,Quang Huy Ngo,1480.0117790185066
104896,Bruno Agostinelli,1479.9238880291462
103076,Justin Oneal,1479.904047404098
108956,Jesus Francisco Felix,1479.8644055934888
105284,Tuna Altuna,1479.8316513985408
105065,Tim Smyczek,1479.6954516164292
208043,Ismael Changawa Ruwa Mzai,1479.5440799827454
126609,Patrik Niklas Salminen,1479.5075121266566
103630,Martijn Van Haasteren,1479.3688824445358
126102,Nicolae Frunza,1479.338140524045
207587,Martins Rocens,1479.2903733045746
105189,Pavel Chekhov,1479.265304464891
209976,Dino Prizmic,1479.1600124985575
105262,Fernando Romboli,1479.1494019208506
208071,Oleksii Krutykh,1479.1089365577086
103837,Didac Perez,1479.1052024959781
104820,Erik Chvojka,1479.034865672428
103339,Wesley Whitehouse,1478.9827671164426
104437,Dekel Valtzer,1478.9826704493682
103185,Mike Bryan,1478.9132353503303
104667,Philipp Oswald,1478.8974043420167
105014,Antal Van Der Duim,1478.7681372568006
200473,Valentin Vacherot,1478.7120405334254
208293,Gonzalo Bueno,1478.6942184844838
106057,Facundo Mena,1478.602384256002
126204,Gerardo Lopez Villasenor,1478.597715359582
124013,Eduardo Nava,1478.511606250141
103722,Florent Serra,1478.4527720111475
104173,Sam Warburg,1478.1758877297023
106247,Nik Razborsek,1478.145732482439
149843,Conor Gannon,1478.1426226326305
123768,Collin Altamirano,1478.0991814596798
105278,Alexis Klegou,1477.9716861730212
209866,Karlis Ozolins,1477.8808329704232
202382,Simen Sunde Bratholm,1477.8539324283845
102512,Joseph Sirianni,1477.7985308322466
103577,Christopher Kas,1477.786990530952
105585,Ze Zhang,1477.6610834129606
106252,Joao Pedro Sorgi,1477.6551444006193
104975,Evgeny Kirillov,1477.649968610682
103455,Michal Mertinak,1477.4655037484524
105587,Tom Kocevar Desman,1477.2912106429721
104856,Min Hyoek Cho,1477.2897486012798
106398,Pedro Cachin,1477.1539953950416
102538,Tuomas Ketola,1477.1201381287538
125842,Adam Moundir,1477.0072140390084
211451,Gilles Arnaud Bailly,1476.836924471522
108780,Lofo Ramiaramanana,1476.795719957384
108766,Samir Iftikhar,1476.7708105432994
126283,Yunseong Chung,1476.769130111313
200418,Karl Friberg,1476.7316159039888
209890,Mili Poljicak,1476.7137200677441
102610,Albert Costa,1476.6679737371892
111578,Stefan Kozlov,1476.6531781354815
105759,Henrik Sillanpaa,1476.6077979406127
105161,Yann Marti,1476.557306820584
144826,Aziz Dougaz,1476.5157809066998
126177,Strong Kirchheimer,1476.4400226379687
103864,Mohamed Mamoun,1476.4355930818547
105707,Nicolaas Scholtz,1476.3889368345497
105589,Gerald Melzer,1476.3376139210877
210696,Alexander Blockx,1476.2835216443468
104591,Patrick Tierro,1476.2548531516757
106391,Adrian Bodmer,1476.2493870784674
111511,Noah Rubin,1476.2430648107031
106290,Filip Peliwo,1476.231014766796
105101,Blazej Koniusz,1476.1599334681032
106388,Pak Long Yeung,1476.0393948903525
105367,Daniel Alejandro Lopez Cassaccia,1475.92195755782
105717,Tzvetan Mihov,1475.91946760957
209262,Tristan Schoolkate,1475.8926542630352
108980,Luis Delgado,1475.6390200165931
104692,Alexander Slabinsky,1475.6211882235318
103775,Felipe Parada,1475.6055241741756
105515,Jordi Samper Montana,1475.500551033344
104702,Michael Leong,1475.400651744929
103782,Rameez Junaid,1475.3784285331342
106227,Ji Sung Nam,1475.355510783351
207277,Illia Biloborodko,1475.3310252150748
105987,Mikhail Biryukov,1475.3248459073855
103151,Mariano Zabaleta,1475.1529310352125
200277,Charles Broom,1475.1100065108742
104377,Theodoros Angelinos,1475.0537928947697
103663,Matias Boeker,1474.9776424941317
123828,Jan Choinski,1474.928119955275
126627,Johan Nikles,1474.8479009448504
109054,Daniel Masur,1474.8114616376781
102202,Kenneth Carlsen,1474.7918693535908
104986,Vishnu Vardhan,1474.7610362800792
103080,Paul Hanley,1474.7261211668776
104996,Alexander Blom,1474.5236372859042
104729,Ivan Nedelko,1474.5003801535277
105471,Cesar Ramirez,1474.3984944742658
108909,Jalil Khan,1474.3770885029458
210753,Matic Kriznik,1474.2857901052048
105426,Michael Linzer,1474.1693726704098
102811,Dusan Vemic,1474.0581415155652
102956,Sultan Khalfan,1473.97697684555
206600,Zura Tkemaladze,1473.8907860516197
111506,Maxime Hamou,1473.8806509634917
102843,Suwandi Suwandi,1473.846704563639
105551,Anil Yuksel,1473.7799466139636
108962,Razlan Rawi,1473.7514119322668
200666,Jie Cui,1473.6968362073142
102945,Luke Bourgeois,1473.6286161643088
144807,Kenneth Raisma,1473.471830564465
103737,Edgardo Massa,1473.3882012747763
102382,Julian Knowle,1473.384201770836
103716,Uros Vico,1473.3420820025378
200240,Vit Kopriva,1473.2048600697708
110778,Joao Menezes,1473.1766276047035
105448,Hsien Yin Peng,1473.1727430710707
144940,Mattias Siimar,1473.1357512555614
103444,Jean Rene Lisnard,1473.114027765959
103530,Zack Fleishman,1473.0926779074314
105016,Serguei Tarasevitch,1473.0497473229461
144751,Rigele Te,1473.046981903345
202090,Adrian Andreev,1472.9607716585797
105292,Alejandro Gonzalez,1472.9414716725294
108743,Rajeev Rajapakse,1472.9170273907275
105104,Robin Roshardt,1472.8543464039847
122047,Luciano Ramazzini,1472.7797551801743
103908,Paul Henri Mathieu,1472.7713065192208
104272,Torsten Popp,1472.7309870335994
110536,Kevin King,1472.697702433438
104378,Yordan Kanev,1472.6730160747848
103969,Roman Borvanov,1472.54619185563
104700,Daniel Vallverdu,1472.536787739356
105967,Henri Laaksonen,1472.5152781884765
104802,Fabrice Martin,1472.3865872056979
208260,Zachary Svajda,1472.3546117682247
121896,Gabor Borsos,1472.22206679803
104732,Phillip Simmonds,1472.2212943806092
121331,Pablo Nunez,1472.07443691857
104945,James Mcgee,1472.0597024623382
111806,Fajing Sun,1471.9967665443473
103437,Francesco Piccari,1471.9890331366066
105148,Hsin Han Lee,1471.9749961875134
125803,Daniel Windahl,1471.9540200351591
105561,Alessandro Giannessi,1471.9107091701912
103252,Alberto Martin,1471.8605369148788
104251,Ti Chen,1471.8473264570905
103206,Sebastien Grosjean,1471.844490293039
105359,Jason Jung,1471.8430140382789
123961,Murkel Alejandro Dellien Velasco,1471.7865570133574
108734,Fredrik Ask,1471.745283979258
105270,Maxime Teixeira,1471.6375285860172
144748,Kris Van Wyk,1471.5959078525404
123915,Arturs Lazdins,1471.4874091922213
207759,Matthew Foster Estwick,1471.4801265852605
103296,Ivaylo Traykov,1471.4571861779207
103050,Shahab Hassani Nafez,1471.4136629625375
103668,Lazar Magdincev,1471.2970353916817
104893,Maxime Authom,1471.2838969311706
202316,Dac Tien Nguyen,1471.2463435203822
102667,Satoshi Iwabuchi,1471.2183393313142
104890,Andreas Haider Maurer,1471.1969821255705
108760,Slim Hamza,1471.1174630414669
200672,Sergey Fomin,1471.0792588482238
106324,Vaclav Safranek,1471.055274849437
207794,Younes Lalami Laaroussi,1471.0265981368675
124022,Chun Hun Wong,1471.0105649829397
104136,Santiago Gonzalez,1470.9356347540638
200587,Brandon Holt,1470.8551607042743
103077,Konstantinos Economidis,1470.814550935706
103852,Feliciano Lopez,1470.7677608902327
109698,Christoffer Konigsfeldt,1470.7488102534853
111751,Andres Bucaro,1470.6543684405137
210680,Clement Mainguy,1470.6174252556282
105305,Valentin Dimov,1470.5735240691733
104181,Victor Ionita,1470.518168075188
104934,Thomas Kromann,1470.4979826479475
104951,Aljoscha Thron,1470.4271154054109
104654,Baris Erguden,1470.4050889136395
101965,Wayne Ferreira,1470.383058794396
104445,Jose Antonio Sanchez De Luna,1470.292335265927
104778,Andrey Kumantsov,1470.282587290707
108697,Mahmoud Ezz,1470.2806371283036
108765,Jean Marc Bazanne,1470.2631269896917
108703,Eleftherios Christou,1470.185522388475
144687,Quinton Vega,1470.1456889108163
126409,Hugo Grenier,1470.1435357486462
104140,Dawid Olejniczak,1470.0897126593447
103905,Ricardo Chile Fonte,1470.0807241003024
209405,Daniel Rincon,1470.0535244533553
103803,Ashkan Shokoofi,1470.023315788728
104970,Matteo Viola,1469.9871120334205
104138,Henry Adjei Darko,1469.9679045781245
126523,Bernabe Zapata Miralles,1469.9380337278142
111505,Enzo Couacaud,1469.932093888072
105798,Tilen Zitnik,1469.9318595317477
105091,Peter Torebko,1469.8771574905227
200080,Puriwat Chatpatcharoen,1469.7832699923122
132040,Philip Wilbert Major,1469.6799176949467
104349,Rui Machado,1469.52841356108
108932,Pfungwa Mahefu,1469.4712556303111
108724,Valentin Rahmine,1469.4585530382806
108736,Sebastian Moreno,1469.4204496490895
103730,Jonathan Marray,1469.4014986267207
105098,Alexandre Sidorenko,1469.3533042416161
127326,Ben Patael,1469.350727364273
209278,Alec Beckley,1469.305468937637
105001,Mao Xin Gong,1469.3031948156292
104215,Andrei Gorban,1469.2493467147467
104067,Goran Tosic,1469.211796850412
104336,Gvidas Sabeckis,1469.200375168311
102033,Abdelhak Hameurlaine,1469.164930677086
105566,Shahin Khaledan,1469.1151753496222
111436,Nick Chappell,1469.0979851449845
126116,Jacob Coenraad De Klerk,1469.0772155073403
105497,Jose Hernandez,1468.9576043505335
209191,Oleksandr Ovcharenko,1468.926726516557
105547,Dean Obrien,1468.8555419260417
104253,Juan Martin Aranguren,1468.7388959490231
102556,Claude Ngoran,1468.736306793522
108949,Jose Zunino,1468.736306793522
104028,Goncalo Nicau,1468.73177450239
104021,Marco Mirnegg,1468.6989884140428
126223,Abdulhameed Alshatti,1468.6291760872898
207852,Wai Yu Kai,1468.5524204025967
202219,Tomas Vaise,1468.5414717534893
104615,Ranjeet Virali Murugesan,1468.455993507017
104988,Vivek Shokeen,1468.4310065362113
108704,Konstantinos Mikos,1468.4216524206279
105911,Andrea Collarini,1468.346677677564
125573,Michael Massih,1468.2969110211454
108718,Vicente Elberto Anasta,1468.2468901156674
209147,Vilius Gaubas,1468.2431468610073
104007,Andre Ghem,1468.1986583685637
108983,Ali Ismaeel,1468.1406301241625
105482,Vijayant Malik,1468.1393611702913
103198,Justin Bower,1468.0873916171747
108986,Gilbert Wong,1468.060020020478
104258,Juan Enrique Crosa,1468.0482392961399
118591,Russell Moseley,1468.0029012537514
105250,Mehdi Jdi,1468.002521977679
108929,Sergio Rojas,1468
104689,Terence Nugent,1468
104565,Hyun Joon Suk,1468
104294,Hao Lu,1467.9968804200366
104297,Rogerio Dutra Silva,1467.9845321959733
209971,Michael Bassem Sobhy,1467.9483232569942
105180,Daniel Dutra Da Silva,1467.880617859638
104486,Horia Tecau,1467.8370180293007
108896,Shahzad Khan,1467.8330113426955
209920,Raphael Collignon,1467.8151073279723
103516,Nathan Healey,1467.7877747716418
102965,Jamie Delgado,1467.7827465497046
104914,Ervin Eleskovic,1467.7721814760027
103817,Yu Jr Wang,1467.7367885035744
108918,Favel Antonio Freyre Perdomo,1467.7316877572032
104603,Andrei Ciumac,1467.7309280288976
132482,Liam Caruana,1467.69456258912
105006,Chu Huan Yi,1467.6781228932991
144760,Amine Ahouda,1467.602571460895
211326,Gunawan Trismuwantara,1467.5986534917588
108961,Abd Hazli Bin Zainuddin,1467.4233452084457
212717,Davis Rolis,1467.376195949308
144642,Tomas Barrios Vera,1467.3642593722495
103937,Irakli Ushangishvili,1467.34873019539
105302,Ante Pavic,1467.3252245952158
102306,Michael Kohlmann,1467.318942010037
108695,Roman Margoulis,1467.3097724824615
108651,Sandor Martinez Breijo,1467.2654489797972
106201,Maxim Dubarenco,1467.213913606955
134886,Sharmal Dissanayake,1467.1510095015715
101662,Selvam Veerasingam,1467.1477724154265
104760,Scott Oudsema,1467.136820285111
209943,Ilya Snitari,1467.127336486626
104479,Sarvar Ikramov,1467.093909497347
102730,Ivo Heuberger,1467.0074798536748
105402,Peerakiat Siriluethaiwattana,1466.9835975952208
103726,Jean Christophe Faurel,1466.9390543953725
209869,Rodrigo Crespo Piedra,1466.92675662099
103060,Alejandro Hernandez,1466.8535030317837
106246,Robin Kern,1466.8399830123153
110686,Finn Tearney,1466.8239323952357
102254,Ouassel Hared,1466.751591458759
144771,Sebastian Quiros,1466.737085109172
145023,Maxim Bulat,1466.7270887151133
118053,Ognian Kolev,1466.6904518842734
212021,Martin Landaluce,1466.627819325869
111795,Filippo Baldi,1466.614761985913
105111,Ivan Endara,1466.4512840422913
210274,Sebastian Dominko,1466.427796127812
104234,Predrag Rusevski,1466.4186959325452
102143,Nicolas Thomann,1466.246321961092
103559,David Sherwood,1466.2345263040825
210107,Bor Artnak,1466.1662379290613
104070,Jesse Witten,1466.0355013914955
101868,Dick Norman,1465.9944260772074
108687,Rami Osman,1465.9793220341228
105703,Jesus Bandres,1465.9778951426176
105601,Cristobal Saavedra Corvalan,1465.9662300437872
108789,Rafa Orantes,1465.8103919148407
103110,Daniele Bracciali,1465.7637735057365
102271,Hicham Arazi,1465.6451012391199
106110,Filip Horansky,1465.619087667427
105221,Mauricio Doria Medina,1465.5566637001602
108706,Sulaiman Al Rawahi,1465.5468282675179
103520,Pavel Snobel,1465.5181683417447
106184,Hong Chung,1465.4731174855758
108975,Petros Baghdatis,1465.4116830393377
144772,Salvador Andres Bolanos,1465.267201605952
102886,Frantisek Cermak,1465.0507499858963
103510,Rob Steckley,1465.0450726885517
104944,Niels Desein,1465.0330920779377
103166,Vladimir Voltchkov,1464.8450675575714
105286,Greg Jones,1464.8418958068107
106392,Thien Nguyen Hoang,1464.8171001349665
104850,Jonathan Dasnieres De Veigy,1464.7791512621752
108944,Stanislav Bykov,1464.7516265859983
134114,Jad Ballout,1464.7240487562933
132932,Franz Luna Lavidalie,1464.7050067084606
106090,Daniel Berta,1464.6713268049104
104043,Marc Lopez,1464.5277389145542
105747,Karim Mohamed Maamoun,1464.5016971327464
200031,Lucas Catarina,1464.4621145461144
104797,Denis Istomin,1464.3083563195148
104063,Mait Kunnap,1463.8617052553586
106136,Warit Sornbutnark,1463.8301383071687
102967,Marc Gicquel,1463.71252411698
105145,Jaak Poldma,1463.6521940053524
106167,Joris De Loore,1463.6245895756595
104644,Riccardo Ghedin,1463.5024337742539
104569,Lado Chikhladze,1463.4953589224026
108781,Ando Rasolomalala,1463.4061114592516
144775,Linh Giang Trinh,1463.2778986911387
105733,Rhyne Williams,1463.2388830619493
104512,Ergun Zorlu,1463.2329424853374
106250,Luis Patino,1463.1600672360485
111805,Seong Chan Hong,1463.1133857988466
105528,Alexander Ward,1463.0156111663043
105254,Nikola Mektic,1462.9871729400552
105231,Luka Belic,1462.9491373305232
209863,Leo Borg,1462.9475215903856
210220,Edas Butvilas,1462.8974759973248
103701,Diego Hartfield,1462.6859565977143
104753,Woong Sun Jun,1462.6815120643626
202120,Rowland Phillips,1462.4209304718643
105299,Dzmitry Zhyrmont,1462.2237761058393
105131,Tim Goransson,1462.2093549847564
207738,Brandon Perez,1462.0068731681424
108939,Rasid Winklaar,1461.9140165479787
210319,Ethan Quinn,1461.9110456919093
101404,Thomas Muster,1461.864522346619
103894,Phillip King,1461.8189050583637
122570,Mubarak Shannan Zayid,1461.7958853728842
103936,Todor Enev,1461.6088579376806
106291,Luke Saville,1461.5091745800091
104115,Marc Kimmich,1461.457102866376
105372,Issam Al Tawil,1461.2477741956889
103586,Mariusz Fyrstenberg,1461.1458936043787
104171,Richard Bloomfield,1460.9997872291297
111574,Jc Aragone,1460.939721873494
105906,Kevin Krawietz,1460.936087268399
103204,Hugo Armando,1460.895305755164
103823,Denis Gremelmayr,1460.8814482252221
103843,Marco Chiudinelli,1460.714120812022
126612,Alexander Cozbinov,1460.6148450650373
102881,David Skoch,1460.5748853984803
200278,Simon Carr,1460.5178240697032
103684,Benedikt Dorsch,1460.4685201549669
104478,Hyun Woo Nam,1460.240417569015
200218,Mate Valkusz,1460.0337389018034
111576,Sumit Nagal,1460.0107071025136
106381,Temur Ismailov,1459.9698112577871
102785,Glenn Weiner,1459.862471704639
103893,Paolo Lorenzi,1459.7198771530675
103868,Ivan Navarro,1459.460142423951
104503,Guillermo Hormazabal,1459.4337987966696
109734,Skander Mansouri,1459.3983333629278
103369,Melle Van Gemerden,1459.3932398627894
108993,Abdulla Hajji,1459.2965179342082
103487,Federico Luzzi,1458.899929001497
104225,Jan Hajek,1458.2990009606683
102800,Nenad Zimonjic,1458.1707771657868
103209,Leonardo Azzaro,1458.084239841194
108930,Juan Carlos Ramirez,1457.6040899117552
105579,Kittipong Wachiramanowong,1457.5909798314929
105450,Mike Urbanija,1457.445908611465
104629,Adrian Menendez Maceiras,1457.442521772233
207841,Muhammad Shoaib,1457.4058711752198
103523,Rohan Bopanna,1457.3828729936413
104882,Blaz Kavcic,1457.3731370575692
108696,Philippe Grandjean,1457.2975302132268
123969,Minhtuan Pham,1457.243899989184
208819,Max Hans Rehberg,1457.1708351170744
103176,David Sanchez,1457.1147317324096
105463,Charalampos Kapogiannis,1457.114379567409
102869,Galo Blanco,1457.1129742213463
105872,Christian Lindell,1457.0929657987765
106244,Oliver Golding,1456.869734555206
103607,Victor Estrella,1456.8511929216293
108690,Ayrton Wibowo,1456.715179217002
104262,Flavio Cipolla,1456.663981033365
108594,Johnny Arcilla,1456.624520121886
144773,Jose Olivares,1456.5218277622787
210119,Andrej Nedic,1456.4257920733326
106024,Dovydas Sakinis,1456.2386237094859
104717,Brendan Evans,1456.138954167701
105122,Karlis Lejnieks,1455.8824064922069
202462,Yasitha De Silva,1455.810082016797
105434,Ruan Roelofse,1455.7029141973385
105679,Eduardo Struvay,1455.697877661589
105841,Lorenzo Giustino,1455.4739285971943
106299,Bar Tzuf Botzer,1455.225235004893
200618,Adam Hornby,1455.1468181823725
117360,Marc Polmans,1455.0404217156577
145016,Julian Saborio,1454.8930190700596
104269,Fernando Verdasco,1454.738746373201
104314,Brian Dabul,1454.6690063502865
102642,Cyril Saulnier,1454.5404686624881
106198,Hugo Dellien,1454.537115518117
103133,Olivier Mutis,1454.5075996181229
106243,Mate Delic,1454.5018280435438
104001,Brian Wilson,1454.389825656663
103543,David Marrero,1454.342812897033
126120,Nino Serdarusic,1454.2361405052325
104379,Todd Reid,1454.1721117407624
111459,Arjun Kadhe,1454.0853428930682
144747,Courtney John Lock,1453.8693698290886
102318,Andrei Pavel,1453.8409511583136
200611,Elliot Benchetrit,1453.8344991465488
103385,Paul Baccanello,1453.7965063634492
132374,Jesse Flores,1453.740809352011
103109,Talal Ouahabi,1453.7401858126238
200620,Ignacio Garcia,1453.6125660062082
104464,Abdul Mumin Babalola,1453.559102908122
102496,Scott Willinsky,1453.5340839642079
103568,Valentin Sanon,1453.4387739660467
144949,Menelaos Efstathiou,1453.258522901565
209406,Abedallah Shelbayh,1453.201969798951
102401,Scott Draper,1453.1134490868828
105166,Peter Polansky,1453.039195781147
103708,Jaroslav Pospisil,1453.031940692234
108946,Brett Baudinet,1452.930389492546
103657,Ivo Klec,1452.8819537581826
108931,Enzo Pigola,1452.8146888883666
105626,Takanyi Garanganga,1452.8096724810352
106223,Aleksandre Metreveli,1452.7030848239738
144932,Kristjan Tamm,1452.666945321621
104816,Karan Rastogi,1452.5632719510083
102615,Dennis Van Scheppingen,1452.4733152795116
104019,Kristof Vliegen,1452.4553435794853
137018,Ayed Zatar,1452.374906462477
105720,Stanislav Vovk,1452.3062992317075
102267,Gwinyai Tongoona,1452.245047904375
105331,Petru Alexandru Luncanu,1452.099284901014
103920,Sanchai Ratiwatana,1452.017276148512
105662,Tomislav Jotovski,1451.9641623215978
102780,Frederic Niemeyer,1451.8999419061176
105431,Ariel Behar,1451.8981836225332
108768,Gabriel Flores Ruiz,1451.8899708856875
108974,Christopher Koutrouzas,1451.8222410557794
207182,Emilio Nava,1451.7098667091761
210262,Jaime Faria,1451.6923311159824
102269,Jeff Salzenstein,1451.6709754489298
108748,Lukas Mugevicius,1451.5102986591046
105187,Daniel Danilovic,1451.486017700163
103674,Jonathan Igbinovia,1451.380258624598
103760,Haluk Akkoyun,1451.3567736746713
210317,James Mccabe,1451.2547685013453
122548,Edan Leshem,1451.108269084768
102812,Jicham Zaatini,1451.0994533035202
108916,Ricardo Gonzalez Diaz,1451.0500043034674
106072,Alexey Vatutin,1450.993793965813
108952,Jose Roberto Velasco,1450.8475284722463
105030,Michael Venus,1450.7550556574247
108762,Andres Weisskopf,1450.7156605354999
104501,Xin Yuan Yu,1450.5478854637809
104635,Robert Smeets,1450.4171721495666
103909,Guillermo Coria,1450.2382668049906
108779,Jacob Rasolondrazana,1450.232177967176
104494,Adrian Ungur,1450.0916307476127
103573,Rik De Voest,1450.0790169846828
103395,Julio Silva,1450.0741284512414
105015,Franko Skugor,1450.0461925742377
104810,Zhe Li,1450.0425319696635
108711,Christopher Lawson,1449.9659813812793
105559,Jonathan Eysseric,1449.6581677135734
126125,Maxime Janvier,1449.6560362257171
105852,Viktor Filipenko,1449.6009431412863
104905,Nicolas Barrientos,1449.466067600939
106150,Jeson Patrombon,1449.4621373970676
105827,Laurynas Grigelis,1449.2191827667214
105283,Gerard Granollers,1449.0407701390836
106006,Agustin Velotti,1448.9818454812116
209868,Kaipo Marshall,1448.7093560379142
200096,Dragos Nicolae Madaras,1448.6888126185984
104628,Alexander Kudryavtsev,1448.6455283073415
105432,Prajnesh Gunneswaran,1448.6209906679646
108785,Anthony Marshall,1448.5693420613325
126340,Viktor Durasovic,1448.0809112496681
104658,Gustavo Ramirez,1447.916294868174
124014,Ernesto Escobedo,1447.9052258326292
104592,Ilija Bozoljac,1447.8660838715025
200711,Nicolas Mejia,1447.83382953645
104997,Igor Sijsling,1447.8228218617126
208485,Kiranpal Pannu,1447.108258127513
106093,Benjamin Mitchell,1447.091407113597
209916,Marko Topo,1446.7655076001029
106309,Wisnu Adi Nugroho,1446.6451222156443
104779,Jamie Baker,1446.298520138554
105155,Pedro Sousa,1446.0025031344464
103174,Noam Okun,1445.8384420077198
104812,Scoville Jenkins,1445.7895502336296
106342,Martins Podzus,1445.5274728683094
105009,Elbert Sie,1445.3596545280393
106293,Kimmer Coppejans,1445.2826696428258
207836,Muzammil Murtaza,1444.5551683360245
117361,Akira Santillan,1444.529251368032
144972,Geoffrey Blancaneaux,1444.38318258263
208134,Luca Nardi,1444.368190153622
103525,Ivan Miranda,1444.2550686495902
103676,Michael Yani,1444.1819090554307
105894,Javier Marti,1443.8705836460638
105099,Antonio Veic,1443.6112116879222
202378,Ignacio Carou,1443.4993126483348
104580,Haithem Abid,1443.4501240454706
108985,Ali Ghareeb,1443.4186993923192
144814,Eero Vasa,1443.2988027439546
106077,Mike Vermeer,1443.001340873485
105454,Brydan Klein,1442.740279482795
144776,Christophe Tholl,1442.7218250912726
124154,Sasi Kumar Mukund,1442.5019667231986
123921,Calvin Hemery,1442.3129323477733
108705,Anis Ghorbel,1442.2588817754283
106099,Salvatore Caruso,1442.1135912365585
103899,Stian Boretti,1442.0786374218935
106325,Jabor Al Mutawa,1442.0768725679732
105002,Timothy Neilly,1441.9984077993317
106207,Mate Pavic,1441.983687228944
109257,Ignaci Roca,1441.8888615093106
108778,Christos Hadjigeorgiou,1441.6832101810705
102106,Davide Sanguinetti,1441.6781414731734
105757,Sandro Ehrat,1441.513133084984
108927,Edgar Hernandez Perez,1441.2980349001004
105781,Andrei Vasilevski,1441.0718509843696
105638,Daniel Cox,1441.0576060991468
108772,Julius Tverijonas,1441.049044854007
103454,Nicolas Massu,1441.0263830507022
108691,Khalid Al Nabhani,1440.980873718558
106100,Micke Kontinen,1440.951927391
200250,Mehluli Don Ayanda Sibanda,1440.9312573682091
108959,Eldad Campbell,1440.7908620361932
105229,Philip Bester,1440.767942903277
104035,Bobby Reynolds,1440.481193088432
105177,Aditya Hari Sasongko,1440.4610917901427
104847,Adrien Bossel,1439.9708291250006
105831,Marko Djokovic,1439.955542445218
105606,Mohsen Hossein Zade,1439.912286198241
102565,Alexander Waske,1439.8937218354865
105614,Bradley Klahn,1439.5021582286797
102374,Alex Corretja,1439.3154862546994
108692,Mohammed Al Nabhani,1438.9281994357377
104216,Maximo Gonzalez,1438.896936170806
211571,Daniels Tens,1438.8309411942162
108628,Jhonnatan Medina Alvarez,1438.7178537940374
103594,Oliver Marach,1438.7107199328368
126652,Jay Clarke,1438.669183361575
105239,Daniel Glancy,1438.6351989031914
104909,Sunu Wahyu Trijati,1438.5782149286733
123997,Joachim Bjerke,1438.474476802181
110602,Dennis Novak,1438.4400688615422
104261,Peng Sun,1438.434066509128
103891,Alexandros Jakupovic,1438.4010332515495
104154,Paul Capdeville,1438.3252229800416
106035,Isak Arvidsson,1438.2933095581152
103849,Francesco Aldi,1438.2483851093798
104160,Lukas Dlouhy,1438.2374942974436
144854,Rudolfs Mednis,1437.9819907107628
105194,Nick Lindahl,1437.6663851727674
211570,Cesar Cruz,1437.5316242330719
108977,George Khrikadze,1437.3315737963708
104182,Sasa Tuksar,1437.2979609517997
103292,Gaston Gaudio,1437.1571806677302
105394,Ilija Martinoski,1437.0398121905264
106277,Ariez Elyaas Deen Heshaam,1437.028165316212
121908,Naser Al Obaidly,1436.92431473115
108978,Nick Van Rosberg,1436.6133672433725
102358,Thomas Enqvist,1436.1286326507186
200443,Adam Walton,1436.127885038189
104270,Marvin Rolle,1435.9167215853138
105586,Alexandar Lazov,1435.8897650644026
108940,David Josepa,1435.8634393381055
125572,Hillel Rousseau,1435.8525805286095
104907,Jose Rubin Statham,1435.8394010008053
106368,Ramkumar Ramanathan,1435.2787287922877
108972,Ibrahim Abou Chahine,1435.2662924561887
103018,Max Mirnyi,1435.1360958749917
103914,Omar Awadhy,1435.0650302324618
104563,Luca Vanni,1434.8370629952256
103761,Tomas Cakl,1434.533502593808
126964,Vitaliy Sachko,1434.3758654813646
103872,Dimitar Grabuloski,1433.6744134130288
104453,Michael Ryderstedt,1433.4570421137541
105493,Tomislav Brkic,1433.4423140823267
104676,Andreas Beck,1433.0335173086894
133018,Michail Pervolarakis,1432.9908527801658
104550,Ricardo Hocevar,1432.9344206132039
105349,Harri Heliovaara,1432.8634960031886
103534,Nicolas Devilder,1432.851574942397
102567,George Bastl,1432.7744859676714
104469,Erling Tveit,1432.7349553753882
103877,Mike Scheidweiler,1432.370291525535
103967,Michael Lammer,1432.150752757651
104081,Boris Pashanski,1431.9318581787622
104800,Mauricio Estivariz,1431.720444785371
111515,Thai Son Kwiatkowski,1431.6937159813458
102821,Cecil Mamiit,1431.5309028457234
102630,Slimane Saoudi,1431.174307380184
103672,Ricardo Mello,1431.1576692324152
104714,Julian Reister,1430.6947514338462
103413,Genius Chidzikwe,1430.6147721713417
108761,Mikelis Libietis,1430.3321886160882
102300,Gouichi Motomura,1430.073851174244
108721,Philippos Tsangaridis,1429.84053907371
111454,Li Tu,1429.332220206525
103470,Robert Kendrick,1429.1393258475546
134677,Juan Borba,1428.963456509027
103875,Anoosha Shahgholi,1428.767957963449
117365,Petros Chrysochos,1428.7505782330534
106106,George Tsivadze,1428.6393802159655
102998,Jan Michael Gambill,1428.167754483307
104004,Filip Prpic,1427.8524092634052
104454,Murad Inoyatov,1427.7492987007663
104230,Daniel Koellerer,1427.7329527030563
104789,Sherif Sabry,1427.2891096676422
208055,Ajeet Rai,1427.1833061470854
126689,Tadas Babelis,1426.9105262461408
104397,Laurent Recouderc,1426.7936909813404
103714,Andreas Vinciguerra,1426.262658608437
106232,Roberto Cid,1425.9378128711899
105467,Jordi Munoz Abreu,1425.9031349227919
106005,Constant Lestienne,1425.591177313677
104010,Dieter Kindlmann,1425.4809903650807
104736,Farrukh Dustov,1425.07776918722
102999,Stefano Galvani,1424.9390019483444
200045,Anthony Susanto,1424.9133089551278
103035,Alessio Di Mauro,1424.4137922466366
104121,Tobias Summerer,1423.370207728661
108735,Rares Cuzdriorean,1423.2830203867763
104783,Mikhail Ledovskikh,1423.268438007713
103007,Mounir El Aarej,1422.942548820138
105094,Paris Gemouchidis,1422.9270889777895
102434,Vincent Spadea,1422.6931905213821
105909,Sam Barry,1422.48964787086
105154,Joao Souza,1422.0216283771067
108699,Nodar Itonishvili,1421.5923183255043
104873,Aleksandr Nedovyesov,1420.9506870307391
103181,Jiri Vanek,1420.6086632330143
103429,Peter Luczak,1420.4760421679648
108925,Ahmad Rabeea Muhammad,1419.9166902524912
105943,Federico Gaio,1419.0814973869003
108749,Sergis Kyratzis,1418.8657807860352
106362,Laurent Lokoli,1418.6239887317154
105085,Artem Smirnov,1418.593864977715
104851,Gianluca Naso,1418.2478468720626
105853,Tigre Hank,1417.3901147042204
122109,Sanjar Fayziev,1417.332348450753
105332,Benoit Paire,1417.2116086446572
106412,Lucas Gomez,1416.6384997030382
104463,Dmitriy Makeyev,1416.194430157123
108958,Damion Johnson,1416.1561545251582
107098,Gilles Kremer,1415.9250533948023
103248,Harel Levy,1415.896571652431
104308,Michal Przysiezny,1415.4197393081286
108782,Mahammad Abid,1414.8837814534454
103420,Michal Tabara,1414.8312813162668
103580,Alexander Peya,1414.8270536749972
111781,Janis Podzus,1414.3631299059623
103240,Kevin Kim,1413.5200354796589
105159,Vaja Uzakov,1413.0902466299312
104219,Stephane Bohli,1412.6379661354642
103860,Timo Nieminen,1412.1024542806813
103857,Igor Kunitsyn,1410.5616471683338
103700,Juan Pablo Guzman,1410.540075882443
202358,Chun Hsin Tseng,1410.4292500565027
102880,Alexander Popp,1410.4097351815972
208278,Shintaro Mochizuki,1409.982926017095
103165,Gorka Fraile,1409.1511800587964
105731,Steven Diez,1409.108788105754
102227,Sargis Sargsian,1408.9745355461803
103169,Oscar Hernandez,1408.6152653472695
104831,Bartolome Salva Vidal,1408.5625504212578
102925,Justin Gimelstob,1407.6296998989224
102539,Bohdan Ulihrach,1407.3341867611414
111167,Ugo Nastasi,1406.776069848614
104807,Mehdi Ziadi,1406.590099742189
104770,Martin Fischer,1405.6903493847976
105156,Federico Zeballos,1405.6266565649414
104505,Konstantin Kravchuk,1404.2525552741422
102720,Tomas Zib,1404.0818478438594
104656,Haydn Lewis,1403.4856822238835
104095,David Guez,1403.2928767656254
108786,Seanon Williams,1403.2007274998568
105029,Sergey Betov,1403.107746815552
104117,Giovanni Lapentti,1402.9629008203246
104768,Juho Paukku,1402.6261482549837
108747,Dineshkanthan Thangarajah,1401.6526112478273
108945,Juan Sebastian Langton,1401.6092200883286
102571,Gregory Carraz,1401.341727498471
103675,Diego Junqueira,1401.292701706303
104056,Roko Karanusic,1400.9623701945957
104619,Jesse Huta Galung,1400.4906173883717
104949,Weerapat Doakmaiklee,1400.4752969701872
103490,Santiago Ventura,1400.300148279366
103926,Daniel Munoz de la Nava,1400.2215827954324
103976,Juan Pablo Brzezicki,1399.6717478547
107552,Laurent Bram,1399.629788591394
105812,David Agung Susanto,1399.6102096696552
103820,Alan Mackin,1398.3233869212104
104864,Alex Kuznetsov,1396.4442753684352
104003,Victor Crivoi,1396.3879138993632
111790,Brayden Schnur,1395.543907188791
104868,James Ward,1395.347506849929
103971,Karol Beck,1394.5753116097621
102231,Alex Calatrava,1394.1847038385083
103228,Marcos Daniel,1394.1623556125571
117356,Cem Ilkel,1393.9333283528242
103503,Robin Vik,1392.7268279019756
103506,Martin Vassallo Arguello,1392.7143794961642
105899,Martin Cuevas,1392.6074169947544
105441,John Patrick Smith,1391.3485183020052
103535,Olivier Patience,1389.13456030266
103319,Jeff Morrison,1388.2096479948755
103999,Thiago Alves,1387.9056201806955
105137,Pere Riba,1386.7638486738786
106105,Guilherme Clezar,1386.129079573189
105738,Tsung Hua Yang,1383.468187388087
102856,Gustavo Kuerten,1381.9130493012378
106032,Facundo Arguello,1380.926165697203
108982,Yasir Khan,1377.661158691903
104323,Photos Kallias,1374.545746165605
108763,Alberto Emmanuel Alvarado Larin,1373.9433817133377
102494,Tomas Behrend,1372.8527795419438
102548,Juan Antonio Marin,1372.820044768379
103201,Adrian Garcia,1371.3847700379386
108618,Karim Alayli,1371.3224355417399
103709,Kristian Pless,1370.6604519151404
102694,Lars Burgsmuller,1370.3178168160362
108740,Cyril Jacobe,1367.8287551912233
103373,Sergio Roitman,1367.637939114022
103693,Thierry Ascione,1366.0852082088475
104623,Josh Goodall,1365.249564895364
104372,Alex Bogdanovic,1361.3379109809287
103105,Ruben Ramirez Hidalgo,1361.075537519609
103294,Christophe Rochus,1359.6696408979385
103799,Eric Prodon,1359.2152638888788
103280,Martin Verkerk,1356.8149201003653
103009,Razvan Sabau,1354.4389296951144
102381,Werner Eschauer,1347.4159002906638
103835,Filippo Volandri,1343.5095685111469
103592,Jerome Haehnel,1342.7526985382647
102950,Fernando Vicente,1312.0425958793078
