"player_id","year","aces","serves"
102093,"2024",42,199
102143,"2003",56,683
102143,"2005",21,197
102143,"2002",57,563
102143,"1997",NA,NA
102143,"2001",65,547
102143,"2006",NA,NA
102143,"2004",29,373
102143,"2000",21,292
102179,"2000",121,1516
102179,"1996",10,138
102179,"2001",208,2662
102179,"2004",286,3058
102179,"2002",NA,NA
102179,"1999",NA,NA
102179,"2005",133,1560
102179,"2007",49,448
102179,"2003",305,3044
102179,"2006",30,312
102269,"2002",NA,NA
102269,"2005",40,367
102269,"2006",29,232
102269,"1997",98,1024
102269,"2001",18,225
102269,"1996",14,243
102269,"2003",45,516
102269,"1995",NA,NA
102269,"2000",32,309
102269,"1998",NA,NA
102269,"2004",154,1215
102287,"2000",215,3485
102287,"1995",7,496
102287,"2001",322,4781
102287,"2003",126,2067
102287,"1993",NA,NA
102287,"1996",NA,NA
102287,"2002",NA,NA
102287,"2007",NA,NA
102287,"2006",99,1505
102287,"1998",132,2762
102287,"2005",42,546
102287,"2004",65,1450
102287,"1999",NA,NA
102287,"1997",115,3141
102456,"2001",178,3733
102456,"2003",NA,NA
102456,"2005",78,2273
102456,"2002",113,3410
102456,"1998",NA,NA
102456,"2007",3,312
102456,"1997",NA,NA
102456,"1996",173,5746
102456,"2000",58,2100
102456,"1995",14,1124
102456,"2004",100,2615
102456,"1999",NA,NA
102456,"1994",NA,NA
102494,"2000",54,1397
102494,"2004",51,940
102494,"2005",88,1626
102494,"2003",NA,NA
102494,"1999",10,145
102494,"2006",57,1161
102494,"1997",7,119
102494,"2001",30,947
102494,"2002",21,415
102565,"2007",99,752
102565,"2002",152,974
102565,"2005",217,1548
102565,"2006",NA,NA
102565,"2004",46,374
102565,"2003",155,1583
102642,"2006",75,1067
102642,"2003",207,2381
102642,"2001",NA,NA
102642,"2002",58,831
102642,"1999",24,402
102642,"2004",441,4173
102642,"2007",15,98
102642,"2005",285,3094
102642,"2000",121,1470
102694,"2005",107,1961
102694,"2001",109,2694
102694,"2007",NA,NA
102694,"1994",NA,NA
102694,"2004",92,2054
102694,"1997",23,433
102694,"2003",NA,NA
102694,"1995",22,574
102694,"2006",44,964
102694,"1996",44,950
102694,"1999",49,1354
102694,"1998",64,1339
102694,"2000",12,443
102694,"2002",142,2671
102788,"2003",63,1307
102788,"2008",5,147
102788,"2006",10,201
102788,"2004",67,1192
102788,"2001",66,1311
102788,"2007",10,118
102788,"2005",9,133
102788,"2002",NA,NA
102834,"2003",25,647
102834,"1994",NA,NA
102834,"1995",NA,NA
102834,"2001",28,1015
102834,"2002",16,352
102834,"1996",NA,NA
102834,"2007",47,1649
102834,"1998",16,405
102834,"2000",102,3275
102834,"2004",33,848
102834,"2006",71,2578
102834,"2005",58,1967
102834,"1993",NA,NA
102834,"1999",68,2682
102869,"1995",10,472
102869,"2003",58,1391
102869,"1998",182,3406
102869,"2005",NA,NA
102869,"2001",247,3324
102869,"1999",177,2601
102869,"1997",134,3034
102869,"1996",NA,NA
102869,"2006",14,223
102869,"2002",117,1818
102869,"2004",88,1642
102869,"2000",179,2374
102869,"1994",NA,NA
102880,"2002",52,1286
102880,"2000",102,1705
102880,"1999",NA,NA
102880,"2001",47,942
102880,"2003",87,1645
102880,"2004",99,1935
102880,"2005",89,1434
102881,"2007",NA,NA
102881,"1995",1,164
102881,"1993",2,165
102881,"1994",1,118
102881,"1997",7,265
102881,"2006",NA,NA
102881,"2008",NA,NA
102881,"1996",6,274
102886,"2010",NA,NA
102886,"2006",7,140
102886,"2003",37,838
102886,"2012",NA,NA
102886,"2005",17,359
102886,"2004",15,224
102886,"2001",NA,NA
102904,"2006",13,252
102904,"2000",2,224
102904,"2001",NA,NA
102925,"2007",56,925
102925,"2005",194,1524
102925,"2004",27,392
102925,"1999",288,3352
102925,"2000",253,2549
102925,"1997",228,3407
102925,"2001",86,1202
102925,"2002",72,855
102925,"1998",NA,NA
102925,"2003",178,2024
102925,"2006",238,2679
102925,"1996",56,702
102925,"1995",16,289
102967,"2002",18,146
102967,"2011",NA,NA
102967,"2013",NA,NA
102967,"2009",265,3565
102967,"2006",196,2380
102967,"2004",6,254
102967,"2014",23,215
102967,"2008",300,3522
102967,"2012",NA,NA
102967,"2010",91,1284
102967,"2005",24,304
102967,"2007",283,3482
102999,"2003",20,272
102999,"2006",32,1272
102999,"2002",NA,NA
102999,"2001",2,197
102999,"2007",20,851
102999,"2011",NA,NA
102999,"2008",9,221
102999,"2010",NA,NA
103032,"2005",8,240
103105,"2006",NA,NA
103105,"2005",18,576
103105,"2013",31,507
103105,"2010",17,387
103105,"2002",NA,NA
103105,"2009",33,1139
103105,"2008",12,504
103105,"2004",NA,NA
103105,"2014",NA,NA
103105,"2003",72,1163
103105,"2012",43,1271
103105,"2011",49,1745
103105,"2001",2,130
103105,"2007",NA,NA
103169,"2007",NA,NA
103169,"2008",96,3027
103169,"2005",39,1573
103169,"2009",128,3085
103169,"2006",12,650
103169,"2003",14,734
103169,"2010",51,1159
103169,"2004",51,1971
103175,"2006",NA,NA
103175,"2007",4,156
103175,"2005",8,172
103181,"2005",182,2036
103181,"2006",118,2060
103181,"2003",103,1087
103181,"2000",NA,NA
103181,"2008",NA,NA
103181,"2007",120,1523
103181,"1995",5,162
103181,"2004",61,902
103181,"2002",29,386
103181,"2009",NA,NA
103181,"2001",214,2876
103185,"1997",NA,NA
103185,"2008",NA,NA
103185,"2002",11,177
103185,"2003",8,206
103185,"2001",13,251
103185,"2007",NA,NA
103185,"2000",8,254
103188,"2010",94,2568
103188,"2006",NA,NA
103188,"2001",63,2121
103188,"2012",66,1733
103188,"2013",57,1726
103188,"2007",66,2138
103188,"2011",88,2233
103188,"2009",11,510
103188,"2014",39,1412
103188,"2000",24,644
103188,"2008",19,517
103188,"2003",2,158
103188,"2002",37,1421
103188,"2015",NA,NA
103188,"1998",NA,NA
103204,"2002",NA,NA
103204,"2005",14,457
103204,"2003",NA,NA
103204,"2001",49,696
103204,"2006",12,281
103204,"2004",28,530
103204,"2007",6,293
103204,"2008",2,157
103204,"2000",NA,NA
103240,"2009",107,1727
103240,"1999",NA,NA
103240,"2001",31,243
103240,"2006",83,1860
103240,"2010",14,237
103240,"2005",285,3560
103240,"1996",NA,NA
103240,"2004",18,295
103240,"2002",16,301
103240,"2000",30,481
103240,"2003",NA,NA
103240,"2007",61,1155
103240,"2008",NA,NA
103252,"2010",12,618
103252,"2003",NA,NA
103252,"2007",32,1148
103252,"1998",8,531
103252,"2004",107,3870
103252,"2009",47,1936
103252,"2000",NA,NA
103252,"1996",3,313
103252,"2002",NA,NA
103252,"1999",NA,NA
103252,"2001",149,4603
103252,"1997",NA,NA
103252,"2005",128,3916
103252,"2006",117,2832
103252,"2008",19,511
103305,"2000",38,680
103305,"2004",24,598
103305,"2005",2,177
103305,"2002",NA,NA
103305,"1997",NA,NA
103305,"2001",27,904
103339,"1998",NA,NA
103339,"2007",32,233
103339,"2004",19,131
103339,"2006",34,354
103373,"2009",10,519
103373,"2007",NA,NA
103373,"2000",2,173
103373,"2008",77,1837
103373,"2005",NA,NA
103373,"2003",19,467
103373,"2006",35,698
103401,"2007",65,1551
103401,"2011",25,625
103401,"2005",NA,NA
103401,"2014",24,294
103401,"2015",13,285
103401,"2004",66,1529
103401,"2009",NA,NA
103401,"2016",NA,NA
103401,"2010",NA,NA
103401,"2006",NA,NA
103401,"2002",NA,NA
103401,"2000",NA,NA
103401,"2013",41,705
103401,"2008",26,1080
103401,"2012",9,307
103408,"2002",48,1230
103408,"2006",1,150
103408,"2003",104,2607
103408,"2004",10,847
103408,"2005",7,232
103420,"1996",9,279
103420,"1997",NA,NA
103420,"2001",NA,NA
103420,"2005",70,1166
103420,"2004",NA,NA
103420,"1998",5,146
103420,"2008",NA,NA
103420,"2002",19,826
103420,"2000",15,538
103420,"1999",2,255
103424,"2006",31,373
103448,"2008",8,119
103451,"2010",80,1568
103451,"2002",23,519
103451,"2006",144,3057
103451,"1999",8,304
103451,"2007",61,1166
103451,"2009",98,2003
103451,"2011",22,647
103451,"1998",NA,NA
103451,"2014",15,316
103451,"2004",44,582
103451,"2012",100,1762
103451,"2001",26,487
103451,"2008",27,566
103451,"2005",106,1943
103451,"2013",20,414
103451,"2003",21,451
103451,"2000",NA,NA
103470,"2011",86,962
103470,"2012",NA,NA
103470,"2005",NA,NA
103470,"2009",253,2002
103470,"2007",194,1780
103470,"2008",157,1028
103470,"2003",149,1303
103470,"2004",68,557
103470,"2010",NA,NA
103470,"2006",96,814
103487,"2002",13,469
103487,"2007",NA,NA
103487,"2001",NA,NA
103487,"2005",37,630
103487,"2000",4,322
103487,"2006",17,312
103487,"1998",NA,NA
103490,"2009",44,919
103490,"2007",26,600
103490,"2006",5,228
103490,"2010",53,1068
103490,"2004",NA,NA
103490,"2005",100,1975
103490,"2008",96,1809
103516,"2005",54,378
103516,"2006",43,564
103516,"2004",NA,NA
103516,"2007",34,391
103534,"2004",4,157
103534,"2012",9,232
103534,"2009",82,1693
103534,"2007",94,1961
103534,"2008",54,1174
103534,"2011",NA,NA
103534,"2005",NA,NA
103534,"2006",10,229
103538,"2006",35,219
103543,"2010",15,245
103543,"2008",34,603
103565,"2010",63,2238
103565,"2020",NA,NA
103565,"2011",20,548
103565,"2018",22,258
103565,"2015",29,556
103565,"2004",6,216
103565,"2017",39,808
103565,"2016",151,2533
103565,"2014",76,1235
103565,"2012",NA,NA
103565,"2013",20,385
103566,"2013",NA,NA
103566,"2000",88,1018
103566,"2014",64,724
103566,"2008",NA,NA
103566,"2003",99,1085
103566,"2006",NA,NA
103566,"2010",NA,NA
103566,"2009",300,2214
103566,"2001",138,1569
103566,"2002",NA,NA
103566,"2005",174,2466
103566,"2007",280,2726
103566,"2004",198,2430
103566,"2011",NA,NA
103566,"2012",218,2084
103582,"2016",65,1066
103582,"2007",178,1957
103582,"2010",251,3726
103582,"2005",16,163
103582,"2014",47,739
103582,"2015",146,1385
103582,"2013",20,368
103582,"2011",194,2886
103582,"2012",91,1300
103582,"2004",NA,NA
103582,"2006",110,1259
103582,"2008",NA,NA
103582,"2009",69,1062
103656,"2005",121,2229
103656,"2010",NA,NA
103656,"2007",NA,NA
103656,"2006",94,2031
103656,"2008",142,3427
103656,"2012",38,1644
103656,"2004",71,1770
103656,"2014",56,1915
103656,"2003",99,1711
103656,"2017",3,131
103656,"2001",90,1670
103656,"2011",175,3725
103656,"2002",144,3143
103656,"2009",NA,NA
103656,"2013",144,2786
103656,"2015",39,1031
103656,"2016",49,1034
103675,"2006",7,312
103675,"2007",NA,NA
103675,"2009",24,1500
103675,"2008",6,222
103675,"2010",NA,NA
103675,"2012",1,244
103675,"2011",4,476
103693,"2010",NA,NA
103693,"2006",31,710
103693,"2003",39,558
103693,"2008",23,744
103693,"2009",26,269
103693,"2007",33,579
103693,"2005",13,495
103693,"2002",NA,NA
103693,"2004",NA,NA
103700,"2002",NA,NA
103700,"2004",7,277
103700,"2007",NA,NA
103700,"2006",10,429
103700,"2005",6,226
103701,"2008",23,525
103701,"2007",NA,NA
103701,"2006",7,421
103702,"2006",3,108
103722,"2011",55,1123
103722,"2010",220,3908
103722,"2004",11,424
103722,"2009",219,4218
103722,"2003",NA,NA
103722,"2014",NA,NA
103722,"2006",164,4055
103722,"2005",59,1617
103722,"2007",NA,NA
103722,"2013",NA,NA
103722,"2002",NA,NA
103722,"2012",52,1201
103722,"2008",116,3197
103737,"2005",14,367
103737,"2006",31,865
103737,"2002",NA,NA
103737,"2003",6,126
103747,"2009",NA,NA
103747,"2011",NA,NA
103747,"2008",14,234
103747,"2006",5,79
103747,"2007",30,345
103747,"2010",25,147
103761,"2004",9,163
103761,"2007",18,232
103761,"2008",NA,NA
103761,"2006",NA,NA
103761,"2005",25,262
103763,"2008",15,244
103794,"2007",NA,NA
103794,"2006",217,1519
103794,"2011",88,931
103794,"2008",247,2148
103794,"2015",NA,NA
103794,"2010",NA,NA
103794,"2016",142,1902
103794,"2014",324,3874
103794,"2012",186,1895
103794,"2013",205,2352
103794,"2017",NA,NA
103794,"2009",297,2352
103823,"2006",72,1346
103823,"2009",21,810
103823,"2008",NA,NA
103823,"2012",5,147
103823,"2011",59,1004
103823,"2002",NA,NA
103823,"2007",NA,NA
103823,"2005",8,267
103850,"2008",20,398
103850,"2009",5,196
103850,"2011",NA,NA
103868,"2008",147,1486
103868,"2006",60,655
103868,"2007",NA,NA
103868,"2011",14,224
103868,"2010",66,665
103868,"2004",NA,NA
103868,"2005",22,321
103868,"2009",191,2370
103868,"2012",2,124
103893,"2014",96,1764
103893,"2017",NA,NA
103893,"2011",9,332
103893,"2010",NA,NA
103893,"2016",220,4018
103893,"2015",NA,NA
103893,"2007",1,171
103893,"2012",67,2000
103893,"2013",NA,NA
103893,"2019",78,1554
103893,"2006",NA,NA
103893,"2009",NA,NA
103893,"2021",NA,NA
103893,"2018",116,1958
103893,"2020",14,344
103898,"2004",114,2185
103898,"2018",191,1815
103898,"2006",247,3833
103898,"2014",NA,NA
103898,"2009",302,4412
103898,"2002",NA,NA
103898,"2013",NA,NA
103898,"2001",8,153
103898,"2016",165,1706
103898,"2008",NA,NA
103898,"2015",36,355
103898,"2017",199,2009
103898,"2005",86,1626
103898,"2003",27,660
103898,"2011",245,3260
103898,"2012",NA,NA
103898,"2010",NA,NA
103898,"2007",224,3790
103917,"2019",50,819
103917,"2006",238,2193
103917,"2010",178,1243
103917,"2011",NA,NA
103917,"2016",230,3249
103917,"2017",216,2768
103917,"2003",85,772
103917,"2018",59,1063
103917,"2021",NA,NA
103917,"2009",72,594
103917,"2012",273,2941
103917,"2007",335,3417
103917,"2001",45,462
103917,"2015",NA,NA
103917,"2002",NA,NA
103917,"2005",46,419
103917,"2000",NA,NA
103917,"2008",372,3379
103917,"2013",231,1884
103917,"2004",NA,NA
103917,"2014",257,2592
104023,"2011",12,136
104025,"2006",42,439
104025,"2008",131,1254
104025,"2012",NA,NA
104025,"2005",34,354
104025,"2004",61,512
104025,"2009",127,917
104025,"2011",NA,NA
104025,"2010",NA,NA
104025,"2003",62,440
104025,"2007",332,2598
104035,"2010",NA,NA
104035,"2012",46,871
104035,"2005",137,1097
104035,"2008",359,2907
104035,"2006",83,943
104035,"2011",NA,NA
104035,"2013",50,565
104035,"2004",NA,NA
104035,"2007",NA,NA
104035,"2009",107,1196
104035,"2003",NA,NA
104043,"2016",NA,NA
104043,"2010",NA,NA
104043,"2008",3,253
104043,"2005",9,380
104043,"2007",NA,NA
104043,"2001",3,544
104043,"2013",NA,NA
104043,"2014",NA,NA
104043,"2003",2,537
104043,"2004",6,1518
104043,"2002",6,318
104068,"2003",NA,NA
104068,"2002",79,1297
104068,"2011",35,506
104068,"2005",395,4470
104068,"2010",121,2032
104068,"2006",NA,NA
104068,"2008",NA,NA
104068,"2007",191,2652
104068,"2013",7,268
104068,"2009",172,2769
104068,"2014",36,763
104068,"2001",38,683
104068,"2004",NA,NA
104068,"2012",24,510
104091,"2008",18,295
104149,"2008",12,160
104166,"2001",NA,NA
104166,"2003",35,1027
104166,"2012",NA,NA
104166,"2011",120,3873
104166,"2009",6,367
104166,"2005",NA,NA
104166,"2008",NA,NA
104166,"2004",52,1964
104166,"2013",NA,NA
104166,"2006",11,464
104166,"2010",NA,NA
104166,"2014",8,648
104166,"2002",10,278
104167,"2009",17,461
104167,"2004",NA,NA
104167,"2005",7,193
104167,"2006",6,158
104173,"2006",9,209
104173,"2007",12,212
104173,"2008",54,749
104196,"2001",1,94
104196,"2002",NA,NA
104196,"2006",14,359
104198,"2014",178,4214
104198,"2009",165,4026
104198,"2008",NA,NA
104198,"2013",NA,NA
104198,"2016",212,4201
104198,"2010",250,4232
104198,"2017",62,1519
104198,"2004",28,914
104198,"2018",139,3290
104198,"2011",181,3893
104198,"2005",116,3340
104198,"2019",67,1149
104198,"2007",123,2917
104198,"2006",150,2869
104198,"2015",NA,NA
104198,"2012",172,3746
104198,"2003",NA,NA
104216,"2009",NA,NA
104216,"2013",12,198
104216,"2015",NA,NA
104216,"2008",8,815
104216,"2014",18,644
104216,"2016",25,509
104216,"2011",24,1336
104216,"2012",NA,NA
104216,"2010",14,909
104216,"2007",NA,NA
104216,"2017",1,229
104224,"2005",21,174
104224,"2006",3,130
104230,"2008",3,195
104230,"2009",49,2210
104230,"2007",3,134
104230,"2003",NA,NA
104230,"2005",8,276
104230,"2010",NA,NA
104230,"2004",1,265
104256,"2012",25,178
104262,"2006",NA,NA
104262,"2011",12,1185
104262,"2012",33,2962
104262,"2009",NA,NA
104262,"2010",NA,NA
104262,"2008",8,1170
104262,"2013",9,675
104262,"2007",2,177
104269,"2022",68,1352
104269,"2017",217,4231
104269,"2002",5,213
104269,"2007",NA,NA
104269,"2008",NA,NA
104269,"2015",384,4364
104269,"2014",253,3993
104269,"2004",267,3985
104269,"2019",391,4432
104269,"2016",348,4264
104269,"2020",82,975
104269,"2023",NA,NA
104269,"2005",NA,NA
104269,"2012",250,4010
104269,"2010",NA,NA
104269,"2011",NA,NA
104269,"2018",427,5021
104269,"2006",NA,NA
104269,"2021",39,743
104269,"2013",NA,NA
104269,"2003",NA,NA
104269,"2009",NA,NA
104273,"2011",72,1464
104273,"2009",37,461
104273,"2007",37,1112
104273,"2013",197,4185
104273,"2010",42,744
104273,"2008",18,505
104273,"2004",9,197
104273,"2012",170,2956
104273,"2015",90,1419
104273,"2014",201,3766
104273,"2016",20,449
104291,"2017",183,3029
104291,"2011",NA,NA
104291,"2023",NA,NA
104291,"2015",141,2640
104291,"2019",54,1782
104291,"2022",15,286
104291,"2012",91,1469
104291,"2003",NA,NA
104291,"2004",NA,NA
104291,"2021",15,377
104291,"2014",74,1378
104291,"2016",185,3553
104291,"2013",NA,NA
104291,"2020",NA,NA
104291,"2018",179,3655
104291,"2008",NA,NA
104314,"2009",32,1178
104314,"2011",19,675
104314,"2008",22,577
104314,"2010",23,573
104330,"2012",84,1114
104330,"2016",NA,NA
104330,"2009",128,1120
104330,"2006",NA,NA
104330,"2004",19,308
104330,"2005",45,411
104330,"2003",9,109
104330,"2011",21,323
104330,"2013",109,1297
104330,"2007",15,215
104330,"2008",27,373
104330,"2002",NA,NA
104330,"2010",244,1827
104330,"2017",27,250
104330,"2014",61,745
104330,"2015",127,1189
104332,"2007",NA,NA
104332,"2009",319,3469
104332,"2012",NA,NA
104332,"2014",8,242
104332,"2013",36,529
104332,"2008",125,1505
104332,"2003",35,313
104332,"2011",NA,NA
104332,"2010",299,3216
104332,"2005",NA,NA
104332,"2004",14,141
104460,"2013",65,628
104460,"2011",147,1175
104460,"2015",NA,NA
104460,"2003",NA,NA
104460,"2017",196,2222
104460,"2018",NA,NA
104460,"2016",180,2130
104460,"2019",36,312
104460,"2014",225,2143
104460,"2010",202,1331
104460,"2021",NA,NA
104460,"2012",100,912
104515,"2008",2,230
104515,"2007",19,469
104515,"2009",2,149
104515,"2006",2,201
104547,"2016",123,1523
104547,"2009",68,886
104547,"2012",66,973
104547,"2015",43,434
104547,"2014",64,1122
104547,"2018",159,2211
104547,"2017",245,3386
104547,"2013",NA,NA
104547,"2011",66,895
104547,"2010",NA,NA
104548,"2012",117,2127
104548,"2004",29,618
104548,"2002",NA,NA
104548,"2016",69,1109
104548,"2005",20,481
104548,"2013",49,605
104548,"2003",NA,NA
104593,"2012",108,1547
104593,"2015",109,2390
104593,"2016",60,1443
104593,"2009",93,2248
104593,"2011",155,2515
104593,"2018",NA,NA
104593,"2005",NA,NA
104593,"2014",138,2276
104593,"2006",20,470
104593,"2010",247,3126
104593,"2004",NA,NA
104593,"2013",218,3291
104593,"2017",NA,NA
104593,"2008",57,941
104628,"2014",27,229
104628,"2013",1,116
104628,"2010",NA,NA
104628,"2016",NA,NA
104628,"2012",NA,NA
104628,"2011",9,109
104628,"2015",NA,NA
104628,"2007",7,185
104628,"2008",47,425
104629,"2015",30,451
104629,"2012",NA,NA
104629,"2018",22,517
104629,"2013",NA,NA
104629,"2019",16,274
104629,"2017",30,484
104633,"2011",5,165
104651,"2014",10,258
104651,"2013",45,1222
104665,"2014",NA,NA
104665,"2018",16,1080
104665,"2023",NA,NA
104665,"2016",16,630
104665,"2019",NA,NA
104665,"2008",17,786
104665,"2015",NA,NA
104665,"2020",16,1214
104665,"2021",NA,NA
104665,"2012",78,3891
104665,"2013",73,3802
104665,"2007",5,395
104665,"2009",24,982
104665,"2011",83,3693
104665,"2010",22,1246
104665,"2022",29,1692
104672,"2018",8,135
104672,"2009",NA,NA
104672,"2011",NA,NA
104672,"2016",26,538
104672,"2017",38,679
104672,"2014",21,317
104672,"2012",4,125
104672,"2015",NA,NA
104714,"2012",9,172
104714,"2010",40,994
104714,"2006",NA,NA
104714,"2015",2,219
104714,"2011",32,727
104714,"2007",NA,NA
104714,"2013",45,944
104714,"2014",31,952
104717,"2004",NA,NA
104717,"2005",NA,NA
104717,"2009",55,591
104717,"2010",37,316
104717,"2008",41,547
104719,"2007",7,289
104719,"2006",NA,NA
104719,"2008",131,2605
104719,"2017",90,1598
104719,"2014",219,3504
104719,"2015",154,2513
104719,"2019",100,1363
104719,"2011",142,3582
104719,"2016",NA,NA
104719,"2018",51,678
104719,"2013",NA,NA
104719,"2010",178,3269
104719,"2009",163,3230
104719,"2012",NA,NA
104721,"2010",62,664
104721,"2013",NA,NA
104721,"2009",51,876
104721,"2008",45,478
104731,"2016",493,3002
104731,"2009",75,602
104731,"2012",NA,NA
104731,"2022",92,489
104731,"2015",1074,5745
104731,"2007",NA,NA
104731,"2013",651,4801
104731,"2014",NA,NA
104731,"2018",NA,NA
104731,"2020",251,1685
104731,"2019",160,1002
104731,"2008",NA,NA
104731,"2017",738,4368
104731,"2011",NA,NA
104731,"2010",306,2571
104731,"2021",440,2174
104731,"2023",44,284
104735,"2013",NA,NA
104735,"2010",27,1176
104735,"2008",NA,NA
104735,"2019",NA,NA
104735,"2016",10,715
104735,"2007",NA,NA
104735,"2017",9,316
104735,"2011",87,2800
104735,"2014",NA,NA
104735,"2015",13,497
104735,"2012",37,1947
104812,"2009",4,159
104812,"2005",52,610
104812,"2007",34,396
104812,"2008",NA,NA
104812,"2006",22,401
104812,"2004",NA,NA
104851,"2013",NA,NA
104851,"2006",0,58
104851,"2008",37,606
104851,"2011",13,158
104851,"2005",NA,NA
104871,"2017",NA,NA
104871,"2012",330,3465
104871,"2019",455,4394
104871,"2023",15,443
104871,"2016",306,2993
104871,"2013",414,4251
104871,"2015",404,4426
104871,"2008",193,1880
104871,"2020",56,661
104871,"2010",443,4105
104871,"2006",15,335
104871,"2007",NA,NA
104871,"2009",NA,NA
104871,"2014",476,4542
104871,"2011",NA,NA
104871,"2018",455,4080
104871,"2021",NA,NA
104897,"2015",41,534
104897,"2007",20,213
104897,"2014",54,495
104897,"2013",40,501
104897,"2008",NA,NA
104897,"2021",NA,NA
104897,"2012",170,2203
104897,"2016",NA,NA
104897,"2018",58,709
104897,"2011",103,1085
104897,"2019",53,608
104897,"2010",20,233
104932,"2015",92,1169
104932,"2014",240,1946
104932,"2018",NA,NA
104932,"2016",32,538
104932,"2017",44,690
104932,"2013",NA,NA
104932,"2011",NA,NA
104932,"2012",44,386
104948,"2010",10,154
104976,"2011",109,2620
104976,"2009",42,724
104976,"2005",NA,NA
104976,"2007",51,495
104976,"2012",95,1469
104976,"2013",NA,NA
104976,"2006",26,315
104976,"2008",13,281
104976,"2010",50,1076
104978,"2010",261,2323
104978,"2007",15,145
104978,"2011",105,1176
104978,"2017",35,412
104978,"2019",16,154
104978,"2015",22,180
104978,"2013",NA,NA
104978,"2012",174,1359
104978,"2018",NA,NA
104978,"2009",100,1027
104978,"2008",40,341
104978,"2014",NA,NA
104978,"2016",74,589
104999,"2015",106,1244
104999,"2013",33,710
104999,"2017",395,5093
104999,"2021",NA,NA
104999,"2011",39,1502
104999,"2010",NA,NA
104999,"2016",134,1843
104999,"2012",NA,NA
104999,"2018",264,3523
104999,"2006",41,470
104999,"2008",NA,NA
104999,"2007",76,1249
104999,"2019",65,983
104999,"2009",176,3184
104999,"2020",6,170
105023,"2006",194,1346
105023,"2016",669,4187
105023,"2009",NA,NA
105023,"2022",174,1115
105023,"2011",249,2199
105023,"2018",674,3937
105023,"2013",NA,NA
105023,"2010",NA,NA
105023,"2017",NA,NA
105023,"2007",538,3343
105023,"2014",NA,NA
105023,"2012",NA,NA
105023,"2008",NA,NA
105023,"2019",690,3325
105023,"2021",NA,NA
105023,"2020",151,786
105023,"2015",606,3404
105028,"2013",101,1669
105028,"2008",NA,NA
105028,"2010",23,443
105028,"2011",NA,NA
105028,"2006",NA,NA
105028,"2007",19,274
105028,"2012",117,2002
105028,"2009",92,1247
105032,"2015",NA,NA
105032,"2016",291,1547
105032,"2008",38,176
105032,"2009",31,280
105032,"2014",NA,NA
105032,"2013",115,539
105032,"2017",109,602
105051,"2016",NA,NA
105051,"2012",NA,NA
105051,"2013",NA,NA
105051,"2024",NA,NA
105051,"2017",75,1187
105051,"2021",47,756
105051,"2019",147,1681
105051,"2010",19,201
105051,"2014",106,1836
105051,"2022",NA,NA
105051,"2011",115,1435
105051,"2015",50,676
105051,"2018",309,3330
105065,"2017",38,591
105065,"2015",62,1375
105065,"2014",80,1398
105065,"2010",11,429
105065,"2012",38,713
105065,"2016",101,1519
105065,"2018",98,1611
105065,"2013",112,1787
105065,"2011",17,767
105065,"2008",NA,NA
105065,"2019",13,251
105077,"2017",303,5721
105077,"2018",194,3980
105077,"2021",141,4016
105077,"2011",114,2326
105077,"2016",239,5332
105077,"2012",NA,NA
105077,"2020",52,1987
105077,"2023",112,3320
105077,"2024",12,809
105077,"2022",NA,NA
105077,"2015",139,2899
105077,"2010",15,486
105077,"2019",149,3767
105077,"2013",NA,NA
105077,"2014",76,2336
105113,"2017",9,253
105113,"2012",5,108
105113,"2014",NA,NA
105128,"2011",8,183
105128,"2013",5,194
105137,"2007",4,122
105137,"2015",NA,NA
105137,"2016",NA,NA
105137,"2010",106,1676
105137,"2012",35,548
105137,"2013",NA,NA
105137,"2011",144,2367
105137,"2009",31,384
105137,"2014",NA,NA
105154,"2010",18,348
105154,"2014",12,304
105154,"2017",30,249
105154,"2015",NA,NA
105154,"2016",26,204
105154,"2013",28,275
105154,"2011",108,1089
105154,"2012",NA,NA
105173,"2015",NA,NA
105173,"2014",188,3060
105173,"2023",NA,NA
105173,"2022",NA,NA
105173,"2020",157,2537
105173,"2016",264,4157
105173,"2008",22,418
105173,"2011",131,3187
105173,"2019",277,3887
105173,"2021",152,2997
105173,"2024",NA,NA
105173,"2010",40,546
105173,"2018",282,4621
105173,"2017",246,4667
105173,"2013",145,2126
105173,"2009",NA,NA
105173,"2012",29,510
105181,"2017",11,219
105332,"2014",279,2398
105332,"2016",439,4738
105332,"2010",70,611
105332,"2024",33,436
105332,"2023",NA,NA
105332,"2018",539,4881
105332,"2013",507,4829
105332,"2019",572,5004
105332,"2011",86,1275
105332,"2012",424,4706
105332,"2020",236,2058
105332,"2021",352,3424
105332,"2017",515,4786
105332,"2015",314,3502
105332,"2022",193,2336
105357,"2016",177,3450
105357,"2019",209,3772
105357,"2010",NA,NA
105357,"2011",NA,NA
105357,"2022",94,2150
105357,"2023",17,413
105357,"2015",36,1108
105357,"2012",13,197
105357,"2018",185,3312
105357,"2017",43,914
105357,"2020",149,2837
105357,"2013",28,349
105357,"2021",NA,NA
105359,"2017",NA,NA
105359,"2022",NA,NA
105359,"2023",4,185
105359,"2018",21,443
105359,"2021",16,352
105359,"2020",29,678
105359,"2019",NA,NA
105376,"2010",NA,NA
105376,"2018",336,3624
105376,"2019",187,2380
105376,"2012",NA,NA
105376,"2017",175,1831
105376,"2013",38,585
105376,"2015",26,281
105376,"2014",NA,NA
105376,"2022",NA,NA
105376,"2021",172,1927
105376,"2016",40,259
105376,"2020",37,399
105379,"2013",220,2169
105379,"2017",293,2798
105379,"2012",NA,NA
105379,"2015",276,2616
105379,"2018",NA,NA
105379,"2014",108,893
105379,"2020",207,1797
105379,"2010",NA,NA
105379,"2011",NA,NA
105379,"2022",NA,NA
105379,"2016",281,2670
105379,"2019",NA,NA
105379,"2021",246,2397
105406,"2021",8,193
105406,"2017",NA,NA
105406,"2020",11,189
105430,"2009",NA,NA
105430,"2016",32,1399
105430,"2021",62,1707
105430,"2017",79,2352
105430,"2019",190,4388
105430,"2024",36,1013
105430,"2023",44,1478
105430,"2018",84,2983
105430,"2022",65,1611
105430,"2015",NA,NA
105430,"2012",NA,NA
105430,"2020",NA,NA
105430,"2013",NA,NA
105430,"2014",NA,NA
105432,"2017",14,154
105432,"2018",25,501
105432,"2023",NA,NA
105432,"2020",33,400
105432,"2022",NA,NA
105432,"2019",86,1345
105432,"2021",19,196
105449,"2011",NA,NA
105449,"2017",NA,NA
105449,"2021",215,2065
105449,"2020",114,1321
105449,"2010",NA,NA
105449,"2015",NA,NA
105449,"2012",77,753
105449,"2014",NA,NA
105449,"2019",217,2835
105449,"2023",50,491
105449,"2013",130,1387
105449,"2024",NA,NA
105449,"2016",492,4512
105449,"2018",366,4013
105449,"2022",NA,NA
105472,"2013",4,202
105477,"2019",16,310
105477,"2023",NA,NA
105477,"2018",23,643
105477,"2020",NA,NA
105477,"2021",39,430
105477,"2022",NA,NA
105477,"2024",15,537
105477,"2012",3,166
105477,"2016",23,625
105477,"2013",2,157
105477,"2017",8,362
105487,"2021",NA,NA
105487,"2022",121,1751
105487,"2024",30,614
105487,"2015",20,396
105487,"2012",12,203
105487,"2014",29,593
105487,"2011",NA,NA
105487,"2019",21,439
105487,"2017",88,1273
105487,"2018",31,494
105487,"2020",24,385
105487,"2016",53,1181
105487,"2023",NA,NA
105512,"2016",17,192
105512,"2015",15,122
105512,"2021",NA,NA
105526,"2018",504,4123
105526,"2020",282,2234
105526,"2017",475,4549
105526,"2015",NA,NA
105526,"2016",227,2603
105526,"2023",360,3085
105526,"2022",NA,NA
105526,"2014",198,2386
105526,"2019",700,5002
105526,"2013",85,1098
105526,"2024",NA,NA
105526,"2021",NA,NA
105542,"2015",9,197
105550,"2019",295,5101
105550,"2020",78,1553
105550,"2021",113,1967
105550,"2012",NA,NA
105550,"2015",28,470
105550,"2017",NA,NA
105550,"2013",76,1571
105550,"2016",222,3576
105550,"2014",33,520
105550,"2023",72,1999
105550,"2018",NA,NA
105558,"2013",NA,NA
105558,"2011",18,250
105558,"2010",66,676
105558,"2012",95,1176
105558,"2009",9,178
105561,"2023",NA,NA
105561,"2012",4,372
105561,"2014",NA,NA
105561,"2016",9,212
105561,"2017",66,1329
105561,"2022",NA,NA
105561,"2011",3,230
105561,"2019",10,336
105561,"2021",14,331
105561,"2018",14,155
105577,"2014",NA,NA
105577,"2020",266,2064
105577,"2008",NA,NA
105577,"2015",NA,NA
105577,"2013",NA,NA
105577,"2022",NA,NA
105577,"2011",NA,NA
105577,"2023",46,289
105577,"2021",223,1871
105577,"2019",125,1110
105577,"2018",200,2019
105577,"2012",NA,NA
105577,"2024",7,78
105577,"2017",202,1748
105577,"2016",274,2613
105643,"2018",96,2419
105643,"2022",103,2354
105643,"2017",60,1544
105643,"2020",82,1793
105643,"2021",NA,NA
105643,"2013",66,1566
105643,"2009",NA,NA
105643,"2014",195,3530
105643,"2015",NA,NA
105643,"2010",NA,NA
105643,"2011",13,326
105643,"2012",39,976
105643,"2016",253,4372
105643,"2019",119,2881
105643,"2023",4,214
105649,"2016",NA,NA
105649,"2011",23,636
105649,"2012",NA,NA
105649,"2017",44,977
105649,"2019",58,1284
105649,"2018",NA,NA
105649,"2013",8,183
105649,"2021",17,307
105649,"2022",22,181
105649,"2020",32,432
105650,"2016",23,221
105655,"2022",4,204
105655,"2016",NA,NA
105655,"2015",13,359
105655,"2014",NA,NA
105655,"2012",7,346
105677,"2016",2,154
105678,"2014",5,231
105732,"2020",151,1747
105732,"2022",26,341
105732,"2014",171,1200
105732,"2013",28,289
105732,"2019",281,3447
105732,"2017",279,2411
105732,"2016",202,1828
105732,"2018",392,4245
105732,"2023",47,304
105732,"2015",164,1087
105732,"2024",50,355
105732,"2021",209,2114
105807,"2013",42,1121
105807,"2015",205,3119
105807,"2011",NA,NA
105807,"2019",235,4350
105807,"2021",NA,NA
105807,"2017",NA,NA
105807,"2014",NA,NA
105807,"2023",47,487
105807,"2016",298,4887
105807,"2022",NA,NA
105807,"2018",188,4305
105807,"2020",157,2669
105807,"2024",58,1211
105815,"2018",312,3040
105815,"2021",NA,NA
105815,"2019",258,2602
105815,"2017",37,584
105815,"2020",245,2135
105815,"2022",NA,NA
105815,"2024",NA,NA
105819,"2023",6,228
105819,"2019",63,1636
105819,"2018",51,827
105819,"2024",NA,NA
105819,"2016",NA,NA
105819,"2015",4,108
105819,"2012",NA,NA
105819,"2017",15,225
105826,"2015",14,187
105870,"2019",NA,NA
105870,"2021",NA,NA
105870,"2020",23,641
105870,"2024",214,3056
105870,"2023",NA,NA
105870,"2022",55,935
105870,"2018",40,683
105870,"2017",64,998
105874,"2016",NA,NA
105874,"2013",52,248
105874,"2012",64,289
105874,"2014",92,473
105881,"2017",34,174
105881,"2016",83,611
105882,"2020",103,1349
105882,"2018",115,966
105882,"2021",183,2465
105882,"2023",NA,NA
105882,"2017",41,488
105882,"2022",51,710
105882,"2014",NA,NA
105882,"2019",109,1007
105902,"2023",48,572
105902,"2015",196,1941
105902,"2021",NA,NA
105902,"2020",89,1092
105902,"2012",36,407
105902,"2018",77,754
105902,"2022",170,1990
105902,"2014",65,741
105902,"2013",144,1179
105902,"2019",NA,NA
105902,"2024",183,1954
105902,"2017",NA,NA
105902,"2016",128,1153
105948,"2022",87,2439
105948,"2023",51,1572
105948,"2024",63,1688
105948,"2018",7,137
105948,"2021",NA,NA
105948,"2020",34,1359
105952,"2022",NA,NA
105952,"2021",NA,NA
105952,"2020",7,388
105952,"2018",NA,NA
105952,"2017",68,1791
105952,"2015",9,320
105952,"2016",91,1649
105952,"2014",4,149
105963,"2017",25,590
105963,"2019",NA,NA
105963,"2015",9,154
105992,"2020",17,195
105992,"2008",6,98
105992,"2019",70,632
105992,"2015",NA,NA
105992,"2017",NA,NA
105992,"2012",NA,NA
105992,"2014",88,1200
105992,"2011",197,2688
105992,"2018",NA,NA
105992,"2021",NA,NA
105992,"2016",176,1829
105992,"2013",224,2735
105992,"2010",84,1102
106034,"2022",NA,NA
106034,"2014",NA,NA
106034,"2015",NA,NA
106034,"2024",19,230
106034,"2018",39,223
106034,"2019",27,343
106034,"2020",57,696
106034,"2021",91,1172
106034,"2017",28,247
106034,"2013",NA,NA
106044,"2022",NA,NA
106044,"2021",NA,NA
106044,"2018",45,1502
106044,"2017",56,1712
106044,"2016",4,275
106045,"2014",27,690
106045,"2020",NA,NA
106045,"2019",187,2521
106045,"2012",43,880
106045,"2022",107,1929
106045,"2017",7,139
106045,"2023",NA,NA
106045,"2018",223,2223
106045,"2016",157,2039
106045,"2011",20,351
106045,"2024",19,290
106045,"2021",129,1756
106045,"2010",11,182
106045,"2013",55,1232
106045,"2015",NA,NA
106058,"2017",NA,NA
106058,"2021",94,1043
106058,"2016",408,4812
106058,"2023",36,513
106058,"2014",299,3432
106058,"2012",114,1054
106058,"2022",NA,NA
106058,"2019",NA,NA
106058,"2010",NA,NA
106058,"2011",26,266
106058,"2018",NA,NA
106058,"2020",39,646
106058,"2015",NA,NA
106058,"2013",160,1830
106065,"2020",98,1743
106065,"2015",NA,NA
106065,"2023",95,1944
106065,"2022",25,940
106065,"2018",NA,NA
106065,"2019",NA,NA
106065,"2021",155,2868
106065,"2013",NA,NA
106065,"2014",NA,NA
106065,"2017",14,414
106065,"2016",35,936
106075,"2016",45,1175
106075,"2017",35,717
106075,"2020",28,595
106075,"2019",32,760
106075,"2021",36,925
106075,"2018",48,996
106075,"2022",9,334
106075,"2023",NA,NA
106075,"2024",34,736
106099,"2017",NA,NA
106099,"2019",11,879
106099,"2022",NA,NA
106099,"2021",83,1894
106099,"2020",95,1731
106099,"2018",17,461
106099,"2016",NA,NA
106109,"2022",NA,NA
106109,"2020",48,537
106109,"2023",18,174
106109,"2024",40,391
106109,"2021",63,1021
106109,"2018",75,826
106109,"2017",NA,NA
106109,"2019",59,634
106109,"2015",NA,NA
106120,"2018",7,403
106121,"2015",NA,NA
106121,"2018",136,2942
106121,"2024",139,2609
106121,"2017",46,1362
106121,"2020",38,426
106121,"2023",95,2106
106121,"2016",85,2069
106121,"2022",181,2463
106121,"2014",NA,NA
106121,"2021",NA,NA
106121,"2019",97,2211
106137,"2021",0,139
106137,"2016",15,287
106137,"2017",NA,NA
106137,"2019",4,147
106148,"2019",124,3087
106148,"2024",145,3902
106148,"2014",10,550
106148,"2018",76,2478
106148,"2020",27,1109
106148,"2017",25,378
106148,"2021",NA,NA
106148,"2022",56,2407
106148,"2023",104,3198
106148,"2016",61,1042
106148,"2015",8,235
106148,"2013",NA,NA
106162,"2022",6,411
106186,"2022",NA,NA
106186,"2010",NA,NA
106186,"2018",28,564
106186,"2021",7,159
106186,"2014",2,168
106186,"2019",NA,NA
106186,"2024",17,297
106186,"2023",184,2204
106214,"2023",NA,NA
106214,"2021",91,1010
106214,"2022",NA,NA
106214,"2020",13,263
106214,"2018",27,262
106214,"2024",NA,NA
106214,"2019",35,337
106216,"2018",42,556
106216,"2022",NA,NA
106216,"2021",47,518
106216,"2015",NA,NA
106216,"2016",72,1275
106216,"2023",NA,NA
106216,"2019",44,776
106216,"2017",91,1665
106218,"2014",NA,NA
106218,"2022",232,3496
106218,"2024",263,4047
106218,"2023",286,4120
106218,"2020",98,1588
106218,"2018",8,124
106218,"2019",24,554
106218,"2021",NA,NA
106225,"2017",32,342
106225,"2016",12,124
106234,"2016",NA,NA
106234,"2023",258,3375
106234,"2015",4,157
106234,"2021",NA,NA
106234,"2020",29,420
106234,"2024",53,1046
106234,"2022",216,3994
106234,"2013",NA,NA
106234,"2014",NA,NA
106249,"2019",NA,NA
106249,"2015",NA,NA
106249,"2020",5,233
106249,"2018",5,236
106249,"2017",7,280
106261,"2016",55,682
106261,"2017",43,319
106261,"2012",41,266
106261,"2015",NA,NA
106283,"2019",NA,NA
106283,"2020",17,193
106283,"2021",NA,NA
106283,"2024",50,647
106283,"2023",7,136
106283,"2014",NA,NA
106283,"2022",35,613
106283,"2017",26,311
106283,"2018",17,299
106290,"2014",13,224
106290,"2015",NA,NA
106290,"2013",10,175
106296,"2021",33,599
106296,"2017",NA,NA
106296,"2022",24,433
106296,"2023",203,3749
106296,"2020",86,1168
106296,"2024",52,971
106296,"2018",NA,NA
106296,"2016",NA,NA
106296,"2019",84,1182
106298,"2018",426,4276
106298,"2016",NA,NA
106298,"2024",NA,NA
106298,"2019",303,3787
106298,"2023",3,174
106298,"2013",29,413
106298,"2015",127,2023
106298,"2017",487,4847
106298,"2022",45,814
106298,"2021",138,1743
106298,"2014",29,502
106328,"2021",21,253
106328,"2013",11,216
106328,"2016",NA,NA
106328,"2017",NA,NA
106328,"2022",9,162
106328,"2018",19,283
106329,"2019",NA,NA
106329,"2017",191,3327
106329,"2022",NA,NA
106329,"2020",124,1545
106329,"2016",36,939
106329,"2018",98,1699
106329,"2023",NA,NA
106329,"2021",NA,NA
106329,"2024",148,1967
106331,"2020",23,376
106331,"2023",288,3507
106331,"2017",NA,NA
106331,"2022",150,1659
106331,"2024",293,2979
106331,"2021",107,1354
106361,"2016",36,542
106361,"2018",22,272
106361,"2017",45,497
106390,"2015",14,145
106398,"2019",9,186
106398,"2022",109,1134
106398,"2023",NA,NA
106398,"2024",60,1391
106398,"2020",9,111
106398,"2018",NA,NA
106398,"2016",NA,NA
106415,"2018",25,1761
106415,"2021",NA,NA
106415,"2016",52,1605
106415,"2023",85,3360
106415,"2020",56,2105
106415,"2024",NA,NA
106415,"2022",81,2858
106415,"2015",14,621
106415,"2019",NA,NA
106415,"2014",NA,NA
106415,"2017",22,1354
106420,"2017",29,464
106421,"2024",447,5614
106421,"2016",54,770
106421,"2020",355,2813
106421,"2018",NA,NA
106421,"2017",NA,NA
106421,"2022",590,4980
106421,"2023",NA,NA
106421,"2019",652,5700
106421,"2021",NA,NA
109303,"2023",NA,NA
109303,"2017",14,273
109303,"2024",34,465
109686,"2023",4,215
110602,"2023",NA,NA
110602,"2019",NA,NA
110602,"2017",13,226
110602,"2015",18,227
110602,"2022",NA,NA
110602,"2021",74,1284
110602,"2020",91,1539
110602,"2013",NA,NA
110602,"2016",11,386
110602,"2018",64,1087
110748,"2022",7,252
110748,"2019",6,116
110748,"2014",7,158
110748,"2021",7,178
110748,"2020",14,341
111153,"2016",NA,NA
111153,"2017",35,407
111153,"2015",NA,NA
111153,"2023",498,3752
111153,"2022",115,835
111153,"2019",88,708
111153,"2020",NA,NA
111153,"2018",NA,NA
111153,"2021",45,406
111153,"2024",289,2456
111197,"2018",18,218
111202,"2019",74,1157
111202,"2013",NA,NA
111202,"2017",163,3459
111202,"2016",52,1475
111202,"2015",NA,NA
111202,"2014",NA,NA
111202,"2018",167,3576
111442,"2023",343,3119
111442,"2014",NA,NA
111442,"2021",310,3476
111442,"2022",NA,NA
111442,"2019",290,3905
111442,"2016",77,1083
111442,"2024",NA,NA
111442,"2018",64,1126
111442,"2017",182,2513
111442,"2020",120,1911
111442,"2015",NA,NA
111456,"2022",286,4416
111456,"2016",NA,NA
111456,"2023",NA,NA
111456,"2021",NA,NA
111456,"2024",70,1457
111456,"2019",96,1799
111456,"2018",110,2077
111456,"2013",NA,NA
111456,"2020",61,1075
111460,"2022",176,1278
111460,"2017",88,763
111460,"2024",274,1711
111460,"2018",60,493
111460,"2015",NA,NA
111460,"2021",NA,NA
111460,"2023",444,2756
111460,"2019",NA,NA
111460,"2016",91,863
111460,"2020",NA,NA
111575,"2020",236,3104
111575,"2018",661,5307
111575,"2013",NA,NA
111575,"2017",472,4922
111575,"2024",449,4662
111575,"2023",362,4019
111575,"2016",184,1852
111575,"2014",NA,NA
111575,"2019",435,4905
111575,"2022",NA,NA
111575,"2015",NA,NA
111575,"2021",NA,NA
111577,"2014",NA,NA
111577,"2018",174,2689
111577,"2019",18,222
111577,"2016",88,1295
111577,"2017",NA,NA
111577,"2015",72,848
111581,"2021",33,486
111581,"2020",40,569
111581,"2019",NA,NA
111581,"2018",67,1197
111581,"2017",NA,NA
111581,"2023",178,2181
111581,"2022",NA,NA
111581,"2024",49,528
111581,"2016",NA,NA
111815,"2022",NA,NA
111815,"2021",363,5677
111815,"2023",294,4960
111815,"2024",NA,NA
111815,"2017",25,417
111815,"2018",176,3165
111815,"2019",213,3487
111815,"2020",120,1891
117358,"2021",9,133
117360,"2019",12,302
117360,"2024",NA,NA
117360,"2021",29,751
117360,"2017",NA,NA
117360,"2020",36,777
117360,"2023",11,93
120424,"2017",9,203
120424,"2019",24,798
120424,"2016",NA,NA
120424,"2020",NA,NA
120424,"2018",22,1115
120798,"2016",12,239
122298,"2023",292,3981
122298,"2024",212,3453
122298,"2021",178,2418
122298,"2022",NA,NA
122298,"2019",NA,NA
122330,"2024",NA,NA
122330,"2022",NA,NA
122330,"2018",17,356
122330,"2017",84,488
122330,"2020",287,2322
122330,"2023",NA,NA
122330,"2016",16,291
122330,"2021",NA,NA
122330,"2019",479,2808
122554,"2024",17,183
123755,"2020",41,663
123755,"2018",30,431
123755,"2015",11,171
123755,"2019",32,542
123755,"2023",NA,NA
123755,"2021",NA,NA
123755,"2022",NA,NA
123755,"2024",133,2091
123828,"2016",NA,NA
123828,"2023",24,460
123828,"2024",19,521
123896,"2023",12,146
123961,"2024",4,84
123961,"2022",NA,NA
123961,"2021",4,139
124014,"2023",NA,NA
124014,"2024",NA,NA
124014,"2017",159,2103
124014,"2020",35,223
124014,"2019",NA,NA
124014,"2022",NA,NA
124014,"2016",42,480
124014,"2018",89,826
124014,"2021",30,573
124079,"2023",20,1409
124079,"2024",95,3289
124079,"2019",NA,NA
124079,"2021",102,2955
124079,"2020",36,1430
124079,"2018",NA,NA
124079,"2022",95,3667
124116,"2018",22,199
124116,"2021",43,397
124116,"2022",12,272
124116,"2023",NA,NA
124116,"2024",358,3584
124116,"2017",52,699
124116,"2020",12,213
124116,"2019",NA,NA
124186,"2017",NA,NA
124186,"2019",NA,NA
124186,"2024",130,2889
124186,"2021",25,337
124186,"2023",86,1775
124187,"2019",1065,4292
124187,"2024",282,1251
124187,"2016",134,845
124187,"2018",66,338
124187,"2022",573,2903
124187,"2020",384,1643
124187,"2021",NA,NA
124187,"2017",158,842
125802,"2019",NA,NA
125802,"2022",191,3756
125802,"2017",58,459
125802,"2018",NA,NA
125802,"2020",55,665
125802,"2021",NA,NA
125802,"2023",114,2188
125802,"2016",27,690
126094,"2019",342,4173
126094,"2016",25,521
126094,"2021",NA,NA
126094,"2014",NA,NA
126094,"2018",NA,NA
126094,"2017",182,3364
126094,"2023",628,6708
126094,"2020",411,3726
126094,"2015",NA,NA
126094,"2024",NA,NA
126094,"2022",558,5489
126106,"2022",48,751
126106,"2023",8,235
126127,"2017",6,188
126127,"2022",NA,NA
126127,"2021",77,930
126127,"2024",64,833
126127,"2018",NA,NA
126127,"2023",NA,NA
126127,"2020",18,317
126128,"2017",NA,NA
126128,"2023",230,3038
126128,"2021",43,674
126128,"2024",305,3595
126128,"2022",NA,NA
126128,"2020",2,111
126129,"2023",16,177
126129,"2024",79,1019
126149,"2021",249,3138
126149,"2020",75,1123
126149,"2017",NA,NA
126149,"2022",57,485
126149,"2019",13,132
126174,"2018",11,178
126203,"2020",342,2432
126203,"2016",315,3060
126203,"2024",795,6051
126203,"2017",213,2097
126203,"2022",NA,NA
126203,"2019",NA,NA
126203,"2021",530,4818
126203,"2015",17,131
126203,"2018",404,3743
126203,"2023",NA,NA
126205,"2024",355,5074
126205,"2023",NA,NA
126205,"2015",NA,NA
126205,"2022",NA,NA
126205,"2017",58,839
126205,"2021",NA,NA
126205,"2019",25,415
126205,"2016",17,405
126205,"2020",141,2357
126205,"2018",17,328
126207,"2022",NA,NA
126207,"2014",NA,NA
126207,"2017",NA,NA
126207,"2021",NA,NA
126207,"2015",54,539
126207,"2019",293,4192
126207,"2024",491,5173
126207,"2018",NA,NA
126207,"2023",495,4654
126207,"2020",92,1882
126207,"2016",40,612
126214,"2021",25,378
126214,"2022",NA,NA
126214,"2024",NA,NA
126214,"2023",58,635
126214,"2020",34,524
126409,"2024",87,820
126409,"2021",NA,NA
126409,"2023",27,469
126409,"2022",65,846
126523,"2022",54,1966
126523,"2024",12,658
126523,"2019",NA,NA
126523,"2018",6,120
126523,"2021",44,1334
126523,"2023",76,3313
126530,"2018",2,137
126535,"2022",27,1160
126535,"2018",8,309
126535,"2023",NA,NA
126535,"2021",53,1119
126535,"2024",NA,NA
126535,"2020",9,243
126623,"2021",2,157
126846,"2020",NA,NA
126846,"2021",44,459
126846,"2024",423,3780
126846,"2018",NA,NA
126846,"2023",269,2414
126846,"2022",92,946
127157,"2019",NA,NA
127157,"2023",NA,NA
127157,"2020",34,575
127157,"2024",227,2981
127157,"2022",178,2092
127157,"2021",84,1203
127157,"2017",40,402
128034,"2018",NA,NA
128034,"2019",347,3754
128034,"2023",1044,6221
128034,"2016",37,478
128034,"2020",232,2452
128034,"2017",NA,NA
128034,"2022",827,5119
128034,"2024",776,5194
128034,"2021",NA,NA
131934,"2023",49,880
131934,"2022",NA,NA
131934,"2024",43,609
131934,"2021",5,119
133297,"2022",47,411
133297,"2021",18,192
133297,"2018",21,279
133297,"2019",NA,NA
133297,"2024",30,420
133297,"2023",229,1759
133430,"2023",226,2314
133430,"2017",NA,NA
133430,"2019",NA,NA
133430,"2024",407,3921
133430,"2022",NA,NA
133430,"2020",307,2895
133430,"2016",30,345
133430,"2018",484,5397
133430,"2021",NA,NA
133835,"2024",26,383
133835,"2023",85,1198
133835,"2022",17,367
133933,"2024",19,220
134770,"2022",NA,NA
134770,"2019",NA,NA
134770,"2017",60,1225
134770,"2023",315,4983
134770,"2024",NA,NA
134770,"2020",141,2676
134770,"2016",16,171
134770,"2021",NA,NA
134770,"2018",90,1341
136440,"2024",160,2752
136440,"2019",54,886
136440,"2017",NA,NA
136440,"2021",NA,NA
136440,"2022",38,1065
136440,"2020",51,1086
136440,"2018",8,207
136440,"2023",64,970
144707,"2019",NA,NA
144707,"2015",NA,NA
144707,"2023",NA,NA
144707,"2022",NA,NA
144707,"2021",79,3285
144707,"2018",18,602
144707,"2020",59,1106
144707,"2016",4,137
144707,"2017",8,616
144719,"2024",128,2907
144719,"2021",92,2616
144719,"2016",NA,NA
144719,"2023",83,2547
144719,"2018",135,2290
144719,"2020",21,956
144719,"2015",5,160
144719,"2019",152,3056
144719,"2022",166,3412
144719,"2017",NA,NA
144750,"2019",NA,NA
144750,"2018",55,437
144750,"2024",80,457
144750,"2022",165,1414
144750,"2023",245,1636
144750,"2020",232,1813
144750,"2017",58,563
144750,"2016",18,358
144750,"2021",NA,NA
144797,"2016",3,139
144821,"2023",8,397
144869,"2021",10,225
144869,"2024",389,4946
144869,"2022",68,1391
144869,"2023",NA,NA
144870,"2024",22,187
144895,"2020",NA,NA
144895,"2022",60,2106
144895,"2024",NA,NA
144895,"2021",52,2078
144895,"2019",35,1384
144895,"2023",76,2057
144895,"2018",36,1192
200059,"2017",21,344
200059,"2024",19,264
200059,"2019",NA,NA
200059,"2022",21,355
200059,"2023",115,2343
200059,"2018",32,578
200095,"2022",NA,NA
200095,"2021",6,229
200095,"2019",4,294
200095,"2018",3,128
200095,"2017",NA,NA
200116,"2023",0,181
200116,"2022",7,248
200116,"2024",18,649
200221,"2019",29,1018
200221,"2021",NA,NA
200221,"2022",147,4145
200221,"2024",NA,NA
200221,"2023",185,4680
200221,"2020",38,2123
200240,"2024",37,620
200240,"2021",9,203
200240,"2022",9,323
200259,"2024",21,284
200267,"2022",NA,NA
200267,"2021",13,323
200267,"2020",15,174
200267,"2023",NA,NA
200267,"2024",262,3019
200297,"2021",3,112
200303,"2022",15,471
200303,"2020",NA,NA
200303,"2024",159,3528
200303,"2021",NA,NA
200303,"2023",109,2323
200374,"2022",17,227
200384,"2023",46,1075
200384,"2020",13,770
200384,"2018",NA,NA
200384,"2022",86,2382
200384,"2024",87,2495
200384,"2021",38,1465
200443,"2024",75,1145
200553,"2019",12,139
200587,"2022",34,418
200587,"2023",28,423
200587,"2024",NA,NA
200615,"2022",195,1914
200615,"2019",251,2685
200615,"2021",412,3723
200615,"2023",NA,NA
200615,"2018",56,480
200615,"2020",57,592
200615,"2024",NA,NA
200670,"2020",36,388
200670,"2023",369,3886
200670,"2022",191,2111
200670,"2021",NA,NA
200670,"2024",57,713
200677,"2022",1,143
200702,"2024",0,138
202058,"2023",12,335
202058,"2024",54,985
202058,"2021",NA,NA
202195,"2022",767,4516
202195,"2024",47,409
202195,"2023",422,2481
202195,"2021",199,1062
202195,"2020",44,214
202235,"2023",3,111
202269,"2021",7,107
202358,"2020",5,140
202358,"2022",28,1070
202358,"2023",17,534
202358,"2024",NA,NA
202358,"2018",3,118
202358,"2019",NA,NA
205734,"2020",55,765
205734,"2022",14,206
205734,"2018",NA,NA
205734,"2019",21,351
205734,"2021",27,489
205734,"2024",245,3605
205734,"2023",NA,NA
206499,"2022",41,340
206499,"2024",328,2734
206499,"2023",91,909
206748,"2020",NA,NA
206748,"2022",38,548
206748,"2023",22,429
206748,"2021",NA,NA
206748,"2024",71,785
206909,"2020",34,466
206909,"2022",431,4479
206909,"2021",216,2295
206909,"2023",247,2808
206909,"2024",NA,NA
207182,"2021",NA,NA
207182,"2022",33,435
207182,"2023",33,333
207182,"2019",NA,NA
207182,"2024",38,428
207352,"2022",NA,NA
207352,"2024",103,1099
207352,"2023",18,121
207678,"2022",10,550
207678,"2023",61,1521
207678,"2024",8,224
207678,"2021",10,819
207681,"2024",82,1120
207733,"2022",271,2419
207733,"2021",30,360
207733,"2023",261,2238
207733,"2024",513,4746
207834,"2022",5,182
207925,"2023",47,851
207925,"2021",7,246
207925,"2022",NA,NA
207925,"2024",378,5312
207985,"2024",28,452
207989,"2024",308,4923
207989,"2020",6,234
207989,"2023",317,5820
207989,"2021",151,3803
207989,"2022",NA,NA
208004,"2024",55,974
208004,"2020",NA,NA
208004,"2023",48,492
208010,"2023",3,156
208010,"2024",15,456
208013,"2023",2,163
208013,"2024",NA,NA
208013,"2021",3,137
208014,"2023",83,1886
208014,"2022",17,257
208014,"2024",NA,NA
208134,"2020",NA,NA
208134,"2022",15,395
208134,"2024",43,1254
208134,"2023",25,640
208144,"2024",4,124
208279,"2024",8,272
208286,"2022",NA,NA
208286,"2024",387,4594
208286,"2023",192,3133
208363,"2024",104,3211
208502,"2023",153,1709
208502,"2022",124,958
208502,"2021",75,602
208502,"2024",88,724
208859,"2024",32,449
208859,"2022",27,499
208859,"2023",18,378
209070,"2023",NA,NA
209070,"2024",230,1957
209070,"2021",22,304
209113,"2022",NA,NA
209113,"2024",154,1542
209113,"2023",62,625
209209,"2023",36,647
209209,"2022",NA,NA
209209,"2024",3,354
209263,"2024",4,176
209279,"2024",80,902
209279,"2023",28,259
209318,"2024",5,124
209414,"2023",110,2733
209414,"2022",NA,NA
209414,"2024",122,2161
210097,"2024",649,5966
210097,"2023",520,4385
210097,"2022",60,538
210136,"2022",NA,NA
210136,"2024",24,242
210136,"2023",15,128
210150,"2023",34,334
210150,"2024",471,3925
210319,"2023",22,272
210319,"2024",18,332
210340,"2023",11,257
210460,"2024",20,226
210506,"2023",73,1231
210506,"2024",288,5038
211514,"2024",9,147
212720,"2024",1,88
201389,"2011",5,883
201389,"2013",1,186
201389,"2004",NA,NA
201389,"2008",1,116
201389,"2010",NA,NA
201483,"2009",0,189
201483,"2018",5,1041
201483,"2021",0,1413
201483,"2019",3,1022
201483,"2023",6,1347
201483,"2016",37,2822
201483,"2007",3,248
201483,"2015",NA,NA
201483,"2008",NA,NA
201483,"2010",NA,NA
201483,"2022",NA,NA
201483,"2017",4,2083
201483,"2020",1,394
201483,"2012",NA,NA
201483,"2014",NA,NA
201483,"2011",1,137
201514,"2012",NA,NA
201514,"2013",NA,NA
201514,"2021",84,2709
201514,"2016",38,1426
201514,"2018",96,2800
201514,"2007",NA,NA
201514,"2020",31,936
201514,"2019",73,2697
201514,"2006",NA,NA
201514,"2015",6,323
201514,"2023",121,3381
201514,"2014",NA,NA
201514,"2008",NA,NA
201514,"2022",96,2886
201514,"2009",NA,NA
201514,"2017",116,3496
201514,"2010",NA,NA
201514,"2011",NA,NA
201514,"2024",99,2017
201516,"2023",3,652
201516,"2011",NA,NA
201516,"2019",8,1121
201516,"2017",35,1733
201516,"2013",NA,NA
201516,"2018",28,1726
201516,"2007",NA,NA
201516,"2010",NA,NA
201516,"2009",13,390
201516,"2008",NA,NA
201516,"2012",5,166
201516,"2015",NA,NA
201516,"2016",13,1371
201516,"2022",1,263
201516,"2005",NA,NA
201527,"2014",145,2504
201527,"2020",12,451
201527,"2021",38,1244
201527,"2008",NA,NA
201527,"2019",44,1323
201527,"2013",NA,NA
201527,"2016",63,1650
201527,"2022",5,371
201527,"2009",NA,NA
201527,"2011",7,124
201527,"2010",NA,NA
201527,"2018",88,1931
201527,"2015",NA,NA
201527,"2017",35,592
201527,"2005",NA,NA
201527,"2012",NA,NA
201527,"2006",NA,NA
201529,"2018",9,483
201529,"2017",12,567
201529,"2019",18,1139
201529,"2021",6,412
201529,"2020",NA,NA
201529,"2014",NA,NA
201529,"2008",NA,NA
201535,"2023",22,215
201535,"2022",54,622
201535,"2013",82,996
201535,"2012",NA,NA
201535,"2011",82,1491
201535,"2019",14,228
201535,"2006",NA,NA
201535,"2007",NA,NA
201535,"2020",NA,NA
201535,"2008",NA,NA
201535,"2010",NA,NA
201535,"2017",286,3400
201535,"2021",75,859
201535,"2009",11,157
201535,"2015",NA,NA
201535,"2016",242,2789
201535,"2018",163,1955
201535,"2014",306,2514
201540,"2014",153,2710
201540,"2022",22,956
201540,"2011",NA,NA
201540,"2016",232,4903
201540,"2009",NA,NA
201540,"2023",NA,NA
201540,"2020",37,934
201540,"2024",3,242
201540,"2015",NA,NA
201540,"2018",170,3530
201540,"2017",287,4650
201540,"2012",49,705
201540,"2019",163,3678
201540,"2013",NA,NA
201540,"2010",4,223
201540,"2021",NA,NA
201554,"2020",NA,NA
201554,"2016",NA,NA
201554,"2017",NA,NA
201554,"2009",5,462
201554,"2010",NA,NA
201554,"2014",7,190
201554,"2021",14,497
201554,"2015",12,662
201554,"2012",7,123
201554,"2018",11,394
201554,"2019",NA,NA
201554,"2011",5,524
201554,"2022",13,304
201568,"2023",NA,NA
201568,"2010",NA,NA
201568,"2014",NA,NA
201568,"2008",NA,NA
201568,"2022",9,789
201568,"2020",NA,NA
201568,"2009",2,273
201568,"2018",3,415
201568,"2013",NA,NA
201568,"2019",0,338
201568,"2011",0,242
201568,"2015",NA,NA
201568,"2021",6,1252
201568,"2017",12,1015
201568,"2016",11,1617
201572,"2010",NA,NA
201572,"2011",6,329
201572,"2009",4,341
201572,"2008",6,175
201585,"2023",NA,NA
201585,"2017",29,1771
201585,"2019",42,2992
201585,"2013",NA,NA
201585,"2011",23,913
201585,"2014",NA,NA
201585,"2012",NA,NA
201585,"2016",62,2249
201585,"2020",33,1066
201585,"2022",42,2458
201585,"2024",31,2605
201585,"2010",3,361
201585,"2018",54,4068
201585,"2015",NA,NA
201585,"2021",55,2746
201590,"2011",32,771
201590,"2012",NA,NA
201590,"2022",NA,NA
201590,"2023",NA,NA
201590,"2016",62,3145
201590,"2017",50,3095
201590,"2018",77,2901
201590,"2019",98,3510
201590,"2021",NA,NA
201590,"2013",31,1381
201590,"2015",NA,NA
201590,"2020",36,1117
201590,"2014",NA,NA
201590,"2010",21,684
201597,"2015",NA,NA
201597,"2019",5,517
201597,"2010",NA,NA
201597,"2013",12,976
201597,"2014",NA,NA
201597,"2012",NA,NA
201597,"2017",13,1916
201597,"2021",3,391
201597,"2011",0,322
201597,"2016",NA,NA
201597,"2018",12,1364
201597,"2009",0,148
201597,"2020",NA,NA
201607,"2010",2,90
201607,"2009",NA,NA
201607,"2011",6,262
201611,"2012",8,124
201611,"2016",84,3363
201611,"2021",9,325
201611,"2014",5,192
201611,"2010",NA,NA
201611,"2013",23,636
201611,"2017",153,4501
201611,"2019",20,1527
201611,"2015",NA,NA
201611,"2020",1,178
201611,"2023",18,1004
201611,"2022",NA,NA
201611,"2024",56,2151
201611,"2018",NA,NA
201616,"2024",NA,NA
201616,"2020",19,977
201616,"2011",NA,NA
201616,"2015",NA,NA
201616,"2016",41,1767
201616,"2013",NA,NA
201616,"2014",NA,NA
201616,"2023",49,2087
201616,"2022",64,2187
201616,"2018",16,753
201616,"2017",59,3123
201616,"2019",30,1341
201616,"2012",10,651
201616,"2021",53,1788
201619,"2023",NA,NA
201619,"2014",NA,NA
201619,"2013",NA,NA
201619,"2015",NA,NA
201619,"2021",119,1731
201619,"2018",230,2907
201619,"2019",278,3206
201619,"2016",327,4581
201619,"2020",63,784
201619,"2022",NA,NA
201619,"2011",15,262
201619,"2012",10,292
201619,"2009",6,119
201619,"2017",122,1899
201619,"2024",NA,NA
201643,"2009",0,225
201648,"2018",50,306
201648,"2012",NA,NA
201648,"2016",214,1905
201648,"2010",NA,NA
201648,"2017",163,1284
201648,"2015",NA,NA
201648,"2014",37,314
201648,"2011",38,264
201648,"2009",NA,NA
201660,"2008",14,235
201660,"2009",7,133
201696,"2017",26,2154
201696,"2014",10,340
201696,"2016",43,3273
201696,"2024",NA,NA
201696,"2021",NA,NA
201696,"2015",NA,NA
201696,"2010",NA,NA
201696,"2020",19,1318
201696,"2022",6,749
201696,"2018",22,1407
201696,"2023",NA,NA
201696,"2019",39,2529
201697,"2011",27,554
201697,"2013",NA,NA
201697,"2019",316,2652
201697,"2021",160,1552
201697,"2018",295,2903
201697,"2014",98,946
201697,"2008",NA,NA
201697,"2012",NA,NA
201697,"2020",137,1212
201697,"2007",NA,NA
201697,"2017",370,3436
201697,"2010",NA,NA
201697,"2015",NA,NA
201697,"2016",274,1943
202358,"2006",NA,NA
202373,"2007",0,142
202402,"2008",0,165
202423,"2012",9,101
202423,"2011",19,154
202426,"2011",NA,NA
202426,"2015",NA,NA
202426,"2016",26,577
202426,"2017",24,730
202426,"2014",7,219
202429,"2015",NA,NA
202429,"2013",NA,NA
202429,"2018",156,2980
202429,"2020",65,1790
202429,"2012",27,947
202429,"2016",81,2589
202429,"2014",NA,NA
202429,"2022",80,2372
202429,"2019",93,2053
202429,"2017",79,2154
202429,"2021",NA,NA
202429,"2023",NA,NA
202429,"2011",NA,NA
202429,"2024",30,587
202446,"2021",19,485
202446,"2017",76,2260
202446,"2019",11,794
202446,"2018",87,2047
202446,"2016",120,3655
202446,"2015",NA,NA
202446,"2011",NA,NA
202446,"2022",22,614
202446,"2020",39,1128
202446,"2023",14,478
202446,"2014",NA,NA
202446,"2012",36,737
202446,"2013",NA,NA
202452,"2011",2,146
202453,"2015",NA,NA
202453,"2013",7,380
202453,"2018",30,1743
202453,"2014",NA,NA
202453,"2019",63,3282
202453,"2024",6,439
202453,"2011",NA,NA
202453,"2012",4,394
202453,"2016",NA,NA
202453,"2021",NA,NA
202453,"2017",26,1439
202453,"2020",17,819
202465,"2012",0,122
202482,"2015",NA,NA
202482,"2019",12,464
202482,"2020",5,330
202482,"2012",NA,NA
202482,"2017",6,532
202482,"2018",0,236
202482,"2016",3,495
202482,"2021",NA,NA
202484,"2019",8,545
202484,"2015",NA,NA
202484,"2013",3,221
202484,"2014",NA,NA
202484,"2020",NA,NA
202484,"2018",1,407
202484,"2017",19,1336
202484,"2016",34,1780
202484,"2012",4,396
202504,"2019",6,398
202504,"2017",86,2270
202504,"2016",52,1106
202504,"2013",16,235
202504,"2020",NA,NA
202504,"2014",NA,NA
202504,"2015",NA,NA
202504,"2012",5,226
202504,"2018",62,1117
202536,"2015",NA,NA
202536,"2017",47,1035
202536,"2021",NA,NA
202536,"2014",4,226
202536,"2020",16,471
202536,"2022",NA,NA
202536,"2016",14,901
202536,"2018",81,2111
202536,"2019",55,1487
202536,"2023",NA,NA
202536,"2024",NA,NA
202578,"2019",1,139
202600,"2017",16,633
202600,"2014",NA,NA
202600,"2015",NA,NA
202600,"2023",NA,NA
202600,"2019",8,588
202600,"2020",7,546
202600,"2024",61,3546
202600,"2021",14,1234
202600,"2018",13,738
202600,"2022",15,1196
202628,"2016",NA,NA
202628,"2018",3,180
202628,"2015",4,356
202628,"2017",NA,NA
202628,"2014",6,397
202628,"2023",40,1123
202628,"2013",5,347
202628,"2022",NA,NA
202628,"2021",17,662
202653,"2015",NA,NA
202653,"2014",3,275
202653,"2016",56,2077
202653,"2018",18,594
202653,"2017",27,1035
202653,"2019",17,375
202662,"2024",0,136
202662,"2018",NA,NA
202662,"2023",5,258
202684,"2014",NA,NA
202684,"2021",24,792
202684,"2022",21,1396
202684,"2015",15,723
202684,"2016",18,637
202684,"2017",42,1523
202684,"2020",8,669
202684,"2019",13,1231
202684,"2018",19,886
202684,"2024",53,1878
202684,"2023",77,3728
202685,"2014",8,403
202685,"2018",NA,NA
202685,"2017",NA,NA
202685,"2016",2,284
202685,"2015",5,303
202702,"2014",46,640
202702,"2013",19,187
202702,"2015",NA,NA
202702,"2016",28,300
202702,"2017",NA,NA
202702,"2019",14,223
202702,"2018",NA,NA
202702,"2021",13,149
202858,"2016",2,120
202916,"2021",38,354
202916,"2019",26,330
202916,"2018",51,576
202921,"2017",2,129
203325,"2021",13,333
203325,"2019",12,253
203354,"2020",3,447
203354,"2023",NA,NA
203354,"2021",15,1560
203354,"2022",NA,NA
203354,"2017",3,232
203354,"2024",27,1927
203354,"2019",1,475
203354,"2018",NA,NA
203435,"2014",NA,NA
203435,"2017",11,552
203435,"2022",1,76
203435,"2018",63,1853
203435,"2023",3,161
203435,"2019",23,1638
203435,"2016",NA,NA
203462,"2019",NA,NA
203462,"2016",33,1612
203462,"2017",40,1325
203462,"2015",NA,NA
203462,"2024",NA,NA
203462,"2022",13,596
203462,"2013",2,287
203462,"2021",21,2314
203462,"2023",18,1554
203462,"2014",3,320
203462,"2020",21,584
203462,"2018",66,1750
203500,"2022",NA,NA
203500,"2016",27,890
203500,"2024",11,594
203500,"2019",16,718
203500,"2020",1,192
203500,"2013",NA,NA
203500,"2018",20,1455
203500,"2015",NA,NA
203500,"2017",13,705
203500,"2021",NA,NA
203500,"2023",31,648
203500,"2014",NA,NA
203501,"2020",15,356
203501,"2013",8,295
203501,"2022",13,327
203501,"2018",38,954
203501,"2019",44,1052
203501,"2023",71,1065
203501,"2024",NA,NA
203501,"2015",25,539
203501,"2017",21,821
203501,"2016",6,224
203501,"2014",25,851
203504,"2016",1,450
203504,"2019",NA,NA
203504,"2017",9,810
203504,"2015",NA,NA
203504,"2018",5,376
203514,"2020",3,274
203514,"2019",11,636
203514,"2023",8,204
203514,"2024",7,526
203514,"2021",7,1505
203514,"2022",6,359
203530,"2016",23,2443
203530,"2020",NA,NA
203530,"2019",16,2244
203530,"2013",2,294
203530,"2023",14,1188
203530,"2021",NA,NA
203530,"2017",27,2400
203530,"2018",13,1290
203530,"2024",NA,NA
203530,"2022",NA,NA
203553,"2017",0,131
203562,"2018",6,100
203562,"2023",NA,NA
203562,"2017",12,118
203564,"2020",NA,NA
203564,"2022",25,892
203564,"2023",8,209
203564,"2016",NA,NA
203564,"2024",31,888
203564,"2018",NA,NA
203564,"2019",71,1009
203564,"2017",11,220
203564,"2021",NA,NA
203575,"2014",NA,NA
203575,"2022",60,1469
203575,"2011",NA,NA
203575,"2021",69,1856
203575,"2020",36,829
203575,"2024",NA,NA
203575,"2018",15,528
203575,"2015",NA,NA
203575,"2019",12,451
203575,"2013",NA,NA
203575,"2017",66,1339
203575,"2012",NA,NA
203575,"2023",66,1255
203575,"2016",119,2831
203576,"2016",2,433
203576,"2015",NA,NA
203576,"2014",2,425
203576,"2017",8,757
204267,"2017",4,104
204362,"2018",0,275
204362,"2015",NA,NA
204362,"2013",NA,NA
204362,"2017",4,183
204362,"2016",3,273
204388,"2013",4,234
204388,"2014",3,224
204394,"2020",4,219
204394,"2017",3,336
204394,"2019",0,305
204394,"2023",NA,NA
204394,"2021",4,247
204394,"2022",NA,NA
204394,"2018",2,782
204394,"2014",NA,NA
204411,"2020",5,211
204411,"2016",NA,NA
204411,"2014",4,264
204411,"2015",NA,NA
204411,"2021",27,1109
204411,"2023",17,901
204411,"2022",NA,NA
204411,"2024",6,371
204427,"2024",NA,NA
204427,"2022",21,2971
204427,"2017",4,2396
204427,"2015",NA,NA
204427,"2023",NA,NA
204427,"2021",NA,NA
204427,"2020",3,1332
204427,"2019",13,2092
204427,"2016",12,982
204427,"2018",3,1366
205344,"2016",7,239
205344,"2017",7,157
205344,"2022",NA,NA
205344,"2018",NA,NA
205344,"2019",6,328
205723,"2017",9,278
205723,"2021",4,177
205723,"2018",NA,NA
205815,"2017",10,380
205815,"2014",8,312
205815,"2018",2,130
205815,"2022",NA,NA
205815,"2016",NA,NA
205848,"2018",1,156
205925,"2021",74,2989
205925,"2014",NA,NA
205925,"2024",26,1168
205925,"2019",108,2587
205925,"2023",85,2727
205925,"2020",32,1619
205925,"2013",NA,NA
205925,"2022",NA,NA
205925,"2015",NA,NA
205925,"2017",66,2260
205925,"2012",NA,NA
205925,"2018",155,3754
205925,"2016",53,1706
206037,"2022",0,296
206037,"2019",4,234
206037,"2023",NA,NA
206037,"2014",NA,NA
206037,"2015",NA,NA
206037,"2016",NA,NA
206037,"2020",3,297
206037,"2018",3,304
206037,"2021",0,191
206037,"2024",NA,NA
206037,"2017",0,343
206107,"2023",NA,NA
206107,"2018",3,132
206107,"2017",6,131
206107,"2015",NA,NA
206107,"2019",3,290
206107,"2021",NA,NA
206107,"2016",9,196
206108,"2023",22,737
206108,"2020",149,1983
206108,"2016",25,581
206108,"2018",62,1235
206108,"2019",174,2612
206108,"2021",NA,NA
206108,"2017",104,1701
206124,"2020",13,838
206124,"2018",5,573
206124,"2017",15,920
206124,"2023",29,1424
206124,"2015",5,273
206124,"2021",NA,NA
206124,"2014",NA,NA
206124,"2024",NA,NA
206124,"2019",15,759
206124,"2022",NA,NA
206124,"2016",21,757
206124,"2013",NA,NA
206136,"2018",3,160
206136,"2017",1,355
206183,"2017",3,217
206183,"2015",NA,NA
206183,"2016",14,324
206216,"2017",6,122
206219,"2019",10,113
206219,"2022",85,1531
206219,"2017",124,2085
206219,"2020",86,994
206219,"2021",87,1451
206219,"2015",NA,NA
206219,"2023",9,209
206219,"2018",24,574
206219,"2016",99,1016
206219,"2024",31,659
206252,"2019",4,186
206252,"2023",NA,NA
206252,"2021",NA,NA
206252,"2022",NA,NA
206252,"2024",124,2811
206252,"2014",5,165
206252,"2018",10,250
206252,"2020",49,1102
206252,"2017",29,735
206252,"2015",NA,NA
206252,"2016",17,546
206255,"2019",23,849
206255,"2017",14,766
206255,"2020",23,1106
206255,"2023",8,634
206255,"2016",37,1506
206255,"2021",21,875
206255,"2015",NA,NA
206289,"2015",NA,NA
206289,"2022",256,4684
206289,"2021",NA,NA
206289,"2020",144,2258
206289,"2016",38,1296
206289,"2014",NA,NA
206289,"2018",117,3271
206289,"2019",211,3889
206289,"2017",69,2414
206289,"2024",NA,NA
206289,"2013",NA,NA
206289,"2023",235,4462
206289,"2012",NA,NA
206292,"2021",75,1814
206292,"2023",5,203
206292,"2019",77,1154
206292,"2022",33,1044
206292,"2020",18,584
206292,"2024",24,492
206374,"2021",15,827
206374,"2018",51,2236
206374,"2014",8,298
206374,"2023",6,133
206374,"2019",101,2860
206374,"2017",11,663
206374,"2016",NA,NA
206374,"2020",15,724
206374,"2015",NA,NA
206374,"2024",72,2153
206408,"2024",59,2232
206408,"2023",59,2328
206408,"2018",2,122
206408,"2016",NA,NA
206408,"2021",NA,NA
206408,"2020",6,870
206408,"2017",3,572
206408,"2022",NA,NA
206417,"2022",NA,NA
206417,"2023",14,582
206417,"2024",6,351
206420,"2016",40,500
206420,"2022",240,3597
206420,"2019",340,4024
206420,"2023",NA,NA
206420,"2024",285,3812
206420,"2018",130,1641
206420,"2021",NA,NA
206420,"2017",74,1257
206420,"2020",137,2213
206430,"2022",3,257
206430,"2023",4,189
206430,"2021",5,125
206430,"2015",NA,NA
206430,"2019",5,332
206430,"2024",NA,NA
210672,"2016",1,174
210705,"2022",3,671
210705,"2017",NA,NA
210705,"2019",2,602
210705,"2024",2,347
210705,"2021",8,1239
210705,"2020",0,298
210705,"2018",0,280
210722,"2019",169,4273
210722,"2024",184,3296
210722,"2022",NA,NA
210722,"2020",156,3084
210722,"2018",230,4710
210722,"2016",17,439
210722,"2021",NA,NA
210722,"2023",182,3322
210722,"2017",153,3708
210871,"2018",5,188
210871,"2016",0,223
210871,"2017",3,128
210871,"2015",NA,NA
210913,"2019",6,152
210957,"2017",37,371
210957,"2016",NA,NA
210957,"2018",10,231
211095,"2018",80,1923
211095,"2019",98,2550
211095,"2023",147,3098
211095,"2017",NA,NA
211095,"2020",52,1113
211095,"2021",82,2443
211095,"2022",63,1590
211095,"2024",124,2315
211279,"2022",NA,NA
211279,"2017",NA,NA
211279,"2015",NA,NA
211279,"2019",24,899
211279,"2023",NA,NA
211279,"2024",50,1884
211279,"2021",24,1133
211279,"2018",18,518
211279,"2020",4,358
211337,"2022",22,861
211337,"2020",NA,NA
211337,"2018",6,483
211337,"2023",48,1953
211337,"2019",13,814
211337,"2024",27,1577
211337,"2017",8,515
211337,"2021",19,796
211411,"2024",14,282
211411,"2019",55,1078
211411,"2021",NA,NA
211411,"2016",NA,NA
211411,"2018",NA,NA
211411,"2020",15,519
211411,"2017",21,734
211456,"2022",2,165
211472,"2015",3,63
211544,"2021",0,35
211684,"2017",NA,NA
211684,"2024",NA,NA
211684,"2022",NA,NA
211684,"2020",3,349
211684,"2014",NA,NA
211684,"2015",NA,NA
211684,"2021",29,999
211684,"2019",12,603
211684,"2016",6,159
211684,"2023",88,2316
211684,"2018",37,1221
211701,"2021",65,2962
211701,"2024",NA,NA
211701,"2022",NA,NA
211701,"2014",17,748
211701,"2023",NA,NA
211701,"2013",NA,NA
211701,"2017",108,3548
211701,"2020",33,1204
211701,"2015",NA,NA
211701,"2016",93,2693
211701,"2018",218,4003
211701,"2019",135,3325
211702,"2021",NA,NA
211702,"2018",34,1304
211702,"2019",33,973
211702,"2016",NA,NA
211702,"2022",16,692
211702,"2017",54,2066
211702,"2015",NA,NA
211702,"2020",16,1061
211702,"2024",NA,NA
211702,"2023",33,1484
211736,"2017",11,540
211736,"2021",NA,NA
211736,"2018",8,395
211736,"2019",71,1135
211736,"2015",NA,NA
211736,"2016",8,349
211796,"2017",39,978
211796,"2016",26,698
211796,"2014",NA,NA
211796,"2019",NA,NA
211796,"2021",6,219
211796,"2018",8,253
211796,"2015",NA,NA
211817,"2017",1,103
211817,"2024",37,884
211817,"2019",19,520
211817,"2022",76,2152
211817,"2023",35,1044
211817,"2018",10,415
211817,"2020",NA,NA
211817,"2016",NA,NA
211817,"2021",39,1263
211878,"2017",12,708
211878,"2020",7,443
211878,"2021",6,593
211878,"2022",NA,NA
211878,"2018",NA,NA
211880,"2024",30,385
211880,"2020",24,431
211880,"2019",50,1127
211880,"2017",21,340
211880,"2018",19,421
211880,"2016",NA,NA
211880,"2023",10,264
211880,"2022",22,416
211887,"2019",13,137
211901,"2019",23,805
211901,"2020",15,471
211901,"2021",27,908
211901,"2023",5,290
211903,"2017",NA,NA
211903,"2020",1,244
211903,"2022",3,181
212001,"2019",41,1671
212001,"2015",14,237
212001,"2016",10,191
212001,"2022",NA,NA
212001,"2018",69,1919
212001,"2017",98,2234
212001,"2020",NA,NA
212001,"2021",13,550
212805,"2022",NA,NA
212805,"2017",12,192
212805,"2020",11,172
213525,"2021",NA,NA
213525,"2020",59,1512
213525,"2017",8,228
213525,"2016",7,164
213525,"2018",28,617
213525,"2022",NA,NA
213525,"2019",46,1804
213525,"2024",NA,NA
213525,"2023",69,2101
213544,"2022",NA,NA
213544,"2019",19,594
213544,"2024",NA,NA
213544,"2020",16,322
213544,"2021",3,218
213544,"2017",45,1111
213544,"2018",28,900
213544,"2023",8,308
213550,"2021",39,1636
213550,"2015",NA,NA
213550,"2018",61,2515
213550,"2019",NA,NA
213550,"2022",26,1261
213550,"2020",68,2435
213550,"2017",8,473
213550,"2023",64,2951
213550,"2024",58,2774
213550,"2016",NA,NA
213631,"2019",23,1053
213631,"2021",61,2599
213631,"2017",NA,NA
213631,"2020",42,1380
213631,"2015",NA,NA
213631,"2018",10,386
213631,"2024",NA,NA
213631,"2022",NA,NA
213631,"2023",84,3189
213646,"2023",NA,NA
213646,"2022",NA,NA
213646,"2024",43,773
213646,"2017",11,192
213646,"2018",6,259
213646,"2019",23,208
213646,"2016",NA,NA
213646,"2021",9,361
213710,"2023",32,2046
213710,"2024",NA,NA
213710,"2021",3,514
213710,"2022",7,981
213828,"2020",1,115
213889,"2022",36,1102
213889,"2023",NA,NA
213889,"2024",93,2230
213889,"2019",61,1144
213889,"2020",36,806
213889,"2021",113,2464
213908,"2022",8,407
213908,"2023",4,124
213908,"2024",4,340
213926,"2021",0,110
213947,"2016",5,114
214020,"2023",1,152
214020,"2021",1,124
214032,"2019",0,205
214032,"2024",NA,NA
214032,"2020",2,199
214040,"2016",8,214
214040,"2021",13,335
214040,"2022",3,162
214040,"2018",2,168
214040,"2019",12,268
214040,"2024",NA,NA
214040,"2023",31,1220
214119,"2023",151,2347
214119,"2022",NA,NA
214119,"2024",65,1400
214119,"2016",16,310
214119,"2021",18,283
214119,"2017",NA,NA
214149,"2017",12,225
214149,"2022",NA,NA
214149,"2024",NA,NA
214149,"2023",NA,NA
214149,"2018",208,2478
214149,"2020",69,942
214149,"2021",67,1118
214149,"2019",222,3078
214181,"2021",19,1234
214181,"2022",17,775
214229,"2016",1,186
214263,"2017",43,2403
214263,"2014",NA,NA
214263,"2018",15,968
214263,"2016",18,664
214263,"2015",3,184
214263,"2020",21,1020
214304,"2021",NA,NA
214304,"2017",15,302
214304,"2019",44,941
214304,"2018",86,1870
214304,"2016",NA,NA
214304,"2020",13,212
214312,"2016",5,203
214405,"2022",11,466
214405,"2023",19,811
214405,"2017",NA,NA
214405,"2019",NA,NA
214405,"2020",8,233
214452,"2024",86,3137
214452,"2017",9,253
214452,"2019",NA,NA
214452,"2021",12,439
214452,"2022",18,501
214452,"2018",48,970
214452,"2020",15,355
214452,"2023",56,1045
214480,"2024",6,298
214480,"2023",1,241
214480,"2018",NA,NA
214521,"2024",1,171
214521,"2018",2,300
214521,"2020",3,223
214541,"2024",NA,NA
214541,"2017",47,521
214541,"2022",NA,NA
214541,"2019",17,247
214541,"2023",5,259
214541,"2018",109,1265
214541,"2016",NA,NA
214544,"2023",NA,NA
214544,"2022",NA,NA
214544,"2018",316,5543
214544,"2017",92,1564
214544,"2020",167,2892
214544,"2019",249,4133
214544,"2021",NA,NA
214544,"2024",307,4722
214593,"2024",7,826
214593,"2021",0,343
214593,"2022",0,346
214593,"2023",5,880
214621,"2016",1,223
214621,"2014",NA,NA
214621,"2017",3,109
214641,"2017",6,217
214641,"2014",NA,NA
214641,"2018",1,181
214643,"2024",NA,NA
214643,"2022",240,3056
214643,"2019",48,1014
214643,"2023",NA,NA
214643,"2021",239,2796
214643,"2020",41,554
214694,"2022",6,171
214694,"2017",8,167
214694,"2021",NA,NA
214694,"2019",NA,NA
214694,"2018",31,524
214839,"2022",24,505
214839,"2024",18,236
214839,"2021",NA,NA
214839,"2023",68,1348
214906,"2022",NA,NA
214906,"2024",8,359
214906,"2020",NA,NA
214906,"2017",NA,NA
214906,"2021",30,633
214906,"2023",83,2482
214906,"2018",13,917
214939,"2019",22,976
214939,"2023",54,2066
214939,"2016",NA,NA
214939,"2017",13,638
214939,"2022",NA,NA
214939,"2021",32,1841
214939,"2024",NA,NA
214939,"2020",11,416
214939,"2018",NA,NA
214954,"2016",10,117
214954,"2020",28,1252
214954,"2019",57,2577
214954,"2023",NA,NA
214954,"2024",NA,NA
214954,"2022",NA,NA
214954,"2018",52,2217
214954,"2021",NA,NA
214954,"2017",43,1165
215016,"2020",10,187
215016,"2018",3,312
215016,"2019",NA,NA
215016,"2017",9,297
215016,"2015",NA,NA
215018,"2021",10,312
215018,"2017",13,335
215018,"2019",10,282
215018,"2022",NA,NA
215018,"2018",8,271
215018,"2024",NA,NA
215020,"2023",156,3470
215020,"2018",43,1465
215020,"2020",50,1090
215020,"2022",49,973
215020,"2024",62,2655
215020,"2021",55,1412
215020,"2019",60,2258
215020,"2017",23,628
215020,"2016",3,166
215035,"2019",NA,NA
215035,"2018",65,1160
215035,"2022",109,2399
215035,"2023",56,1654
215035,"2021",NA,NA
215035,"2017",6,316
215035,"2024",97,2732
215035,"2016",NA,NA
215035,"2020",123,2105
215091,"2020",1,146
215096,"2018",4,259
215096,"2017",5,327
215096,"2022",NA,NA
215096,"2019",2,207
215096,"2023",3,350
215138,"2024",114,1436
215138,"2022",8,327
215151,"2024",25,188
215151,"2023",NA,NA
215151,"2020",10,220
215151,"2022",12,293
215151,"2019",2,193
215219,"2021",65,1766
215219,"2019",22,782
215219,"2023",NA,NA
215219,"2018",2,144
215219,"2022",NA,NA
215219,"2017",NA,NA
215219,"2024",1,96
215219,"2020",27,1039
215259,"2020",11,556
215259,"2021",17,430
215259,"2018",NA,NA
215337,"2021",NA,NA
215337,"2022",NA,NA
215337,"2018",52,786
215337,"2023",NA,NA
215337,"2019",27,470
215337,"2024",40,1502
215337,"2020",7,171
215370,"2022",NA,NA
215370,"2018",22,585
215370,"2017",39,843
215370,"2021",71,2263
215370,"2019",NA,NA
215370,"2024",44,1418
215370,"2023",74,2274
215371,"2018",3,163
215371,"2019",9,473
215371,"2020",NA,NA
215371,"2022",NA,NA
215371,"2021",10,407
215395,"2020",4,314
215571,"2024",1,128
215613,"2020",NA,NA
215613,"2023",37,2054
215613,"2024",91,4864
215613,"2021",6,331
215613,"2019",NA,NA
215613,"2022",4,292
215627,"2022",18,334
215672,"2018",2,243
215713,"2019",63,2266
215713,"2021",NA,NA
215713,"2020",32,766
215713,"2018",46,1178
215713,"2024",112,3572
215713,"2017",NA,NA
215713,"2023",95,3852
215713,"2022",NA,NA
215785,"2022",35,2259
215785,"2016",NA,NA
215785,"2017",3,269
215785,"2018",NA,NA
215785,"2024",NA,NA
215785,"2020",4,200
215785,"2021",NA,NA
215785,"2019",6,624
215785,"2023",25,2414
215832,"2021",4,137
215859,"2016",4,69
215869,"2016",2,200
215869,"2017",11,277
215872,"2019",NA,NA
215872,"2022",NA,NA
215872,"2023",30,1665
215872,"2024",48,2042
215872,"2021",21,1192
215872,"2020",1,127
215899,"2023",5,350
215899,"2019",7,146
215899,"2024",4,300
215899,"2022",3,489
215899,"2021",NA,NA
215910,"2024",14,238
215910,"2018",NA,NA
215910,"2023",18,772
215910,"2022",NA,NA
215910,"2021",6,254
215936,"2021",17,474
215936,"2023",10,235
215936,"2024",NA,NA
215983,"2021",57,2003
215983,"2024",20,825
215983,"2020",11,469
215983,"2022",NA,NA
215983,"2023",12,383
215996,"2021",11,212
215996,"2022",9,541
215996,"2023",18,416
215996,"2024",11,423
216016,"2024",NA,NA
216016,"2022",NA,NA
216016,"2017",1,125
216016,"2019",15,534
216016,"2021",56,1314
216016,"2020",42,642
216016,"2018",7,258
216016,"2023",172,3107
216055,"2024",NA,NA
216055,"2019",14,256
216055,"2023",NA,NA
216055,"2018",1,162
216055,"2020",6,280
216074,"2023",0,77
216081,"2024",0,246
216081,"2023",NA,NA
216081,"2022",1,293
216083,"2024",NA,NA
216083,"2020",13,525
216083,"2019",28,832
216083,"2022",28,944
216083,"2023",23,1486
216083,"2021",29,1207
216097,"2022",12,412
216097,"2023",26,1002
216097,"2024",NA,NA
216133,"2019",22,472
216133,"2018",8,297
216133,"2020",NA,NA
216133,"2021",82,1419
216133,"2023",93,3299
216133,"2022",NA,NA
216133,"2024",122,4044
216139,"2023",5,209
216146,"2020",25,537
216146,"2019",17,474
216146,"2021",96,2559
216146,"2023",NA,NA
216146,"2024",NA,NA
216146,"2022",NA,NA
216146,"2018",40,735
216150,"2020",4,202
216153,"2019",42,2410
216153,"2018",21,1238
216153,"2024",NA,NA
216153,"2023",16,654
216153,"2021",64,1989
216153,"2020",32,1371
216153,"2022",NA,NA
216153,"2017",NA,NA
216180,"2022",0,186
216262,"2021",37,1487
216262,"2019",NA,NA
216262,"2022",36,1290
216262,"2024",NA,NA
216262,"2020",6,486
216262,"2023",51,1926
216265,"2022",NA,NA
216265,"2021",22,403
216265,"2024",39,918
216265,"2023",23,378
216462,"2016",4,256
216475,"2016",0,93
219422,"2017",1,196
219875,"2024",NA,NA
219875,"2019",9,434
219875,"2022",42,1929
219875,"2021",67,2569
219875,"2020",12,506
219875,"2023",77,3314
219917,"2024",69,976
219917,"2021",47,382
219917,"2023",268,2443
219917,"2022",42,452
220272,"2022",3,271
220332,"2024",15,1119
220332,"2022",NA,NA
220332,"2023",5,1039
220339,"2018",4,222
220395,"2016",0,119
220465,"2019",NA,NA
220465,"2022",4,653
220465,"2024",27,2356
220465,"2023",30,1429
220465,"2021",NA,NA
220465,"2020",0,155
220520,"2024",49,1404
220548,"2024",98,3320
220548,"2023",43,2282
220548,"2022",NA,NA
220589,"2024",28,3424
220589,"2023",22,1523
220589,"2022",7,569
220750,"2022",3,267
220750,"2024",5,285
220750,"2023",2,411
220946,"2022",3,294
221024,"2020",NA,NA
221024,"2024",69,1473
221024,"2023",18,516
221024,"2021",42,604
221024,"2022",43,686
221024,"2019",8,176
221054,"2024",NA,NA
221054,"2022",99,2477
221054,"2023",22,618
221054,"2021",53,1139
221105,"2020",3,196
221236,"2024",26,592
221236,"2023",29,553
221237,"2024",15,731
221237,"2023",3,524
221247,"2024",2,344
221247,"2022",0,130
221247,"2021",NA,NA
221247,"2023",0,249
221818,"2017",0,259
221824,"2017",1,268
221828,"2017",1,271
221831,"2018",0,208
221837,"2018",0,126
221844,"2018",2,142
221852,"2018",0,166
221911,"2024",4,165
221911,"2023",12,269
221911,"2019",NA,NA
222233,"2024",28,903
222233,"2022",2,173
222233,"2023",5,265
222258,"2024",30,909
222258,"2023",102,2638
222258,"2022",33,1182
222258,"2020",NA,NA
222258,"2021",8,353
222296,"2023",11,561
222296,"2024",24,748
222328,"2022",23,601
222328,"2023",NA,NA
222328,"2024",207,3229
222513,"2022",1,258
222559,"2024",5,330
222601,"2024",18,1391
222601,"2023",7,317
222965,"2024",79,1814
222965,"2022",4,208
222965,"2023",16,1007
222966,"2024",3,121
222966,"2022",1,103
223131,"2020",0,130
223132,"2020",0,200
223133,"2020",5,195
223134,"2020",1,264
223135,"2020",5,93
223159,"2022",2,171
223331,"2024",16,499
223333,"2024",2,232
223333,"2023",18,493
223335,"2022",0,124
232447,"2024",15,349
232447,"2023",28,694
233741,"2024",5,205
239389,"2024",9,256
252499,"2023",9,147
252499,"2024",19,453
252587,"2024",3,186
256684,"2024",15,415
259799,"2023",40,1462
259799,"2024",134,3291
259799,"2022",NA,NA
260170,"2024",5,346
260300,"2024",1,166
260847,"2024",NA,NA
260848,"2024",NA,NA
260913,"2024",NA,NA
261963,"2024",NA,NA
263847,"2023",NA,NA
263848,"2023",NA,NA
263849,"2023",NA,NA
263850,"2023",NA,NA
263852,"2023",NA,NA
263853,"2023",NA,NA
263857,"2024",21,1147
264205,"2023",NA,NA
266671,"2024",6,387
