"player_id","year","bp","bp_converted"
102093,"2024",20,3
102143,"2003",55,23
102143,"2005",18,5
102143,"2002",41,12
102143,"1997",NA,NA
102143,"2001",42,15
102143,"2006",NA,NA
102143,"2004",17,4
102143,"2000",18,4
102179,"2000",93,25
102179,"1996",13,4
102179,"2001",218,75
102179,"2004",208,69
102179,"2002",NA,NA
102179,"1999",NA,NA
102179,"2005",126,42
102179,"2007",33,10
102179,"2003",242,78
102179,"2006",19,8
102269,"2002",NA,NA
102269,"2005",26,6
102269,"2006",23,2
102269,"1997",82,30
102269,"2001",11,6
102269,"1996",10,3
102269,"2003",42,19
102269,"1995",NA,NA
102269,"2000",22,6
102269,"1998",NA,NA
102269,"2004",77,28
102287,"2000",326,139
102287,"1995",58,23
102287,"2001",511,222
102287,"2003",189,69
102287,"1993",NA,NA
102287,"1996",NA,NA
102287,"2002",NA,NA
102287,"2007",NA,NA
102287,"2006",122,51
102287,"1998",270,92
102287,"2005",51,21
102287,"2004",119,45
102287,"1999",NA,NA
102287,"1997",314,139
102456,"2001",325,158
102456,"2003",NA,NA
102456,"2005",213,99
102456,"2002",326,133
102456,"1998",NA,NA
102456,"2007",25,12
102456,"1997",NA,NA
102456,"1996",616,291
102456,"2000",198,98
102456,"1995",126,56
102456,"2004",308,117
102456,"1999",NA,NA
102456,"1994",NA,NA
102494,"2000",150,56
102494,"2004",66,33
102494,"2005",125,48
102494,"2003",NA,NA
102494,"1999",9,7
102494,"2006",93,38
102494,"1997",9,7
102494,"2001",110,43
102494,"2002",47,18
102565,"2007",28,11
102565,"2002",41,21
102565,"2005",78,26
102565,"2006",NA,NA
102565,"2004",22,7
102565,"2003",86,27
102642,"2006",63,22
102642,"2003",152,67
102642,"2001",NA,NA
102642,"2002",75,30
102642,"1999",24,9
102642,"2004",347,111
102642,"2007",8,4
102642,"2005",233,86
102642,"2000",75,27
102694,"2005",136,49
102694,"2001",260,86
102694,"2007",NA,NA
102694,"1994",NA,NA
102694,"2004",159,54
102694,"1997",25,14
102694,"2003",NA,NA
102694,"1995",48,23
102694,"2006",70,28
102694,"1996",81,32
102694,"1999",115,57
102694,"1998",117,52
102694,"2000",25,13
102694,"2002",245,106
102788,"2003",90,33
102788,"2008",4,3
102788,"2006",16,6
102788,"2004",83,28
102788,"2001",113,49
102788,"2007",7,3
102788,"2005",18,9
102788,"2002",NA,NA
102834,"2003",58,28
102834,"1994",NA,NA
102834,"1995",NA,NA
102834,"2001",87,40
102834,"2002",23,8
102834,"1996",NA,NA
102834,"2007",159,70
102834,"1998",33,9
102834,"2000",343,137
102834,"2004",62,26
102834,"2006",253,110
102834,"2005",183,77
102834,"1993",NA,NA
102834,"1999",248,115
102869,"1995",51,18
102869,"2003",147,70
102869,"1998",345,118
102869,"2005",NA,NA
102869,"2001",298,111
102869,"1999",198,82
102869,"1997",211,89
102869,"1996",NA,NA
102869,"2006",18,10
102869,"2002",142,53
102869,"2004",126,49
102869,"2000",191,80
102869,"1994",NA,NA
102880,"2002",123,57
102880,"2000",146,65
102880,"1999",NA,NA
102880,"2001",102,32
102880,"2003",116,52
102880,"2004",158,62
102880,"2005",91,30
102881,"2007",NA,NA
102881,"1995",21,10
102881,"1993",9,5
102881,"1994",12,6
102881,"1997",14,8
102881,"2006",NA,NA
102881,"2008",NA,NA
102881,"1996",21,8
102886,"2010",NA,NA
102886,"2006",10,4
102886,"2003",86,39
102886,"2012",NA,NA
102886,"2005",31,13
102886,"2004",19,5
102886,"2001",NA,NA
102904,"2006",28,15
102904,"2000",33,10
102904,"2001",NA,NA
102925,"2007",31,12
102925,"2005",98,40
102925,"2004",38,9
102925,"1999",263,105
102925,"2000",211,72
102925,"1997",290,102
102925,"2001",94,33
102925,"2002",82,27
102925,"1998",NA,NA
102925,"2003",149,64
102925,"2006",204,72
102925,"1996",56,27
102925,"1995",17,6
102967,"2002",3,2
102967,"2011",NA,NA
102967,"2013",NA,NA
102967,"2009",306,114
102967,"2006",212,78
102967,"2004",20,9
102967,"2014",19,8
102967,"2008",266,115
102967,"2012",NA,NA
102967,"2010",87,35
102967,"2005",36,16
102967,"2007",268,103
102999,"2003",25,10
102999,"2006",110,45
102999,"2002",NA,NA
102999,"2001",23,8
102999,"2007",65,30
102999,"2011",NA,NA
102999,"2008",22,11
102999,"2010",NA,NA
103032,"2005",20,8
103105,"2006",NA,NA
103105,"2005",61,24
103105,"2013",40,16
103105,"2010",26,10
103105,"2002",NA,NA
103105,"2009",87,31
103105,"2008",45,18
103105,"2004",NA,NA
103105,"2014",NA,NA
103105,"2003",105,47
103105,"2012",93,37
103105,"2011",126,54
103105,"2001",8,4
103105,"2007",NA,NA
103169,"2007",NA,NA
103169,"2008",291,112
103169,"2005",151,57
103169,"2009",242,94
103169,"2006",49,18
103169,"2003",62,25
103169,"2010",64,18
103169,"2004",149,54
103175,"2006",NA,NA
103175,"2007",5,2
103175,"2005",18,5
103181,"2005",155,51
103181,"2006",176,80
103181,"2003",69,29
103181,"2000",NA,NA
103181,"2008",NA,NA
103181,"2007",113,47
103181,"1995",15,10
103181,"2004",84,29
103181,"2002",24,13
103181,"2009",NA,NA
103181,"2001",233,93
103185,"1997",NA,NA
103185,"2008",NA,NA
103185,"2002",20,5
103185,"2003",16,9
103185,"2001",11,6
103185,"2007",NA,NA
103185,"2000",20,8
103188,"2010",218,88
103188,"2006",NA,NA
103188,"2001",194,75
103188,"2012",146,70
103188,"2013",139,53
103188,"2007",164,69
103188,"2011",171,77
103188,"2009",57,19
103188,"2014",132,44
103188,"2000",45,21
103188,"2008",46,21
103188,"2003",17,6
103188,"2002",141,53
103188,"2015",NA,NA
103188,"1998",NA,NA
103204,"2002",NA,NA
103204,"2005",38,11
103204,"2003",NA,NA
103204,"2001",71,22
103204,"2006",16,6
103204,"2004",36,13
103204,"2007",29,12
103204,"2008",17,7
103204,"2000",NA,NA
103240,"2009",117,46
103240,"1999",NA,NA
103240,"2001",15,7
103240,"2006",145,64
103240,"2010",17,4
103240,"2005",317,122
103240,"1996",NA,NA
103240,"2004",30,10
103240,"2002",24,12
103240,"2000",54,17
103240,"2003",NA,NA
103240,"2007",117,37
103240,"2008",NA,NA
103252,"2010",47,24
103252,"2003",NA,NA
103252,"2007",100,37
103252,"1998",33,16
103252,"2004",338,140
103252,"2009",154,57
103252,"2000",NA,NA
103252,"1996",26,11
103252,"2002",NA,NA
103252,"1999",NA,NA
103252,"2001",446,206
103252,"1997",NA,NA
103252,"2005",380,146
103252,"2006",289,122
103252,"2008",55,17
103305,"2000",49,21
103305,"2004",54,20
103305,"2005",12,6
103305,"2002",NA,NA
103305,"1997",NA,NA
103305,"2001",59,21
103339,"1998",NA,NA
103339,"2007",8,4
103339,"2004",3,2
103339,"2006",30,12
103373,"2009",30,13
103373,"2007",NA,NA
103373,"2000",21,5
103373,"2008",205,65
103373,"2005",NA,NA
103373,"2003",36,14
103373,"2006",75,36
103401,"2007",136,49
103401,"2011",50,18
103401,"2005",NA,NA
103401,"2014",20,7
103401,"2015",19,8
103401,"2004",133,57
103401,"2009",NA,NA
103401,"2016",NA,NA
103401,"2010",NA,NA
103401,"2006",NA,NA
103401,"2002",NA,NA
103401,"2000",NA,NA
103401,"2013",61,22
103401,"2008",83,36
103401,"2012",24,10
103408,"2002",109,48
103408,"2006",7,2
103408,"2003",237,84
103408,"2004",64,22
103408,"2005",16,8
103420,"1996",35,19
103420,"1997",NA,NA
103420,"2001",NA,NA
103420,"2005",124,45
103420,"2004",NA,NA
103420,"1998",10,5
103420,"2008",NA,NA
103420,"2002",69,28
103420,"2000",59,22
103420,"1999",30,17
103424,"2006",22,10
103448,"2008",6,3
103451,"2010",130,51
103451,"2002",42,20
103451,"2006",269,100
103451,"1999",32,16
103451,"2007",110,39
103451,"2009",152,74
103451,"2011",39,17
103451,"1998",NA,NA
103451,"2014",36,17
103451,"2004",53,30
103451,"2012",139,56
103451,"2001",32,15
103451,"2008",50,15
103451,"2005",169,76
103451,"2013",36,10
103451,"2003",36,15
103451,"2000",NA,NA
103470,"2011",76,18
103470,"2012",NA,NA
103470,"2005",NA,NA
103470,"2009",134,58
103470,"2007",112,37
103470,"2008",60,14
103470,"2003",102,30
103470,"2004",40,10
103470,"2010",NA,NA
103470,"2006",52,20
103487,"2002",31,12
103487,"2007",NA,NA
103487,"2001",NA,NA
103487,"2005",49,20
103487,"2000",30,11
103487,"2006",35,11
103487,"1998",NA,NA
103490,"2009",97,43
103490,"2007",49,23
103490,"2006",21,8
103490,"2010",77,32
103490,"2004",NA,NA
103490,"2005",163,73
103490,"2008",128,55
103516,"2005",28,15
103516,"2006",41,12
103516,"2004",NA,NA
103516,"2007",47,12
103534,"2004",14,5
103534,"2012",25,16
103534,"2009",141,46
103534,"2007",152,61
103534,"2008",107,37
103534,"2011",NA,NA
103534,"2005",NA,NA
103534,"2006",24,6
103538,"2006",13,5
103543,"2010",7,3
103543,"2008",56,12
103565,"2010",174,79
103565,"2020",NA,NA
103565,"2011",38,12
103565,"2018",23,11
103565,"2015",48,18
103565,"2004",25,10
103565,"2017",52,16
103565,"2016",242,97
103565,"2014",100,40
103565,"2012",NA,NA
103565,"2013",42,14
103566,"2013",NA,NA
103566,"2000",96,39
103566,"2014",47,16
103566,"2008",NA,NA
103566,"2003",77,16
103566,"2006",NA,NA
103566,"2010",NA,NA
103566,"2009",154,52
103566,"2001",120,46
103566,"2002",NA,NA
103566,"2005",143,57
103566,"2007",217,73
103566,"2004",222,90
103566,"2011",NA,NA
103566,"2012",146,44
103582,"2016",78,28
103582,"2007",158,63
103582,"2010",239,95
103582,"2005",7,2
103582,"2014",36,18
103582,"2015",78,27
103582,"2013",47,17
103582,"2011",225,80
103582,"2012",117,39
103582,"2004",NA,NA
103582,"2006",100,42
103582,"2008",NA,NA
103582,"2009",123,37
103656,"2005",187,70
103656,"2010",NA,NA
103656,"2007",NA,NA
103656,"2006",192,78
103656,"2008",296,114
103656,"2012",135,58
103656,"2004",165,63
103656,"2014",146,55
103656,"2003",171,72
103656,"2017",11,5
103656,"2001",180,76
103656,"2011",363,143
103656,"2002",243,84
103656,"2009",NA,NA
103656,"2013",246,89
103656,"2015",136,43
103656,"2016",80,33
103675,"2006",41,13
103675,"2007",NA,NA
103675,"2009",116,50
103675,"2008",14,7
103675,"2010",NA,NA
103675,"2012",27,9
103675,"2011",32,15
103693,"2010",NA,NA
103693,"2006",61,20
103693,"2003",38,23
103693,"2008",43,16
103693,"2009",21,4
103693,"2007",47,14
103693,"2005",38,14
103693,"2002",NA,NA
103693,"2004",NA,NA
103700,"2002",NA,NA
103700,"2004",30,12
103700,"2007",NA,NA
103700,"2006",35,14
103700,"2005",19,6
103701,"2008",83,23
103701,"2007",NA,NA
103701,"2006",32,10
103702,"2006",8,3
103722,"2011",71,26
103722,"2010",301,121
103722,"2004",60,23
103722,"2009",356,131
103722,"2003",NA,NA
103722,"2014",NA,NA
103722,"2006",339,147
103722,"2005",172,75
103722,"2007",NA,NA
103722,"2013",NA,NA
103722,"2002",NA,NA
103722,"2012",66,31
103722,"2008",299,110
103737,"2005",26,12
103737,"2006",81,30
103737,"2002",NA,NA
103737,"2003",10,2
103747,"2009",NA,NA
103747,"2011",NA,NA
103747,"2008",22,7
103747,"2006",1,0
103747,"2007",24,11
103747,"2010",13,5
103761,"2004",9,2
103761,"2007",18,7
103761,"2008",NA,NA
103761,"2006",NA,NA
103761,"2005",14,6
103763,"2008",28,6
103794,"2007",NA,NA
103794,"2006",113,39
103794,"2011",55,18
103794,"2008",136,57
103794,"2015",NA,NA
103794,"2010",NA,NA
103794,"2016",152,58
103794,"2014",331,122
103794,"2012",156,57
103794,"2013",158,60
103794,"2017",NA,NA
103794,"2009",136,66
103823,"2006",129,53
103823,"2009",65,21
103823,"2008",NA,NA
103823,"2012",9,4
103823,"2011",66,23
103823,"2002",NA,NA
103823,"2007",NA,NA
103823,"2005",30,9
103850,"2008",23,9
103850,"2009",14,8
103850,"2011",NA,NA
103868,"2008",98,37
103868,"2006",40,15
103868,"2007",NA,NA
103868,"2011",15,6
103868,"2010",30,10
103868,"2004",NA,NA
103868,"2005",27,12
103868,"2009",133,48
103868,"2012",8,5
103893,"2014",163,75
103893,"2017",NA,NA
103893,"2011",27,11
103893,"2010",NA,NA
103893,"2016",341,148
103893,"2015",NA,NA
103893,"2007",10,6
103893,"2012",172,61
103893,"2013",NA,NA
103893,"2019",105,33
103893,"2006",NA,NA
103893,"2009",NA,NA
103893,"2021",NA,NA
103893,"2018",145,52
103893,"2020",28,9
103898,"2004",196,84
103898,"2018",149,51
103898,"2006",354,137
103898,"2014",NA,NA
103898,"2009",366,147
103898,"2002",NA,NA
103898,"2013",NA,NA
103898,"2001",18,9
103898,"2016",135,46
103898,"2008",NA,NA
103898,"2015",21,5
103898,"2017",174,66
103898,"2005",117,49
103898,"2003",59,19
103898,"2011",273,112
103898,"2012",NA,NA
103898,"2010",NA,NA
103898,"2007",362,138
103917,"2019",51,19
103917,"2006",139,56
103917,"2010",36,17
103917,"2011",NA,NA
103917,"2016",232,107
103917,"2017",210,65
103917,"2003",57,17
103917,"2018",60,25
103917,"2021",NA,NA
103917,"2009",33,16
103917,"2012",209,85
103917,"2007",251,97
103917,"2001",29,8
103917,"2015",NA,NA
103917,"2002",NA,NA
103917,"2005",25,8
103917,"2000",NA,NA
103917,"2008",196,73
103917,"2013",154,65
103917,"2004",NA,NA
103917,"2014",192,68
104023,"2011",7,5
104025,"2006",35,10
104025,"2008",79,29
104025,"2012",NA,NA
104025,"2005",29,8
104025,"2004",31,15
104025,"2009",41,11
104025,"2011",NA,NA
104025,"2010",NA,NA
104025,"2003",33,10
104025,"2007",167,57
104035,"2010",NA,NA
104035,"2012",64,22
104035,"2005",90,30
104035,"2008",226,75
104035,"2006",61,19
104035,"2011",NA,NA
104035,"2013",33,12
104035,"2004",NA,NA
104035,"2007",NA,NA
104035,"2009",69,25
104035,"2003",NA,NA
104043,"2016",NA,NA
104043,"2010",NA,NA
104043,"2008",25,7
104043,"2005",48,15
104043,"2007",NA,NA
104043,"2001",48,23
104043,"2013",NA,NA
104043,"2014",NA,NA
104043,"2003",39,21
104043,"2004",127,67
104043,"2002",24,11
104068,"2003",NA,NA
104068,"2002",112,45
104068,"2011",50,14
104068,"2005",436,177
104068,"2010",157,55
104068,"2006",NA,NA
104068,"2008",NA,NA
104068,"2007",225,94
104068,"2013",22,9
104068,"2009",241,94
104068,"2014",47,19
104068,"2001",50,20
104068,"2004",NA,NA
104068,"2012",48,18
104091,"2008",18,6
104149,"2008",16,4
104166,"2001",NA,NA
104166,"2003",79,38
104166,"2012",NA,NA
104166,"2011",377,140
104166,"2009",23,13
104166,"2005",NA,NA
104166,"2008",NA,NA
104166,"2004",164,71
104166,"2013",NA,NA
104166,"2006",21,15
104166,"2010",NA,NA
104166,"2014",45,21
104166,"2002",22,13
104167,"2009",21,12
104167,"2004",NA,NA
104167,"2005",11,4
104167,"2006",15,4
104173,"2006",15,8
104173,"2007",7,4
104173,"2008",63,20
104196,"2001",6,4
104196,"2002",NA,NA
104196,"2006",36,14
104198,"2014",409,168
104198,"2009",424,169
104198,"2008",NA,NA
104198,"2013",NA,NA
104198,"2016",345,124
104198,"2010",389,152
104198,"2017",123,45
104198,"2004",79,36
104198,"2018",288,105
104198,"2011",355,144
104198,"2005",313,133
104198,"2019",71,22
104198,"2007",251,107
104198,"2006",254,96
104198,"2015",NA,NA
104198,"2012",302,129
104198,"2003",NA,NA
104216,"2009",NA,NA
104216,"2013",24,8
104216,"2015",NA,NA
104216,"2008",73,29
104216,"2014",54,25
104216,"2016",48,14
104216,"2011",99,39
104216,"2012",NA,NA
104216,"2010",84,28
104216,"2007",NA,NA
104216,"2017",16,10
104224,"2005",11,5
104224,"2006",7,3
104230,"2008",18,6
104230,"2009",191,72
104230,"2007",25,9
104230,"2003",NA,NA
104230,"2005",17,5
104230,"2010",NA,NA
104230,"2004",31,12
104256,"2012",6,2
104262,"2006",NA,NA
104262,"2011",97,46
104262,"2012",292,132
104262,"2009",NA,NA
104262,"2010",NA,NA
104262,"2008",142,47
104262,"2013",44,21
104262,"2007",19,9
104269,"2022",103,38
104269,"2017",411,170
104269,"2002",22,9
104269,"2007",NA,NA
104269,"2008",NA,NA
104269,"2015",358,125
104269,"2014",347,134
104269,"2004",345,136
104269,"2019",412,147
104269,"2016",405,153
104269,"2020",103,30
104269,"2023",NA,NA
104269,"2005",NA,NA
104269,"2012",384,153
104269,"2010",NA,NA
104269,"2011",NA,NA
104269,"2018",485,200
104269,"2006",NA,NA
104269,"2021",69,19
104269,"2013",NA,NA
104269,"2003",NA,NA
104269,"2009",NA,NA
104273,"2011",129,46
104273,"2009",30,13
104273,"2007",97,39
104273,"2013",378,145
104273,"2010",60,21
104273,"2008",30,10
104273,"2004",7,4
104273,"2012",260,95
104273,"2015",129,41
104273,"2014",263,94
104273,"2016",36,15
104291,"2017",264,99
104291,"2011",NA,NA
104291,"2023",NA,NA
104291,"2015",201,74
104291,"2019",116,42
104291,"2022",13,6
104291,"2012",111,36
104291,"2003",NA,NA
104291,"2004",NA,NA
104291,"2021",29,17
104291,"2014",86,31
104291,"2016",269,94
104291,"2013",NA,NA
104291,"2020",NA,NA
104291,"2018",269,113
104291,"2008",NA,NA
104314,"2009",89,32
104314,"2011",48,16
104314,"2008",60,24
104314,"2010",53,14
104330,"2012",82,29
104330,"2016",NA,NA
104330,"2009",81,29
104330,"2006",NA,NA
104330,"2004",11,4
104330,"2005",20,11
104330,"2003",11,6
104330,"2011",23,10
104330,"2013",99,37
104330,"2007",15,5
104330,"2008",32,12
104330,"2002",NA,NA
104330,"2010",85,29
104330,"2017",22,6
104330,"2014",49,16
104330,"2015",64,24
104332,"2007",NA,NA
104332,"2009",217,86
104332,"2012",NA,NA
104332,"2014",14,4
104332,"2013",54,18
104332,"2008",150,48
104332,"2003",20,4
104332,"2011",NA,NA
104332,"2010",253,107
104332,"2005",NA,NA
104332,"2004",10,5
104460,"2013",46,19
104460,"2011",84,30
104460,"2015",NA,NA
104460,"2003",NA,NA
104460,"2017",133,49
104460,"2018",NA,NA
104460,"2016",166,73
104460,"2019",20,6
104460,"2014",144,49
104460,"2010",90,30
104460,"2021",NA,NA
104460,"2012",43,20
104515,"2008",31,10
104515,"2007",37,19
104515,"2009",15,7
104515,"2006",25,11
104547,"2016",70,26
104547,"2009",49,21
104547,"2012",73,26
104547,"2015",28,6
104547,"2014",71,26
104547,"2018",117,51
104547,"2017",221,82
104547,"2013",NA,NA
104547,"2011",59,24
104547,"2010",NA,NA
104548,"2012",173,72
104548,"2004",42,14
104548,"2002",NA,NA
104548,"2016",58,18
104548,"2005",46,8
104548,"2013",63,25
104548,"2003",NA,NA
104593,"2012",112,38
104593,"2015",215,77
104593,"2016",108,45
104593,"2009",153,58
104593,"2011",246,79
104593,"2018",NA,NA
104593,"2005",NA,NA
104593,"2014",200,77
104593,"2006",39,13
104593,"2010",256,84
104593,"2004",NA,NA
104593,"2013",274,107
104593,"2017",NA,NA
104593,"2008",85,39
104628,"2014",19,3
104628,"2013",9,5
104628,"2010",NA,NA
104628,"2016",NA,NA
104628,"2012",NA,NA
104628,"2011",10,6
104628,"2015",NA,NA
104628,"2007",12,4
104628,"2008",27,9
104629,"2015",21,10
104629,"2012",NA,NA
104629,"2018",24,11
104629,"2013",NA,NA
104629,"2019",31,10
104629,"2017",41,14
104633,"2011",15,6
104651,"2014",10,4
104651,"2013",97,34
104665,"2014",NA,NA
104665,"2018",126,52
104665,"2023",NA,NA
104665,"2016",41,18
104665,"2019",NA,NA
104665,"2008",85,30
104665,"2015",NA,NA
104665,"2020",102,40
104665,"2021",NA,NA
104665,"2012",389,156
104665,"2013",349,127
104665,"2007",52,17
104665,"2009",77,21
104665,"2011",352,157
104665,"2010",136,54
104665,"2022",170,71
104672,"2018",10,4
104672,"2009",NA,NA
104672,"2011",NA,NA
104672,"2016",52,22
104672,"2017",50,24
104672,"2014",33,14
104672,"2012",7,3
104672,"2015",NA,NA
104714,"2012",12,4
104714,"2010",69,30
104714,"2006",NA,NA
104714,"2015",20,6
104714,"2011",61,22
104714,"2007",NA,NA
104714,"2013",78,23
104714,"2014",99,31
104717,"2004",NA,NA
104717,"2005",NA,NA
104717,"2009",43,13
104717,"2010",16,7
104717,"2008",36,9
104719,"2007",27,12
104719,"2006",NA,NA
104719,"2008",219,90
104719,"2017",128,41
104719,"2014",295,118
104719,"2015",204,79
104719,"2019",116,50
104719,"2011",348,147
104719,"2016",NA,NA
104719,"2018",51,24
104719,"2013",NA,NA
104719,"2010",322,138
104719,"2009",291,117
104719,"2012",NA,NA
104721,"2010",31,14
104721,"2013",NA,NA
104721,"2009",51,16
104721,"2008",19,6
104731,"2016",198,64
104731,"2009",27,7
104731,"2012",NA,NA
104731,"2022",10,4
104731,"2015",399,146
104731,"2007",NA,NA
104731,"2013",395,139
104731,"2014",NA,NA
104731,"2018",NA,NA
104731,"2020",118,45
104731,"2019",81,29
104731,"2008",NA,NA
104731,"2017",318,112
104731,"2011",NA,NA
104731,"2010",192,71
104731,"2021",115,36
104731,"2023",26,8
104735,"2013",NA,NA
104735,"2010",137,50
104735,"2008",NA,NA
104735,"2019",NA,NA
104735,"2016",64,30
104735,"2007",NA,NA
104735,"2017",21,11
104735,"2011",268,108
104735,"2014",NA,NA
104735,"2015",41,17
104735,"2012",230,87
104812,"2009",12,5
104812,"2005",48,16
104812,"2007",23,10
104812,"2008",NA,NA
104812,"2006",30,10
104812,"2004",NA,NA
104851,"2013",NA,NA
104851,"2006",2,1
104851,"2008",57,12
104851,"2011",13,3
104851,"2005",NA,NA
104871,"2017",NA,NA
104871,"2012",301,112
104871,"2019",351,131
104871,"2023",25,11
104871,"2016",285,112
104871,"2013",333,121
104871,"2015",334,135
104871,"2008",133,47
104871,"2020",60,18
104871,"2010",321,121
104871,"2006",40,19
104871,"2007",NA,NA
104871,"2009",NA,NA
104871,"2014",354,137
104871,"2011",NA,NA
104871,"2018",310,107
104871,"2021",NA,NA
104897,"2015",47,12
104897,"2007",16,8
104897,"2014",36,14
104897,"2013",23,10
104897,"2008",NA,NA
104897,"2021",NA,NA
104897,"2012",170,61
104897,"2016",NA,NA
104897,"2018",75,22
104897,"2011",91,33
104897,"2019",51,17
104897,"2010",26,6
104932,"2015",66,18
104932,"2014",85,19
104932,"2018",NA,NA
104932,"2016",35,9
104932,"2017",71,25
104932,"2013",NA,NA
104932,"2011",NA,NA
104932,"2012",25,5
104948,"2010",13,2
104976,"2011",198,93
104976,"2009",69,28
104976,"2005",NA,NA
104976,"2007",39,12
104976,"2012",114,40
104976,"2013",NA,NA
104976,"2006",26,10
104976,"2008",15,7
104976,"2010",91,43
104978,"2010",127,42
104978,"2007",5,1
104978,"2011",58,16
104978,"2017",22,7
104978,"2019",10,4
104978,"2015",18,6
104978,"2013",NA,NA
104978,"2012",83,30
104978,"2018",NA,NA
104978,"2009",87,30
104978,"2008",15,4
104978,"2014",NA,NA
104978,"2016",33,14
104999,"2015",110,37
104999,"2013",63,23
104999,"2017",343,144
104999,"2021",NA,NA
104999,"2011",85,34
104999,"2010",NA,NA
104999,"2016",160,72
104999,"2012",NA,NA
104999,"2018",330,115
104999,"2006",28,12
104999,"2008",NA,NA
104999,"2007",99,41
104999,"2019",40,12
104999,"2009",258,110
104999,"2020",19,7
105023,"2006",79,31
105023,"2016",293,108
105023,"2009",NA,NA
105023,"2022",70,17
105023,"2011",188,58
105023,"2018",286,115
105023,"2013",NA,NA
105023,"2010",NA,NA
105023,"2017",NA,NA
105023,"2007",237,91
105023,"2014",NA,NA
105023,"2012",NA,NA
105023,"2008",NA,NA
105023,"2019",240,79
105023,"2021",NA,NA
105023,"2020",61,18
105023,"2015",240,80
105028,"2013",118,47
105028,"2008",NA,NA
105028,"2010",31,11
105028,"2011",NA,NA
105028,"2006",NA,NA
105028,"2007",24,9
105028,"2012",156,59
105028,"2009",101,45
105032,"2015",NA,NA
105032,"2016",74,26
105032,"2008",6,2
105032,"2009",6,6
105032,"2014",NA,NA
105032,"2013",32,8
105032,"2017",22,8
105051,"2016",NA,NA
105051,"2012",NA,NA
105051,"2013",NA,NA
105051,"2024",NA,NA
105051,"2017",129,47
105051,"2021",52,23
105051,"2019",104,49
105051,"2010",10,5
105051,"2014",128,51
105051,"2022",NA,NA
105051,"2011",102,47
105051,"2015",38,18
105051,"2018",246,101
105065,"2017",57,19
105065,"2015",95,33
105065,"2014",95,38
105065,"2010",30,15
105065,"2012",66,24
105065,"2016",116,49
105065,"2018",125,45
105065,"2013",166,64
105065,"2011",73,25
105065,"2008",NA,NA
105065,"2019",12,5
105077,"2017",517,203
105077,"2018",306,114
105077,"2021",382,154
105077,"2011",227,82
105077,"2016",487,200
105077,"2012",NA,NA
105077,"2020",163,66
105077,"2023",261,110
105077,"2024",60,23
105077,"2022",NA,NA
105077,"2015",252,91
105077,"2010",31,16
105077,"2019",336,148
105077,"2013",NA,NA
105077,"2014",202,92
105113,"2017",20,3
105113,"2012",7,3
105113,"2014",NA,NA
105128,"2011",12,5
105128,"2013",13,4
105137,"2007",14,4
105137,"2015",NA,NA
105137,"2016",NA,NA
105137,"2010",127,55
105137,"2012",39,11
105137,"2013",NA,NA
105137,"2011",171,69
105137,"2009",30,14
105137,"2014",NA,NA
105154,"2010",28,12
105154,"2014",26,10
105154,"2017",15,4
105154,"2015",NA,NA
105154,"2016",7,3
105154,"2013",12,0
105154,"2011",99,35
105154,"2012",NA,NA
105173,"2015",NA,NA
105173,"2014",272,122
105173,"2023",NA,NA
105173,"2022",NA,NA
105173,"2020",230,92
105173,"2016",383,156
105173,"2008",25,12
105173,"2011",246,99
105173,"2019",329,145
105173,"2021",202,74
105173,"2024",NA,NA
105173,"2010",37,13
105173,"2018",326,138
105173,"2017",432,190
105173,"2013",145,60
105173,"2009",NA,NA
105173,"2012",37,12
105181,"2017",9,2
105332,"2014",202,75
105332,"2016",420,168
105332,"2010",34,15
105332,"2024",31,14
105332,"2023",NA,NA
105332,"2018",446,181
105332,"2013",437,177
105332,"2019",439,169
105332,"2011",104,43
105332,"2012",484,182
105332,"2020",197,74
105332,"2021",280,107
105332,"2017",405,173
105332,"2015",298,135
105332,"2022",173,60
105357,"2016",281,127
105357,"2019",294,121
105357,"2010",NA,NA
105357,"2011",NA,NA
105357,"2022",148,50
105357,"2023",30,12
105357,"2015",97,37
105357,"2012",19,6
105357,"2018",311,126
105357,"2017",70,29
105357,"2020",258,102
105357,"2013",32,13
105357,"2021",NA,NA
105359,"2017",NA,NA
105359,"2022",NA,NA
105359,"2023",12,4
105359,"2018",26,10
105359,"2021",33,11
105359,"2020",68,24
105359,"2019",NA,NA
105376,"2010",NA,NA
105376,"2018",280,99
105376,"2019",194,74
105376,"2012",NA,NA
105376,"2017",144,64
105376,"2013",43,23
105376,"2015",21,9
105376,"2014",NA,NA
105376,"2022",NA,NA
105376,"2021",163,65
105376,"2016",8,3
105376,"2020",28,9
105379,"2013",162,66
105379,"2017",255,96
105379,"2012",NA,NA
105379,"2015",199,82
105379,"2018",NA,NA
105379,"2014",56,26
105379,"2020",129,42
105379,"2010",NA,NA
105379,"2011",NA,NA
105379,"2022",NA,NA
105379,"2016",219,80
105379,"2019",NA,NA
105379,"2021",185,78
105406,"2021",8,2
105406,"2017",NA,NA
105406,"2020",11,7
105430,"2009",NA,NA
105430,"2016",120,52
105430,"2021",162,55
105430,"2017",202,69
105430,"2019",394,154
105430,"2024",94,38
105430,"2023",122,46
105430,"2018",286,103
105430,"2022",132,51
105430,"2015",NA,NA
105430,"2012",NA,NA
105430,"2020",NA,NA
105430,"2013",NA,NA
105430,"2014",NA,NA
105432,"2017",12,4
105432,"2018",36,13
105432,"2023",NA,NA
105432,"2020",23,8
105432,"2022",NA,NA
105432,"2019",76,24
105432,"2021",10,4
105449,"2011",NA,NA
105449,"2017",NA,NA
105449,"2021",144,55
105449,"2020",76,25
105449,"2010",NA,NA
105449,"2015",NA,NA
105449,"2012",30,10
105449,"2014",NA,NA
105449,"2019",185,77
105449,"2023",24,8
105449,"2013",63,24
105449,"2024",NA,NA
105449,"2016",324,112
105449,"2018",296,108
105449,"2022",NA,NA
105472,"2013",19,5
105477,"2019",21,7
105477,"2023",NA,NA
105477,"2018",70,26
105477,"2020",NA,NA
105477,"2021",31,13
105477,"2022",NA,NA
105477,"2024",32,14
105477,"2012",23,11
105477,"2016",50,20
105477,"2013",9,4
105477,"2017",25,12
105487,"2021",NA,NA
105487,"2022",138,58
105487,"2024",48,20
105487,"2015",23,10
105487,"2012",24,6
105487,"2014",34,15
105487,"2011",NA,NA
105487,"2019",32,13
105487,"2017",71,24
105487,"2018",43,12
105487,"2020",41,11
105487,"2016",105,38
105487,"2023",NA,NA
105512,"2016",12,5
105512,"2015",9,3
105512,"2021",NA,NA
105526,"2018",268,119
105526,"2020",220,84
105526,"2017",335,123
105526,"2015",NA,NA
105526,"2016",250,91
105526,"2023",233,89
105526,"2022",NA,NA
105526,"2014",180,66
105526,"2019",415,156
105526,"2013",96,36
105526,"2024",NA,NA
105526,"2021",NA,NA
105542,"2015",8,5
105550,"2019",474,180
105550,"2020",139,52
105550,"2021",183,72
105550,"2012",NA,NA
105550,"2015",25,11
105550,"2017",NA,NA
105550,"2013",127,43
105550,"2016",305,109
105550,"2014",23,10
105550,"2023",140,53
105550,"2018",NA,NA
105558,"2013",NA,NA
105558,"2011",21,10
105558,"2010",39,18
105558,"2012",76,29
105558,"2009",13,7
105561,"2023",NA,NA
105561,"2012",34,15
105561,"2014",NA,NA
105561,"2016",28,8
105561,"2017",110,38
105561,"2022",NA,NA
105561,"2011",23,9
105561,"2019",18,11
105561,"2021",22,10
105561,"2018",15,4
105577,"2014",NA,NA
105577,"2020",152,55
105577,"2008",NA,NA
105577,"2015",NA,NA
105577,"2013",NA,NA
105577,"2022",NA,NA
105577,"2011",NA,NA
105577,"2023",20,8
105577,"2021",105,38
105577,"2019",60,21
105577,"2018",95,37
105577,"2012",NA,NA
105577,"2024",10,4
105577,"2017",114,41
105577,"2016",143,50
105643,"2018",200,76
105643,"2022",159,75
105643,"2017",138,54
105643,"2020",155,55
105643,"2021",NA,NA
105643,"2013",118,45
105643,"2009",NA,NA
105643,"2014",278,101
105643,"2015",NA,NA
105643,"2010",NA,NA
105643,"2011",42,16
105643,"2012",85,38
105643,"2016",373,158
105643,"2019",265,106
105643,"2023",19,9
105649,"2016",NA,NA
105649,"2011",63,30
105649,"2012",NA,NA
105649,"2017",122,54
105649,"2019",108,41
105649,"2018",NA,NA
105649,"2013",16,5
105649,"2021",26,11
105649,"2022",8,3
105649,"2020",51,11
105650,"2016",11,5
105655,"2022",23,9
105655,"2016",NA,NA
105655,"2015",20,11
105655,"2014",NA,NA
105655,"2012",13,4
105677,"2016",7,4
105678,"2014",35,17
105732,"2020",151,62
105732,"2022",23,9
105732,"2014",57,17
105732,"2013",25,10
105732,"2019",249,94
105732,"2017",162,42
105732,"2016",97,42
105732,"2018",253,104
105732,"2023",34,7
105732,"2015",80,29
105732,"2024",24,6
105732,"2021",143,64
105807,"2013",93,40
105807,"2015",261,101
105807,"2011",NA,NA
105807,"2019",393,149
105807,"2021",NA,NA
105807,"2017",NA,NA
105807,"2014",NA,NA
105807,"2023",39,10
105807,"2016",459,209
105807,"2022",NA,NA
105807,"2018",386,169
105807,"2020",289,108
105807,"2024",105,50
105815,"2018",204,83
105815,"2021",NA,NA
105815,"2019",196,72
105815,"2017",30,11
105815,"2020",152,49
105815,"2022",NA,NA
105815,"2024",NA,NA
105819,"2023",25,10
105819,"2019",113,46
105819,"2018",59,23
105819,"2024",NA,NA
105819,"2016",NA,NA
105819,"2015",11,5
105819,"2012",NA,NA
105819,"2017",27,6
105826,"2015",8,4
105870,"2019",NA,NA
105870,"2021",NA,NA
105870,"2020",70,32
105870,"2024",254,84
105870,"2023",NA,NA
105870,"2022",71,28
105870,"2018",52,12
105870,"2017",95,36
105874,"2016",NA,NA
105874,"2013",3,1
105874,"2012",17,6
105874,"2014",26,4
105881,"2017",3,1
105881,"2016",29,9
105882,"2020",98,38
105882,"2018",68,25
105882,"2021",223,88
105882,"2023",NA,NA
105882,"2017",39,18
105882,"2022",39,14
105882,"2014",NA,NA
105882,"2019",69,30
105902,"2023",43,14
105902,"2015",131,45
105902,"2021",NA,NA
105902,"2020",47,12
105902,"2012",32,13
105902,"2018",34,14
105902,"2022",124,51
105902,"2014",21,7
105902,"2013",88,26
105902,"2019",NA,NA
105902,"2024",100,32
105902,"2017",NA,NA
105902,"2016",71,30
105948,"2022",245,101
105948,"2023",161,62
105948,"2024",158,70
105948,"2018",11,7
105948,"2021",NA,NA
105948,"2020",122,50
105952,"2022",NA,NA
105952,"2021",NA,NA
105952,"2020",37,13
105952,"2018",NA,NA
105952,"2017",167,68
105952,"2015",30,8
105952,"2016",130,43
105952,"2014",14,6
105963,"2017",37,12
105963,"2019",NA,NA
105963,"2015",10,5
105992,"2020",12,6
105992,"2008",8,6
105992,"2019",45,17
105992,"2015",NA,NA
105992,"2017",NA,NA
105992,"2012",NA,NA
105992,"2014",80,30
105992,"2011",215,86
105992,"2018",NA,NA
105992,"2021",NA,NA
105992,"2016",134,54
105992,"2013",148,55
105992,"2010",89,27
106034,"2022",NA,NA
106034,"2014",NA,NA
106034,"2015",NA,NA
106034,"2024",31,7
106034,"2018",11,6
106034,"2019",19,11
106034,"2020",60,13
106034,"2021",84,27
106034,"2017",27,5
106034,"2013",NA,NA
106044,"2022",NA,NA
106044,"2021",NA,NA
106044,"2018",128,57
106044,"2017",130,57
106044,"2016",25,12
106045,"2014",53,22
106045,"2020",NA,NA
106045,"2019",195,76
106045,"2012",65,24
106045,"2022",130,53
106045,"2017",15,7
106045,"2023",NA,NA
106045,"2018",152,53
106045,"2016",148,62
106045,"2011",20,12
106045,"2024",37,10
106045,"2021",126,46
106045,"2010",21,9
106045,"2013",98,37
106045,"2015",NA,NA
106058,"2017",NA,NA
106058,"2021",89,36
106058,"2016",428,156
106058,"2023",31,10
106058,"2014",242,102
106058,"2012",76,25
106058,"2022",NA,NA
106058,"2019",NA,NA
106058,"2010",NA,NA
106058,"2011",28,8
106058,"2018",NA,NA
106058,"2020",51,21
106058,"2015",NA,NA
106058,"2013",110,51
106065,"2020",155,51
106065,"2015",NA,NA
106065,"2023",114,51
106065,"2022",85,29
106065,"2018",NA,NA
106065,"2019",NA,NA
106065,"2021",234,88
106065,"2013",NA,NA
106065,"2014",NA,NA
106065,"2017",35,13
106065,"2016",58,15
106075,"2016",99,39
106075,"2017",42,15
106075,"2020",35,12
106075,"2019",37,15
106075,"2021",99,40
106075,"2018",92,37
106075,"2022",31,9
106075,"2023",NA,NA
106075,"2024",50,19
106099,"2017",NA,NA
106099,"2019",88,41
106099,"2022",NA,NA
106099,"2021",179,58
106099,"2020",138,44
106099,"2018",40,17
106099,"2016",NA,NA
106109,"2022",NA,NA
106109,"2020",47,16
106109,"2023",18,5
106109,"2024",44,12
106109,"2021",85,37
106109,"2018",43,14
106109,"2017",NA,NA
106109,"2019",54,21
106109,"2015",NA,NA
106120,"2018",28,14
106121,"2015",NA,NA
106121,"2018",239,92
106121,"2024",153,60
106121,"2017",105,38
106121,"2020",39,9
106121,"2023",172,72
106121,"2016",179,76
106121,"2022",206,84
106121,"2014",NA,NA
106121,"2021",NA,NA
106121,"2019",193,79
106137,"2021",12,5
106137,"2016",21,9
106137,"2017",NA,NA
106137,"2019",11,6
106148,"2019",267,125
106148,"2024",359,128
106148,"2014",46,25
106148,"2018",196,78
106148,"2020",109,43
106148,"2017",28,13
106148,"2021",NA,NA
106148,"2022",146,77
106148,"2023",269,111
106148,"2016",89,37
106148,"2015",13,7
106148,"2013",NA,NA
106162,"2022",50,22
106186,"2022",NA,NA
106186,"2010",NA,NA
106186,"2018",62,26
106186,"2021",10,5
106186,"2014",19,9
106186,"2019",NA,NA
106186,"2024",37,12
106186,"2023",132,66
106214,"2023",NA,NA
106214,"2021",69,29
106214,"2022",NA,NA
106214,"2020",32,13
106214,"2018",12,5
106214,"2024",NA,NA
106214,"2019",27,10
106216,"2018",50,23
106216,"2022",NA,NA
106216,"2021",38,16
106216,"2015",NA,NA
106216,"2016",99,39
106216,"2023",NA,NA
106216,"2019",61,24
106216,"2017",108,48
106218,"2014",NA,NA
106218,"2022",248,98
106218,"2024",344,127
106218,"2023",379,137
106218,"2020",130,48
106218,"2018",15,5
106218,"2019",36,13
106218,"2021",NA,NA
106225,"2017",22,8
106225,"2016",10,3
106234,"2016",NA,NA
106234,"2023",247,95
106234,"2015",28,10
106234,"2021",NA,NA
106234,"2020",27,13
106234,"2024",78,27
106234,"2022",340,133
106234,"2013",NA,NA
106234,"2014",NA,NA
106249,"2019",NA,NA
106249,"2015",NA,NA
106249,"2020",19,7
106249,"2018",19,6
106249,"2017",28,11
106261,"2016",38,15
106261,"2017",20,10
106261,"2012",32,7
106261,"2015",NA,NA
106283,"2019",NA,NA
106283,"2020",11,6
106283,"2021",NA,NA
106283,"2024",50,19
106283,"2023",9,5
106283,"2014",NA,NA
106283,"2022",41,17
106283,"2017",31,11
106283,"2018",28,7
106290,"2014",15,8
106290,"2015",NA,NA
106290,"2013",18,7
106296,"2021",58,15
106296,"2017",NA,NA
106296,"2022",21,11
106296,"2023",290,109
106296,"2020",88,26
106296,"2024",87,32
106296,"2018",NA,NA
106296,"2016",NA,NA
106296,"2019",101,39
106298,"2018",314,117
106298,"2016",NA,NA
106298,"2024",NA,NA
106298,"2019",267,99
106298,"2023",18,6
106298,"2013",28,9
106298,"2015",149,54
106298,"2017",390,167
106298,"2022",65,24
106298,"2021",119,46
106298,"2014",38,19
106328,"2021",38,11
106328,"2013",9,5
106328,"2016",NA,NA
106328,"2017",NA,NA
106328,"2022",16,4
106328,"2018",15,7
106329,"2019",NA,NA
106329,"2017",222,88
106329,"2022",NA,NA
106329,"2020",107,43
106329,"2016",73,28
106329,"2018",105,48
106329,"2023",NA,NA
106329,"2021",NA,NA
106329,"2024",124,50
106331,"2020",19,10
106331,"2023",279,94
106331,"2017",NA,NA
106331,"2022",138,40
106331,"2024",207,72
106331,"2021",76,29
106361,"2016",36,17
106361,"2018",21,10
106361,"2017",32,15
106390,"2015",9,4
106398,"2019",21,5
106398,"2022",89,33
106398,"2023",NA,NA
106398,"2024",89,33
106398,"2020",16,6
106398,"2018",NA,NA
106398,"2016",NA,NA
106415,"2018",175,64
106415,"2021",NA,NA
106415,"2016",141,61
106415,"2023",292,113
106415,"2020",223,83
106415,"2024",NA,NA
106415,"2022",233,97
106415,"2015",75,24
106415,"2019",NA,NA
106415,"2014",NA,NA
106415,"2017",129,55
106420,"2017",37,15
106421,"2024",546,241
106421,"2016",105,37
106421,"2020",313,130
106421,"2018",NA,NA
106421,"2017",NA,NA
106421,"2022",490,208
106421,"2023",NA,NA
106421,"2019",600,261
106421,"2021",NA,NA
109303,"2023",NA,NA
109303,"2017",32,10
109303,"2024",37,16
109686,"2023",14,4
110602,"2023",NA,NA
110602,"2019",NA,NA
110602,"2017",10,6
110602,"2015",21,8
110602,"2022",NA,NA
110602,"2021",81,29
110602,"2020",129,47
110602,"2013",NA,NA
110602,"2016",42,8
110602,"2018",85,43
110748,"2022",20,9
110748,"2019",15,8
110748,"2014",14,8
110748,"2021",13,6
110748,"2020",46,16
111153,"2016",NA,NA
111153,"2017",13,5
111153,"2015",NA,NA
111153,"2023",205,71
111153,"2022",31,14
111153,"2019",54,18
111153,"2020",NA,NA
111153,"2018",NA,NA
111153,"2021",25,8
111153,"2024",134,44
111197,"2018",14,4
111202,"2019",84,37
111202,"2013",NA,NA
111202,"2017",368,154
111202,"2016",142,54
111202,"2015",NA,NA
111202,"2014",NA,NA
111202,"2018",362,160
111442,"2023",247,83
111442,"2014",NA,NA
111442,"2021",293,99
111442,"2022",NA,NA
111442,"2019",317,129
111442,"2016",75,26
111442,"2024",NA,NA
111442,"2018",97,33
111442,"2017",220,90
111442,"2020",161,58
111442,"2015",NA,NA
111456,"2022",380,162
111456,"2016",NA,NA
111456,"2023",NA,NA
111456,"2021",NA,NA
111456,"2024",136,59
111456,"2019",126,53
111456,"2018",132,55
111456,"2013",NA,NA
111456,"2020",82,37
111460,"2022",95,31
111460,"2017",31,13
111460,"2024",94,35
111460,"2018",50,13
111460,"2015",NA,NA
111460,"2021",NA,NA
111460,"2023",177,66
111460,"2019",NA,NA
111460,"2016",60,23
111460,"2020",NA,NA
111575,"2020",251,113
111575,"2018",468,193
111575,"2013",NA,NA
111575,"2017",392,148
111575,"2024",407,165
111575,"2023",367,150
111575,"2016",150,64
111575,"2014",NA,NA
111575,"2019",402,150
111575,"2022",NA,NA
111575,"2015",NA,NA
111575,"2021",NA,NA
111577,"2014",NA,NA
111577,"2018",214,85
111577,"2019",17,8
111577,"2016",103,46
111577,"2017",NA,NA
111577,"2015",50,24
111581,"2021",19,8
111581,"2020",43,17
111581,"2019",NA,NA
111581,"2018",87,38
111581,"2017",NA,NA
111581,"2023",173,72
111581,"2022",NA,NA
111581,"2024",39,18
111581,"2016",NA,NA
111815,"2022",NA,NA
111815,"2021",572,256
111815,"2023",473,190
111815,"2024",NA,NA
111815,"2017",25,7
111815,"2018",276,119
111815,"2019",278,108
111815,"2020",172,72
117358,"2021",2,2
117360,"2019",41,13
117360,"2024",NA,NA
117360,"2021",72,27
117360,"2017",NA,NA
117360,"2020",55,25
117360,"2023",6,4
120424,"2017",21,7
120424,"2019",62,28
120424,"2016",NA,NA
120424,"2020",NA,NA
120424,"2018",105,42
120798,"2016",15,5
122298,"2023",368,132
122298,"2024",279,106
122298,"2021",227,83
122298,"2022",NA,NA
122298,"2019",NA,NA
122330,"2024",NA,NA
122330,"2022",NA,NA
122330,"2018",20,8
122330,"2017",42,15
122330,"2020",189,59
122330,"2023",NA,NA
122330,"2016",32,16
122330,"2021",NA,NA
122330,"2019",197,74
122554,"2024",14,6
123755,"2020",62,27
123755,"2018",47,22
123755,"2015",4,1
123755,"2019",43,19
123755,"2023",NA,NA
123755,"2021",NA,NA
123755,"2022",NA,NA
123755,"2024",161,57
123828,"2016",NA,NA
123828,"2023",24,11
123828,"2024",43,14
123896,"2023",14,5
123961,"2024",19,6
123961,"2022",NA,NA
123961,"2021",26,8
124014,"2023",NA,NA
124014,"2024",NA,NA
124014,"2017",146,45
124014,"2020",23,5
124014,"2019",NA,NA
124014,"2022",NA,NA
124014,"2016",34,11
124014,"2018",25,8
124014,"2021",47,23
124079,"2023",109,48
124079,"2024",293,113
124079,"2019",NA,NA
124079,"2021",267,114
124079,"2020",133,57
124079,"2018",NA,NA
124079,"2022",358,126
124116,"2018",7,4
124116,"2021",17,8
124116,"2022",19,7
124116,"2023",NA,NA
124116,"2024",245,103
124116,"2017",68,22
124116,"2020",18,10
124116,"2019",NA,NA
124186,"2017",NA,NA
124186,"2019",NA,NA
124186,"2024",268,106
124186,"2021",23,14
124186,"2023",126,52
124187,"2019",229,65
124187,"2024",65,19
124187,"2016",38,9
124187,"2018",24,5
124187,"2022",163,50
124187,"2020",86,33
124187,"2021",NA,NA
124187,"2017",46,12
125802,"2019",NA,NA
125802,"2022",303,128
125802,"2017",38,17
125802,"2018",NA,NA
125802,"2020",56,18
125802,"2021",NA,NA
125802,"2023",202,77
125802,"2016",85,42
126094,"2019",457,167
126094,"2016",33,15
126094,"2021",NA,NA
126094,"2014",NA,NA
126094,"2018",NA,NA
126094,"2017",294,126
126094,"2023",666,260
126094,"2020",405,180
126094,"2015",NA,NA
126094,"2024",NA,NA
126094,"2022",531,209
126106,"2022",61,22
126106,"2023",18,4
126127,"2017",18,6
126127,"2022",NA,NA
126127,"2021",61,24
126127,"2024",72,26
126127,"2018",NA,NA
126127,"2023",NA,NA
126127,"2020",26,15
126128,"2017",NA,NA
126128,"2023",232,103
126128,"2021",63,26
126128,"2024",313,115
126128,"2022",NA,NA
126128,"2020",17,6
126129,"2023",18,2
126129,"2024",66,19
126149,"2021",230,91
126149,"2020",79,29
126149,"2017",NA,NA
126149,"2022",19,8
126149,"2019",14,6
126174,"2018",21,11
126203,"2020",234,76
126203,"2016",237,83
126203,"2024",501,196
126203,"2017",181,69
126203,"2022",NA,NA
126203,"2019",NA,NA
126203,"2021",398,153
126203,"2015",10,4
126203,"2018",287,106
126203,"2023",NA,NA
126205,"2024",536,222
126205,"2023",NA,NA
126205,"2015",NA,NA
126205,"2022",NA,NA
126205,"2017",82,26
126205,"2021",NA,NA
126205,"2019",32,16
126205,"2016",31,14
126205,"2020",207,89
126205,"2018",24,7
126207,"2022",NA,NA
126207,"2014",NA,NA
126207,"2017",NA,NA
126207,"2021",NA,NA
126207,"2015",34,9
126207,"2019",327,125
126207,"2024",406,143
126207,"2018",NA,NA
126207,"2023",416,160
126207,"2020",145,56
126207,"2016",48,18
126214,"2021",19,9
126214,"2022",NA,NA
126214,"2024",NA,NA
126214,"2023",48,15
126214,"2020",37,14
126409,"2024",53,21
126409,"2021",NA,NA
126409,"2023",28,10
126409,"2022",61,23
126523,"2022",163,83
126523,"2024",44,17
126523,"2019",NA,NA
126523,"2018",12,6
126523,"2021",119,45
126523,"2023",318,134
126530,"2018",31,7
126535,"2022",85,41
126535,"2018",9,2
126535,"2023",NA,NA
126535,"2021",116,49
126535,"2024",NA,NA
126535,"2020",20,7
126623,"2021",8,5
126846,"2020",NA,NA
126846,"2021",30,12
126846,"2024",257,94
126846,"2018",NA,NA
126846,"2023",146,55
126846,"2022",64,20
127157,"2019",NA,NA
127157,"2023",NA,NA
127157,"2020",50,18
127157,"2024",211,78
127157,"2022",151,50
127157,"2021",98,44
127157,"2017",20,7
128034,"2018",NA,NA
128034,"2019",272,105
128034,"2023",460,162
128034,"2016",35,13
128034,"2020",201,84
128034,"2017",NA,NA
128034,"2022",382,145
128034,"2024",377,138
128034,"2021",NA,NA
131934,"2023",47,22
131934,"2022",NA,NA
131934,"2024",48,19
131934,"2021",6,4
133297,"2022",27,15
133297,"2021",16,9
133297,"2018",26,14
133297,"2019",NA,NA
133297,"2024",35,8
133297,"2023",134,38
133430,"2023",194,79
133430,"2017",NA,NA
133430,"2019",NA,NA
133430,"2024",320,125
133430,"2022",NA,NA
133430,"2020",283,103
133430,"2016",25,8
133430,"2018",409,163
133430,"2021",NA,NA
133835,"2024",37,13
133835,"2023",98,29
133835,"2022",36,14
133933,"2024",34,10
134770,"2022",NA,NA
134770,"2019",NA,NA
134770,"2017",96,36
134770,"2023",463,177
134770,"2024",NA,NA
134770,"2020",279,99
134770,"2016",16,6
134770,"2021",NA,NA
134770,"2018",100,41
136440,"2024",238,84
136440,"2019",64,25
136440,"2017",NA,NA
136440,"2021",NA,NA
136440,"2022",84,35
136440,"2020",118,51
136440,"2018",16,4
136440,"2023",74,31
144707,"2019",NA,NA
144707,"2015",NA,NA
144707,"2023",NA,NA
144707,"2022",NA,NA
144707,"2021",330,137
144707,"2018",59,22
144707,"2020",84,41
144707,"2016",14,6
144707,"2017",76,28
144719,"2024",319,120
144719,"2021",259,92
144719,"2016",NA,NA
144719,"2023",241,101
144719,"2018",184,69
144719,"2020",107,36
144719,"2015",6,3
144719,"2019",279,99
144719,"2022",370,134
144719,"2017",NA,NA
144750,"2019",NA,NA
144750,"2018",35,15
144750,"2024",36,7
144750,"2022",71,26
144750,"2023",100,27
144750,"2020",145,54
144750,"2017",63,31
144750,"2016",32,17
144750,"2021",NA,NA
144797,"2016",19,6
144821,"2023",34,12
144869,"2021",23,7
144869,"2024",443,166
144869,"2022",82,30
144869,"2023",NA,NA
144870,"2024",20,5
144895,"2020",NA,NA
144895,"2022",198,79
144895,"2024",NA,NA
144895,"2021",197,74
144895,"2019",124,55
144895,"2023",180,58
144895,"2018",92,33
200059,"2017",27,9
200059,"2024",21,8
200059,"2019",NA,NA
200059,"2022",34,11
200059,"2023",161,68
200059,"2018",41,15
200095,"2022",NA,NA
200095,"2021",24,7
200095,"2019",29,13
200095,"2018",13,4
200095,"2017",NA,NA
200116,"2023",10,5
200116,"2022",19,8
200116,"2024",40,24
200221,"2019",75,33
200221,"2021",NA,NA
200221,"2022",419,169
200221,"2024",NA,NA
200221,"2023",401,180
200221,"2020",221,91
200240,"2024",34,18
200240,"2021",35,16
200240,"2022",31,15
200259,"2024",25,10
200267,"2022",NA,NA
200267,"2021",18,9
200267,"2020",12,6
200267,"2023",NA,NA
200267,"2024",264,92
200297,"2021",11,5
200303,"2022",44,18
200303,"2020",NA,NA
200303,"2024",263,108
200303,"2021",NA,NA
200303,"2023",162,68
200374,"2022",19,10
200384,"2023",80,32
200384,"2020",74,28
200384,"2018",NA,NA
200384,"2022",194,78
200384,"2024",218,82
200384,"2021",147,58
200443,"2024",79,25
200553,"2019",14,8
200587,"2022",32,15
200587,"2023",20,8
200587,"2024",NA,NA
200615,"2022",138,36
200615,"2019",176,60
200615,"2021",269,94
200615,"2023",NA,NA
200615,"2018",26,8
200615,"2020",29,10
200615,"2024",NA,NA
200670,"2020",32,16
200670,"2023",302,127
200670,"2022",184,72
200670,"2021",NA,NA
200670,"2024",54,14
200677,"2022",6,2
200702,"2024",21,4
202058,"2023",32,12
202058,"2024",73,24
202058,"2021",NA,NA
202195,"2022",238,95
202195,"2024",22,8
202195,"2023",120,37
202195,"2021",76,26
202195,"2020",10,5
202235,"2023",6,2
202269,"2021",9,4
202358,"2020",11,4
202358,"2022",96,25
202358,"2023",23,7
202358,"2024",NA,NA
202358,"2018",12,8
202358,"2019",NA,NA
205734,"2020",83,27
205734,"2022",16,4
205734,"2018",NA,NA
205734,"2019",36,10
205734,"2021",34,12
205734,"2024",233,98
205734,"2023",NA,NA
206499,"2022",28,12
206499,"2024",167,54
206499,"2023",54,18
206748,"2020",NA,NA
206748,"2022",47,13
206748,"2023",35,14
206748,"2021",NA,NA
206748,"2024",57,21
206909,"2020",27,13
206909,"2022",347,133
206909,"2021",178,76
206909,"2023",215,62
206909,"2024",NA,NA
207182,"2021",NA,NA
207182,"2022",22,7
207182,"2023",17,5
207182,"2019",NA,NA
207182,"2024",21,8
207352,"2022",NA,NA
207352,"2024",92,37
207352,"2023",7,4
207678,"2022",38,17
207678,"2023",119,43
207678,"2024",18,8
207678,"2021",95,38
207681,"2024",69,26
207733,"2022",217,88
207733,"2021",20,6
207733,"2023",204,93
207733,"2024",446,189
207834,"2022",20,9
207925,"2023",81,33
207925,"2021",16,8
207925,"2022",NA,NA
207925,"2024",425,170
207985,"2024",31,10
207989,"2024",593,249
207989,"2020",33,8
207989,"2023",720,288
207989,"2021",425,186
207989,"2022",NA,NA
208004,"2024",55,22
208004,"2020",NA,NA
208004,"2023",40,14
208010,"2023",17,6
208010,"2024",40,13
208013,"2023",8,4
208013,"2024",NA,NA
208013,"2021",12,4
208014,"2023",194,68
208014,"2022",9,5
208014,"2024",NA,NA
208134,"2020",NA,NA
208134,"2022",27,7
208134,"2024",87,33
208134,"2023",51,14
208144,"2024",11,7
208279,"2024",9,5
208286,"2022",NA,NA
208286,"2024",395,158
208286,"2023",228,89
208363,"2024",324,141
208502,"2023",135,42
208502,"2022",63,20
208502,"2021",52,19
208502,"2024",64,14
208859,"2024",22,7
208859,"2022",23,9
208859,"2023",30,14
209070,"2023",NA,NA
209070,"2024",147,59
209070,"2021",21,7
209113,"2022",NA,NA
209113,"2024",138,50
209113,"2023",33,15
209209,"2023",37,14
209209,"2022",NA,NA
209209,"2024",28,13
209263,"2024",13,5
209279,"2024",65,25
209279,"2023",13,8
209318,"2024",27,6
209414,"2023",226,79
209414,"2022",NA,NA
209414,"2024",180,65
210097,"2024",398,138
210097,"2023",274,114
210097,"2022",29,11
210136,"2022",NA,NA
210136,"2024",26,6
210136,"2023",10,2
210150,"2023",25,11
210150,"2024",285,113
210319,"2023",18,8
210319,"2024",34,10
210340,"2023",23,8
210460,"2024",19,9
210506,"2023",96,36
210506,"2024",418,173
211514,"2024",10,4
212720,"2024",13,6
201389,"2011",101,41
201389,"2013",19,8
201389,"2004",NA,NA
201389,"2008",15,5
201389,"2010",NA,NA
201483,"2009",27,11
201483,"2018",134,62
201483,"2021",178,76
201483,"2019",136,71
201483,"2023",160,75
201483,"2016",282,146
201483,"2007",20,9
201483,"2015",NA,NA
201483,"2008",NA,NA
201483,"2010",NA,NA
201483,"2022",NA,NA
201483,"2017",274,123
201483,"2020",62,22
201483,"2012",NA,NA
201483,"2014",NA,NA
201483,"2011",15,6
201514,"2012",NA,NA
201514,"2013",NA,NA
201514,"2021",337,150
201514,"2016",169,80
201514,"2018",297,142
201514,"2007",NA,NA
201514,"2020",81,36
201514,"2019",334,145
201514,"2006",NA,NA
201514,"2015",39,17
201514,"2023",355,155
201514,"2014",NA,NA
201514,"2008",NA,NA
201514,"2022",350,168
201514,"2009",NA,NA
201514,"2017",424,180
201514,"2010",NA,NA
201514,"2011",NA,NA
201514,"2024",220,90
201516,"2023",58,26
201516,"2011",NA,NA
201516,"2019",119,53
201516,"2017",184,93
201516,"2013",NA,NA
201516,"2018",188,93
201516,"2007",NA,NA
201516,"2010",NA,NA
201516,"2009",22,11
201516,"2008",NA,NA
201516,"2012",20,9
201516,"2015",NA,NA
201516,"2016",155,79
201516,"2022",42,21
201516,"2005",NA,NA
201527,"2014",263,118
201527,"2020",58,18
201527,"2021",128,49
201527,"2008",NA,NA
201527,"2019",150,63
201527,"2013",NA,NA
201527,"2016",204,88
201527,"2022",31,17
201527,"2009",NA,NA
201527,"2011",17,6
201527,"2010",NA,NA
201527,"2018",202,80
201527,"2015",NA,NA
201527,"2017",75,33
201527,"2005",NA,NA
201527,"2012",NA,NA
201527,"2006",NA,NA
201529,"2018",33,17
201529,"2017",80,36
201529,"2019",137,59
201529,"2021",41,15
201529,"2020",NA,NA
201529,"2014",NA,NA
201529,"2008",NA,NA
201535,"2023",22,7
201535,"2022",61,22
201535,"2013",111,48
201535,"2012",NA,NA
201535,"2011",135,62
201535,"2019",16,5
201535,"2006",NA,NA
201535,"2007",NA,NA
201535,"2020",NA,NA
201535,"2008",NA,NA
201535,"2010",NA,NA
201535,"2017",398,166
201535,"2021",74,30
201535,"2009",11,4
201535,"2015",NA,NA
201535,"2016",321,134
201535,"2018",192,74
201535,"2014",261,103
201540,"2014",278,123
201540,"2022",102,44
201540,"2011",NA,NA
201540,"2016",544,241
201540,"2009",NA,NA
201540,"2023",NA,NA
201540,"2020",94,48
201540,"2024",21,8
201540,"2015",NA,NA
201540,"2018",368,160
201540,"2017",546,247
201540,"2012",64,34
201540,"2019",437,222
201540,"2013",NA,NA
201540,"2010",28,11
201540,"2021",NA,NA
201554,"2020",NA,NA
201554,"2016",NA,NA
201554,"2017",NA,NA
201554,"2009",43,21
201554,"2010",NA,NA
201554,"2014",29,14
201554,"2021",49,20
201554,"2015",71,24
201554,"2012",8,4
201554,"2018",45,21
201554,"2019",NA,NA
201554,"2011",71,23
201554,"2022",37,14
201568,"2023",NA,NA
201568,"2010",NA,NA
201568,"2014",NA,NA
201568,"2008",NA,NA
201568,"2022",98,44
201568,"2020",NA,NA
201568,"2009",29,16
201568,"2018",40,24
201568,"2013",NA,NA
201568,"2019",33,11
201568,"2011",29,12
201568,"2015",NA,NA
201568,"2021",162,73
201568,"2017",111,48
201568,"2016",221,95
201572,"2010",NA,NA
201572,"2011",30,14
201572,"2009",37,20
201572,"2008",18,8
201585,"2023",NA,NA
201585,"2017",176,85
201585,"2019",371,159
201585,"2013",NA,NA
201585,"2011",109,51
201585,"2014",NA,NA
201585,"2012",NA,NA
201585,"2016",287,126
201585,"2020",116,47
201585,"2022",302,143
201585,"2024",331,135
201585,"2010",29,16
201585,"2018",552,268
201585,"2015",NA,NA
201585,"2021",325,147
201590,"2011",68,27
201590,"2012",NA,NA
201590,"2022",NA,NA
201590,"2023",NA,NA
201590,"2016",407,177
201590,"2017",373,157
201590,"2018",355,165
201590,"2019",408,166
201590,"2021",NA,NA
201590,"2013",150,70
201590,"2015",NA,NA
201590,"2020",117,55
201590,"2014",NA,NA
201590,"2010",55,26
201597,"2015",NA,NA
201597,"2019",64,30
201597,"2010",NA,NA
201597,"2013",118,58
201597,"2014",NA,NA
201597,"2012",NA,NA
201597,"2017",239,116
201597,"2021",36,19
201597,"2011",28,13
201597,"2016",NA,NA
201597,"2018",156,66
201597,"2009",14,8
201597,"2020",NA,NA
201607,"2010",16,9
201607,"2009",NA,NA
201607,"2011",20,10
201611,"2012",16,10
201611,"2016",386,181
201611,"2021",37,19
201611,"2014",22,11
201611,"2010",NA,NA
201611,"2013",55,28
201611,"2017",562,267
201611,"2019",182,71
201611,"2015",NA,NA
201611,"2020",11,8
201611,"2023",120,58
201611,"2022",NA,NA
201611,"2024",241,127
201611,"2018",NA,NA
201616,"2024",NA,NA
201616,"2020",119,53
201616,"2011",NA,NA
201616,"2015",NA,NA
201616,"2016",235,111
201616,"2013",NA,NA
201616,"2014",NA,NA
201616,"2023",227,110
201616,"2022",233,114
201616,"2018",76,38
201616,"2017",377,200
201616,"2019",137,61
201616,"2012",84,32
201616,"2021",223,93
201619,"2023",NA,NA
201619,"2014",NA,NA
201619,"2013",NA,NA
201619,"2015",NA,NA
201619,"2021",199,80
201619,"2018",368,150
201619,"2019",382,160
201619,"2016",532,240
201619,"2020",93,45
201619,"2022",NA,NA
201619,"2011",29,13
201619,"2012",25,11
201619,"2009",14,5
201619,"2017",214,96
201619,"2024",NA,NA
201643,"2009",25,17
201648,"2018",18,4
201648,"2012",NA,NA
201648,"2016",155,66
201648,"2010",NA,NA
201648,"2017",99,35
201648,"2015",NA,NA
201648,"2014",19,8
201648,"2011",20,4
201648,"2009",NA,NA
201660,"2008",19,9
201660,"2009",15,7
201696,"2017",283,124
201696,"2014",33,18
201696,"2016",442,204
201696,"2024",NA,NA
201696,"2021",NA,NA
201696,"2015",NA,NA
201696,"2010",NA,NA
201696,"2020",178,85
201696,"2022",74,29
201696,"2018",158,80
201696,"2023",NA,NA
201696,"2019",279,118
201697,"2011",35,20
201697,"2013",NA,NA
201697,"2019",272,96
201697,"2021",110,51
201697,"2018",285,107
201697,"2014",72,24
201697,"2008",NA,NA
201697,"2012",NA,NA
201697,"2020",112,42
201697,"2007",NA,NA
201697,"2017",350,148
201697,"2010",NA,NA
201697,"2015",NA,NA
201697,"2016",179,74
202358,"2006",NA,NA
202373,"2007",31,11
202402,"2008",20,12
202423,"2012",8,5
202423,"2011",12,6
202426,"2011",NA,NA
202426,"2015",NA,NA
202426,"2016",78,33
202426,"2017",66,26
202426,"2014",22,10
202429,"2015",NA,NA
202429,"2013",NA,NA
202429,"2018",373,167
202429,"2020",179,83
202429,"2012",120,49
202429,"2016",289,123
202429,"2014",NA,NA
202429,"2022",267,129
202429,"2019",232,114
202429,"2017",232,106
202429,"2021",NA,NA
202429,"2023",NA,NA
202429,"2011",NA,NA
202429,"2024",45,20
202446,"2021",66,30
202446,"2017",265,107
202446,"2019",89,45
202446,"2018",243,109
202446,"2016",432,190
202446,"2015",NA,NA
202446,"2011",NA,NA
202446,"2022",59,28
202446,"2020",136,63
202446,"2023",53,24
202446,"2014",NA,NA
202446,"2012",93,37
202446,"2013",NA,NA
202452,"2011",26,15
202453,"2015",NA,NA
202453,"2013",41,18
202453,"2018",221,102
202453,"2014",NA,NA
202453,"2019",418,184
202453,"2024",48,22
202453,"2011",NA,NA
202453,"2012",53,24
202453,"2016",NA,NA
202453,"2021",NA,NA
202453,"2017",151,68
202453,"2020",139,67
202465,"2012",18,9
202482,"2015",NA,NA
202482,"2019",58,25
202482,"2020",25,11
202482,"2012",NA,NA
202482,"2017",68,35
202482,"2018",20,9
202482,"2016",75,46
202482,"2021",NA,NA
202484,"2019",75,25
202484,"2015",NA,NA
202484,"2013",30,13
202484,"2014",NA,NA
202484,"2020",NA,NA
202484,"2018",38,14
202484,"2017",165,61
202484,"2016",210,102
202484,"2012",45,18
202504,"2019",30,12
202504,"2017",200,103
202504,"2016",115,49
202504,"2013",16,6
202504,"2020",NA,NA
202504,"2014",NA,NA
202504,"2015",NA,NA
202504,"2012",24,13
202504,"2018",115,51
202536,"2015",NA,NA
202536,"2017",107,50
202536,"2021",NA,NA
202536,"2014",27,9
202536,"2020",56,26
202536,"2022",NA,NA
202536,"2016",111,51
202536,"2018",250,104
202536,"2019",172,72
202536,"2023",NA,NA
202536,"2024",NA,NA
202578,"2019",19,12
202600,"2017",78,33
202600,"2014",NA,NA
202600,"2015",NA,NA
202600,"2023",NA,NA
202600,"2019",60,28
202600,"2020",89,41
202600,"2024",413,187
202600,"2021",163,78
202600,"2018",95,43
202600,"2022",129,59
202628,"2016",NA,NA
202628,"2018",26,10
202628,"2015",48,28
202628,"2017",NA,NA
202628,"2014",51,25
202628,"2023",152,60
202628,"2013",35,14
202628,"2022",NA,NA
202628,"2021",118,53
202653,"2015",NA,NA
202653,"2014",39,18
202653,"2016",228,102
202653,"2018",75,30
202653,"2017",133,46
202653,"2019",22,4
202662,"2024",8,5
202662,"2018",NA,NA
202662,"2023",33,14
202684,"2014",NA,NA
202684,"2021",99,49
202684,"2022",135,75
202684,"2015",75,39
202684,"2016",68,27
202684,"2017",177,75
202684,"2020",72,34
202684,"2019",127,63
202684,"2018",102,55
202684,"2024",235,96
202684,"2023",411,197
202685,"2014",37,21
202685,"2018",NA,NA
202685,"2017",NA,NA
202685,"2016",59,27
202685,"2015",33,15
202702,"2014",62,26
202702,"2013",23,9
202702,"2015",NA,NA
202702,"2016",23,8
202702,"2017",NA,NA
202702,"2019",31,8
202702,"2018",NA,NA
202702,"2021",16,10
202858,"2016",14,6
202916,"2021",30,11
202916,"2019",27,13
202916,"2018",35,15
202921,"2017",17,6
203325,"2021",42,14
203325,"2019",27,12
203354,"2020",56,30
203354,"2023",NA,NA
203354,"2021",142,69
203354,"2022",NA,NA
203354,"2017",32,14
203354,"2024",217,83
203354,"2019",47,27
203354,"2018",NA,NA
203435,"2014",NA,NA
203435,"2017",84,37
203435,"2022",9,4
203435,"2018",222,99
203435,"2023",24,11
203435,"2019",161,76
203435,"2016",NA,NA
203462,"2019",NA,NA
203462,"2016",194,96
203462,"2017",148,70
203462,"2015",NA,NA
203462,"2024",NA,NA
203462,"2022",73,34
203462,"2013",30,13
203462,"2021",348,172
203462,"2023",167,79
203462,"2014",22,12
203462,"2020",63,35
203462,"2018",184,91
203500,"2022",NA,NA
203500,"2016",90,41
203500,"2024",88,34
203500,"2019",82,38
203500,"2020",19,8
203500,"2013",NA,NA
203500,"2018",173,81
203500,"2015",NA,NA
203500,"2017",80,41
203500,"2021",NA,NA
203500,"2023",73,30
203500,"2014",NA,NA
203501,"2020",27,9
203501,"2013",21,7
203501,"2022",27,14
203501,"2018",93,37
203501,"2019",102,45
203501,"2023",120,47
203501,"2024",NA,NA
203501,"2015",59,16
203501,"2017",90,42
203501,"2016",24,10
203501,"2014",95,38
203504,"2016",43,25
203504,"2019",NA,NA
203504,"2017",104,35
203504,"2015",NA,NA
203504,"2018",43,21
203514,"2020",25,13
203514,"2019",89,47
203514,"2023",25,10
203514,"2024",60,38
203514,"2021",255,106
203514,"2022",29,15
203530,"2016",331,149
203530,"2020",NA,NA
203530,"2019",253,136
203530,"2013",42,22
203530,"2023",121,45
203530,"2021",NA,NA
203530,"2017",296,132
203530,"2018",163,67
203530,"2024",NA,NA
203530,"2022",NA,NA
203553,"2017",13,6
203562,"2018",17,7
203562,"2023",NA,NA
203562,"2017",26,12
203564,"2020",NA,NA
203564,"2022",77,38
203564,"2023",21,10
203564,"2016",NA,NA
203564,"2024",109,51
203564,"2018",NA,NA
203564,"2019",99,43
203564,"2017",14,10
203564,"2021",NA,NA
203575,"2014",NA,NA
203575,"2022",141,64
203575,"2011",NA,NA
203575,"2021",199,98
203575,"2020",72,33
203575,"2024",NA,NA
203575,"2018",62,22
203575,"2015",NA,NA
203575,"2019",48,26
203575,"2013",NA,NA
203575,"2017",140,59
203575,"2012",NA,NA
203575,"2023",122,65
203575,"2016",305,134
203576,"2016",50,27
203576,"2015",NA,NA
203576,"2014",70,28
203576,"2017",85,44
204267,"2017",10,5
204362,"2018",46,22
204362,"2015",NA,NA
204362,"2013",NA,NA
204362,"2017",40,15
204362,"2016",39,20
204388,"2013",29,13
204388,"2014",24,8
204394,"2020",24,13
204394,"2017",40,20
204394,"2019",25,10
204394,"2023",NA,NA
204394,"2021",31,17
204394,"2022",NA,NA
204394,"2018",90,47
204394,"2014",NA,NA
204411,"2020",17,7
204411,"2016",NA,NA
204411,"2014",29,14
204411,"2015",NA,NA
204411,"2021",133,61
204411,"2023",100,41
204411,"2022",NA,NA
204411,"2024",51,21
204427,"2024",NA,NA
204427,"2022",450,205
204427,"2017",292,151
204427,"2015",NA,NA
204427,"2023",NA,NA
204427,"2021",NA,NA
204427,"2020",175,85
204427,"2019",250,126
204427,"2016",129,66
204427,"2018",168,81
205344,"2016",42,22
205344,"2017",17,12
205344,"2022",NA,NA
205344,"2018",NA,NA
205344,"2019",30,13
205723,"2017",24,6
205723,"2021",17,7
205723,"2018",NA,NA
205815,"2017",41,21
205815,"2014",34,13
205815,"2018",13,8
205815,"2022",NA,NA
205815,"2016",NA,NA
205848,"2018",23,6
205925,"2021",363,180
205925,"2014",NA,NA
205925,"2024",132,62
205925,"2019",301,131
205925,"2023",274,135
205925,"2020",187,91
205925,"2013",NA,NA
205925,"2022",NA,NA
205925,"2015",NA,NA
205925,"2017",304,130
205925,"2012",NA,NA
205925,"2018",460,185
205925,"2016",204,97
206037,"2022",31,15
206037,"2019",35,18
206037,"2023",NA,NA
206037,"2014",NA,NA
206037,"2015",NA,NA
206037,"2016",NA,NA
206037,"2020",36,20
206037,"2018",48,20
206037,"2021",27,11
206037,"2024",NA,NA
206037,"2017",42,22
206107,"2023",NA,NA
206107,"2018",9,8
206107,"2017",25,12
206107,"2015",NA,NA
206107,"2019",29,18
206107,"2021",NA,NA
206107,"2016",20,10
206108,"2023",65,33
206108,"2020",214,89
206108,"2016",78,29
206108,"2018",120,54
206108,"2019",274,110
206108,"2021",NA,NA
206108,"2017",152,74
206124,"2020",98,43
206124,"2018",50,21
206124,"2017",90,39
206124,"2023",175,67
206124,"2015",42,21
206124,"2021",NA,NA
206124,"2014",NA,NA
206124,"2024",NA,NA
206124,"2019",86,34
206124,"2022",NA,NA
206124,"2016",74,37
206124,"2013",NA,NA
206136,"2018",15,10
206136,"2017",57,26
206183,"2017",30,12
206183,"2015",NA,NA
206183,"2016",35,22
206216,"2017",22,10
206219,"2019",16,5
206219,"2022",169,68
206219,"2017",213,108
206219,"2020",79,35
206219,"2021",154,67
206219,"2015",NA,NA
206219,"2023",27,11
206219,"2018",57,19
206219,"2016",108,42
206219,"2024",70,28
206252,"2019",20,10
206252,"2023",NA,NA
206252,"2021",NA,NA
206252,"2022",NA,NA
206252,"2024",319,143
206252,"2014",16,10
206252,"2018",32,13
206252,"2020",153,63
206252,"2017",103,40
206252,"2015",NA,NA
206252,"2016",61,26
206255,"2019",112,51
206255,"2017",75,29
206255,"2020",131,77
206255,"2023",73,29
206255,"2016",182,78
206255,"2021",82,32
206255,"2015",NA,NA
206289,"2015",NA,NA
206289,"2022",553,236
206289,"2021",NA,NA
206289,"2020",266,119
206289,"2016",175,67
206289,"2014",NA,NA
206289,"2018",380,184
206289,"2019",463,209
206289,"2017",260,120
206289,"2024",NA,NA
206289,"2013",NA,NA
206289,"2023",533,223
206289,"2012",NA,NA
206292,"2021",198,84
206292,"2023",26,8
206292,"2019",107,48
206292,"2022",91,41
206292,"2020",58,23
206292,"2024",60,31
206374,"2021",94,35
206374,"2018",295,128
206374,"2014",27,15
206374,"2023",21,7
206374,"2019",371,159
206374,"2017",75,41
206374,"2016",NA,NA
206374,"2020",80,35
206374,"2015",NA,NA
206374,"2024",237,97
206408,"2024",240,106
206408,"2023",234,114
206408,"2018",14,8
206408,"2016",NA,NA
206408,"2021",NA,NA
206408,"2020",134,66
206408,"2017",89,39
206408,"2022",NA,NA
206417,"2022",NA,NA
206417,"2023",60,25
206417,"2024",30,14
206420,"2016",52,22
206420,"2022",443,223
206420,"2019",509,231
206420,"2023",NA,NA
206420,"2024",397,173
206420,"2018",174,74
206420,"2021",NA,NA
206420,"2017",138,66
206420,"2020",268,131
206430,"2022",21,15
206430,"2023",20,6
206430,"2021",9,4
206430,"2015",NA,NA
206430,"2019",40,20
206430,"2024",NA,NA
210672,"2016",18,8
210705,"2022",63,36
210705,"2017",NA,NA
210705,"2019",94,38
210705,"2024",59,22
210705,"2021",139,65
210705,"2020",42,16
210705,"2018",39,18
210722,"2019",592,263
210722,"2024",414,187
210722,"2022",NA,NA
210722,"2020",418,202
210722,"2018",667,309
210722,"2016",46,30
210722,"2021",NA,NA
210722,"2023",464,215
210722,"2017",483,236
210871,"2018",19,14
210871,"2016",30,13
210871,"2017",18,12
210871,"2015",NA,NA
210913,"2019",16,5
210957,"2017",29,12
210957,"2016",NA,NA
210957,"2018",34,19
211095,"2018",201,92
211095,"2019",254,123
211095,"2023",324,140
211095,"2017",NA,NA
211095,"2020",118,51
211095,"2021",277,125
211095,"2022",221,98
211095,"2024",252,104
211279,"2022",NA,NA
211279,"2017",NA,NA
211279,"2015",NA,NA
211279,"2019",74,31
211279,"2023",NA,NA
211279,"2024",197,94
211279,"2021",106,54
211279,"2018",52,19
211279,"2020",41,12
211337,"2022",88,35
211337,"2020",NA,NA
211337,"2018",57,29
211337,"2023",240,111
211337,"2019",101,45
211337,"2024",166,74
211337,"2017",58,26
211337,"2021",96,40
211411,"2024",46,20
211411,"2019",132,63
211411,"2021",NA,NA
211411,"2016",NA,NA
211411,"2018",NA,NA
211411,"2020",39,17
211411,"2017",75,22
211456,"2022",33,15
211472,"2015",13,6
211544,"2021",1,1
211684,"2017",NA,NA
211684,"2024",NA,NA
211684,"2022",NA,NA
211684,"2020",30,18
211684,"2014",NA,NA
211684,"2015",NA,NA
211684,"2021",117,48
211684,"2019",69,28
211684,"2016",24,13
211684,"2023",259,114
211684,"2018",129,53
211701,"2021",355,177
211701,"2024",NA,NA
211701,"2022",NA,NA
211701,"2014",99,41
211701,"2023",NA,NA
211701,"2013",NA,NA
211701,"2017",413,189
211701,"2020",119,58
211701,"2015",NA,NA
211701,"2016",308,147
211701,"2018",479,214
211701,"2019",393,182
211702,"2021",NA,NA
211702,"2018",160,60
211702,"2019",126,59
211702,"2016",NA,NA
211702,"2022",74,41
211702,"2017",215,97
211702,"2015",NA,NA
211702,"2020",151,66
211702,"2024",NA,NA
211702,"2023",148,81
211736,"2017",73,39
211736,"2021",NA,NA
211736,"2018",51,23
211736,"2019",114,49
211736,"2015",NA,NA
211736,"2016",33,23
211796,"2017",94,43
211796,"2016",77,40
211796,"2014",NA,NA
211796,"2019",NA,NA
211796,"2021",27,13
211796,"2018",34,16
211796,"2015",NA,NA
211817,"2017",17,7
211817,"2024",112,50
211817,"2019",51,25
211817,"2022",221,105
211817,"2023",144,66
211817,"2018",56,18
211817,"2020",NA,NA
211817,"2016",NA,NA
211817,"2021",194,80
211878,"2017",85,44
211878,"2020",64,23
211878,"2021",59,25
211878,"2022",NA,NA
211878,"2018",NA,NA
211880,"2024",29,13
211880,"2020",37,16
211880,"2019",116,51
211880,"2017",32,17
211880,"2018",43,18
211880,"2016",NA,NA
211880,"2023",17,8
211880,"2022",25,10
211887,"2019",10,4
211901,"2019",92,44
211901,"2020",49,21
211901,"2021",94,45
211901,"2023",37,17
211903,"2017",NA,NA
211903,"2020",36,16
211903,"2022",26,18
212001,"2019",190,91
212001,"2015",20,10
212001,"2016",21,9
212001,"2022",NA,NA
212001,"2018",171,71
212001,"2017",234,105
212001,"2020",NA,NA
212001,"2021",88,35
212805,"2022",NA,NA
212805,"2017",26,15
212805,"2020",27,18
213525,"2021",NA,NA
213525,"2020",182,91
213525,"2017",25,9
213525,"2016",11,7
213525,"2018",79,26
213525,"2022",NA,NA
213525,"2019",195,87
213525,"2024",NA,NA
213525,"2023",228,104
213544,"2022",NA,NA
213544,"2019",78,33
213544,"2024",NA,NA
213544,"2020",49,20
213544,"2021",14,10
213544,"2017",139,66
213544,"2018",137,56
213544,"2023",28,13
213550,"2021",178,81
213550,"2015",NA,NA
213550,"2018",287,136
213550,"2019",NA,NA
213550,"2022",106,44
213550,"2020",269,128
213550,"2017",52,25
213550,"2023",338,139
213550,"2024",270,115
213550,"2016",NA,NA
213631,"2019",124,58
213631,"2021",275,122
213631,"2017",NA,NA
213631,"2020",167,69
213631,"2015",NA,NA
213631,"2018",35,18
213631,"2024",NA,NA
213631,"2022",NA,NA
213631,"2023",368,178
213646,"2023",NA,NA
213646,"2022",NA,NA
213646,"2024",80,33
213646,"2017",22,8
213646,"2018",24,9
213646,"2019",32,12
213646,"2016",NA,NA
213646,"2021",43,18
213710,"2023",235,109
213710,"2024",NA,NA
213710,"2021",63,29
213710,"2022",110,47
213828,"2020",15,9
213889,"2022",103,43
213889,"2023",NA,NA
213889,"2024",223,109
213889,"2019",127,60
213889,"2020",59,23
213889,"2021",268,126
213908,"2022",31,12
213908,"2023",10,5
213908,"2024",34,17
213926,"2021",7,0
213947,"2016",5,4
214020,"2023",21,9
214020,"2021",25,8
214032,"2019",15,8
214032,"2024",NA,NA
214032,"2020",16,8
214040,"2016",12,6
214040,"2021",51,18
214040,"2022",22,5
214040,"2018",36,8
214040,"2019",19,10
214040,"2024",NA,NA
214040,"2023",149,72
214119,"2023",236,92
214119,"2022",NA,NA
214119,"2024",153,58
214119,"2016",34,18
214119,"2021",13,6
214119,"2017",NA,NA
214149,"2017",24,10
214149,"2022",NA,NA
214149,"2024",NA,NA
214149,"2023",NA,NA
214149,"2018",242,96
214149,"2020",91,29
214149,"2021",104,46
214149,"2019",340,148
214181,"2021",165,75
214181,"2022",89,40
214229,"2016",37,15
214263,"2017",254,120
214263,"2014",NA,NA
214263,"2018",114,50
214263,"2016",116,46
214263,"2015",20,12
214263,"2020",107,54
214304,"2021",NA,NA
214304,"2017",21,13
214304,"2019",88,36
214304,"2018",220,95
214304,"2016",NA,NA
214304,"2020",29,9
214312,"2016",18,10
214405,"2022",48,21
214405,"2023",80,36
214405,"2017",NA,NA
214405,"2019",NA,NA
214405,"2020",26,12
214452,"2024",319,138
214452,"2017",20,11
214452,"2019",NA,NA
214452,"2021",31,14
214452,"2022",58,18
214452,"2018",88,33
214452,"2020",36,14
214452,"2023",109,52
214480,"2024",50,22
214480,"2023",31,12
214480,"2018",NA,NA
214521,"2024",22,9
214521,"2018",34,20
214521,"2020",29,12
214541,"2024",NA,NA
214541,"2017",43,21
214541,"2022",NA,NA
214541,"2019",19,11
214541,"2023",36,17
214541,"2018",123,61
214541,"2016",NA,NA
214544,"2023",NA,NA
214544,"2022",NA,NA
214544,"2018",626,270
214544,"2017",170,77
214544,"2020",359,166
214544,"2019",472,211
214544,"2021",NA,NA
214544,"2024",605,283
214593,"2024",92,48
214593,"2021",36,14
214593,"2022",27,13
214593,"2023",96,54
214621,"2016",16,7
214621,"2014",NA,NA
214621,"2017",12,9
214641,"2017",41,23
214641,"2014",NA,NA
214641,"2018",26,11
214643,"2024",NA,NA
214643,"2022",337,152
214643,"2019",95,38
214643,"2023",NA,NA
214643,"2021",296,124
214643,"2020",52,18
214694,"2022",15,6
214694,"2017",16,8
214694,"2021",NA,NA
214694,"2019",NA,NA
214694,"2018",35,18
214839,"2022",49,19
214839,"2024",21,12
214839,"2021",NA,NA
214839,"2023",131,70
214906,"2022",NA,NA
214906,"2024",26,13
214906,"2020",NA,NA
214906,"2017",NA,NA
214906,"2021",61,26
214906,"2023",249,105
214906,"2018",117,53
214939,"2019",90,45
214939,"2023",219,115
214939,"2016",NA,NA
214939,"2017",84,33
214939,"2022",NA,NA
214939,"2021",206,86
214939,"2024",NA,NA
214939,"2020",27,13
214939,"2018",NA,NA
214954,"2016",13,5
214954,"2020",170,75
214954,"2019",376,187
214954,"2023",NA,NA
214954,"2024",NA,NA
214954,"2022",NA,NA
214954,"2018",268,116
214954,"2021",NA,NA
214954,"2017",151,75
215016,"2020",23,9
215016,"2018",50,24
215016,"2019",NA,NA
215016,"2017",33,19
215016,"2015",NA,NA
215018,"2021",31,13
215018,"2017",16,6
215018,"2019",13,4
215018,"2022",NA,NA
215018,"2018",22,5
215018,"2024",NA,NA
215020,"2023",410,184
215020,"2018",180,80
215020,"2020",122,63
215020,"2022",100,48
215020,"2024",322,141
215020,"2021",119,52
215020,"2019",274,127
215020,"2017",69,25
215020,"2016",22,10
215035,"2019",NA,NA
215035,"2018",174,72
215035,"2022",211,98
215035,"2023",183,82
215035,"2021",NA,NA
215035,"2017",37,21
215035,"2024",282,132
215035,"2016",NA,NA
215035,"2020",229,107
215091,"2020",13,6
215096,"2018",15,7
215096,"2017",31,11
215096,"2022",NA,NA
215096,"2019",22,10
215096,"2023",21,10
215138,"2024",127,40
215138,"2022",41,17
215151,"2024",11,5
215151,"2023",NA,NA
215151,"2020",26,16
215151,"2022",34,12
215151,"2019",23,13
215219,"2021",174,75
215219,"2019",72,35
215219,"2023",NA,NA
215219,"2018",21,11
215219,"2022",NA,NA
215219,"2017",NA,NA
215219,"2024",10,4
215219,"2020",123,62
215259,"2020",68,36
215259,"2021",52,19
215259,"2018",NA,NA
215337,"2021",NA,NA
215337,"2022",NA,NA
215337,"2018",102,49
215337,"2023",NA,NA
215337,"2019",38,15
215337,"2024",166,86
215337,"2020",26,12
215370,"2022",NA,NA
215370,"2018",59,31
215370,"2017",94,51
215370,"2021",268,116
215370,"2019",NA,NA
215370,"2024",161,65
215370,"2023",222,101
215371,"2018",14,9
215371,"2019",41,11
215371,"2020",NA,NA
215371,"2022",NA,NA
215371,"2021",45,22
215395,"2020",27,13
215571,"2024",19,6
215613,"2020",NA,NA
215613,"2023",226,114
215613,"2024",625,295
215613,"2021",37,18
215613,"2019",NA,NA
215613,"2022",25,12
215627,"2022",46,25
215672,"2018",32,14
215713,"2019",256,124
215713,"2021",NA,NA
215713,"2020",104,46
215713,"2018",141,61
215713,"2024",426,186
215713,"2017",NA,NA
215713,"2023",515,219
215713,"2022",NA,NA
215785,"2022",291,119
215785,"2016",NA,NA
215785,"2017",37,14
215785,"2018",NA,NA
215785,"2024",NA,NA
215785,"2020",14,9
215785,"2021",NA,NA
215785,"2019",85,40
215785,"2023",304,140
215832,"2021",24,11
215859,"2016",14,8
215869,"2016",16,6
215869,"2017",37,11
215872,"2019",NA,NA
215872,"2022",NA,NA
215872,"2023",176,86
215872,"2024",225,108
215872,"2021",129,63
215872,"2020",13,6
215899,"2023",56,23
215899,"2019",17,7
215899,"2024",31,14
215899,"2022",72,25
215899,"2021",NA,NA
215910,"2024",42,11
215910,"2018",NA,NA
215910,"2023",59,33
215910,"2022",NA,NA
215910,"2021",18,12
215936,"2021",32,14
215936,"2023",33,21
215936,"2024",NA,NA
215983,"2021",247,113
215983,"2024",112,50
215983,"2020",51,19
215983,"2022",NA,NA
215983,"2023",31,13
215996,"2021",18,6
215996,"2022",60,27
215996,"2023",42,19
215996,"2024",64,24
216016,"2024",NA,NA
216016,"2022",NA,NA
216016,"2017",15,5
216016,"2019",55,19
216016,"2021",105,46
216016,"2020",88,37
216016,"2018",25,11
216016,"2023",342,131
216055,"2024",NA,NA
216055,"2019",31,17
216055,"2023",NA,NA
216055,"2018",18,11
216055,"2020",22,8
216074,"2023",17,6
216081,"2024",33,13
216081,"2023",NA,NA
216081,"2022",37,16
216083,"2024",NA,NA
216083,"2020",38,21
216083,"2019",78,39
216083,"2022",107,45
216083,"2023",179,93
216083,"2021",146,62
216097,"2022",44,24
216097,"2023",106,55
216097,"2024",NA,NA
216133,"2019",58,24
216133,"2018",27,13
216133,"2020",NA,NA
216133,"2021",178,73
216133,"2023",402,181
216133,"2022",NA,NA
216133,"2024",472,209
216139,"2023",23,13
216146,"2020",54,19
216146,"2019",73,35
216146,"2021",286,131
216146,"2023",NA,NA
216146,"2024",NA,NA
216146,"2022",NA,NA
216146,"2018",62,30
216150,"2020",32,14
216153,"2019",329,146
216153,"2018",137,71
216153,"2024",NA,NA
216153,"2023",59,26
216153,"2021",239,122
216153,"2020",169,78
216153,"2022",NA,NA
216153,"2017",NA,NA
216180,"2022",17,12
216262,"2021",222,102
216262,"2019",NA,NA
216262,"2022",124,64
216262,"2024",NA,NA
216262,"2020",95,33
216262,"2023",270,129
216265,"2022",NA,NA
216265,"2021",34,8
216265,"2024",98,43
216265,"2023",38,13
216462,"2016",26,10
216475,"2016",16,7
219422,"2017",30,20
219875,"2024",NA,NA
219875,"2019",58,28
219875,"2022",167,82
219875,"2021",295,117
219875,"2020",57,25
219875,"2023",341,164
219917,"2024",105,35
219917,"2021",39,14
219917,"2023",219,90
219917,"2022",32,16
220272,"2022",23,18
220332,"2024",137,64
220332,"2022",NA,NA
220332,"2023",137,66
220339,"2018",28,13
220395,"2016",9,7
220465,"2019",NA,NA
220465,"2022",100,40
220465,"2024",310,138
220465,"2023",159,80
220465,"2021",NA,NA
220465,"2020",23,7
220520,"2024",144,69
220548,"2024",387,187
220548,"2023",256,126
220548,"2022",NA,NA
220589,"2024",444,205
220589,"2023",213,97
220589,"2022",62,34
220750,"2022",32,12
220750,"2024",27,13
220750,"2023",48,28
220946,"2022",27,18
221024,"2020",NA,NA
221024,"2024",131,59
221024,"2023",51,23
221024,"2021",58,25
221024,"2022",55,29
221024,"2019",20,5
221054,"2024",NA,NA
221054,"2022",293,144
221054,"2023",84,31
221054,"2021",163,61
221105,"2020",26,16
221236,"2024",70,34
221236,"2023",50,26
221237,"2024",85,30
221237,"2023",57,29
221247,"2024",37,21
221247,"2022",14,5
221247,"2021",NA,NA
221247,"2023",46,18
221818,"2017",31,15
221824,"2017",21,15
221828,"2017",44,23
221831,"2018",15,5
221837,"2018",11,7
221844,"2018",17,9
221852,"2018",26,16
221911,"2024",23,13
221911,"2023",23,9
221911,"2019",NA,NA
222233,"2024",85,47
222233,"2022",30,10
222233,"2023",35,16
222258,"2024",94,44
222258,"2023",278,139
222258,"2022",131,65
222258,"2020",NA,NA
222258,"2021",52,28
222296,"2023",59,24
222296,"2024",65,32
222328,"2022",62,24
222328,"2023",NA,NA
222328,"2024",297,133
222513,"2022",22,13
222559,"2024",45,16
222601,"2024",200,96
222601,"2023",33,18
222965,"2024",145,63
222965,"2022",12,5
222965,"2023",98,50
222966,"2024",18,9
222966,"2022",19,6
223131,"2020",12,8
223132,"2020",27,14
223133,"2020",22,11
223134,"2020",36,15
223135,"2020",10,8
223159,"2022",27,8
223331,"2024",44,18
223333,"2024",19,11
223333,"2023",62,23
223335,"2022",12,5
232447,"2024",22,10
232447,"2023",77,31
233741,"2024",21,12
239389,"2024",21,13
252499,"2023",10,6
252499,"2024",48,29
252587,"2024",28,10
256684,"2024",38,20
259799,"2023",174,82
259799,"2024",448,231
259799,"2022",NA,NA
260170,"2024",32,11
260300,"2024",21,9
260847,"2024",NA,NA
260848,"2024",NA,NA
260913,"2024",NA,NA
261963,"2024",NA,NA
263847,"2023",NA,NA
263848,"2023",NA,NA
263849,"2023",NA,NA
263850,"2023",NA,NA
263852,"2023",NA,NA
263853,"2023",NA,NA
263857,"2024",123,61
264205,"2023",NA,NA
266671,"2024",56,29
