"player_id","year","bp_faced","bp_saved"
102093,"2024",10,6
102143,"2003",53,35
102143,"2005",19,11
102143,"2002",45,24
102143,"1997",NA,NA
102143,"2001",52,30
102143,"2006",NA,NA
102143,"2004",39,26
102143,"2000",19,13
102179,"2000",151,105
102179,"1996",15,8
102179,"2001",258,162
102179,"2004",207,116
102179,"2002",NA,NA
102179,"1999",NA,NA
102179,"2005",146,90
102179,"2007",21,14
102179,"2003",234,142
102179,"2006",21,12
102269,"2002",NA,NA
102269,"2005",34,20
102269,"2006",17,10
102269,"1997",89,54
102269,"2001",28,22
102269,"1996",25,17
102269,"2003",37,18
102269,"1995",NA,NA
102269,"2000",28,15
102269,"1998",NA,NA
102269,"2004",142,98
102287,"2000",351,204
102287,"1995",52,31
102287,"2001",472,272
102287,"2003",218,111
102287,"1993",NA,NA
102287,"1996",NA,NA
102287,"2002",NA,NA
102287,"2007",NA,NA
102287,"2006",173,101
102287,"1998",324,186
102287,"2005",61,35
102287,"2004",151,79
102287,"1999",NA,NA
102287,"1997",294,163
102456,"2001",329,189
102456,"2003",NA,NA
102456,"2005",240,139
102456,"2002",358,207
102456,"1998",NA,NA
102456,"2007",42,27
102456,"1997",NA,NA
102456,"1996",579,327
102456,"2000",201,106
102456,"1995",116,71
102456,"2004",301,187
102456,"1999",NA,NA
102456,"1994",NA,NA
102494,"2000",156,88
102494,"2004",107,65
102494,"2005",176,100
102494,"2003",NA,NA
102494,"1999",12,8
102494,"2006",126,63
102494,"1997",8,4
102494,"2001",121,69
102494,"2002",48,25
102565,"2007",64,37
102565,"2002",63,39
102565,"2005",102,68
102565,"2006",NA,NA
102565,"2004",31,19
102565,"2003",133,81
102642,"2006",101,65
102642,"2003",170,104
102642,"2001",NA,NA
102642,"2002",96,59
102642,"1999",46,25
102642,"2004",306,200
102642,"2007",9,5
102642,"2005",251,140
102642,"2000",143,82
102694,"2005",196,94
102694,"2001",272,165
102694,"2007",NA,NA
102694,"1994",NA,NA
102694,"2004",215,121
102694,"1997",40,27
102694,"2003",NA,NA
102694,"1995",63,35
102694,"2006",101,63
102694,"1996",69,41
102694,"1999",140,89
102694,"1998",147,87
102694,"2000",58,32
102694,"2002",277,154
102788,"2003",136,84
102788,"2008",8,5
102788,"2006",17,11
102788,"2004",118,65
102788,"2001",126,67
102788,"2007",15,9
102788,"2005",9,5
102788,"2002",NA,NA
102834,"2003",70,42
102834,"1994",NA,NA
102834,"1995",NA,NA
102834,"2001",119,64
102834,"2002",45,29
102834,"1996",NA,NA
102834,"2007",192,111
102834,"1998",33,20
102834,"2000",353,212
102834,"2004",90,58
102834,"2006",291,168
102834,"2005",187,111
102834,"1993",NA,NA
102834,"1999",279,163
102869,"1995",65,39
102869,"2003",137,82
102869,"1998",340,200
102869,"2005",NA,NA
102869,"2001",339,203
102869,"1999",232,140
102869,"1997",326,212
102869,"1996",NA,NA
102869,"2006",32,19
102869,"2002",176,99
102869,"2004",161,80
102869,"2000",241,144
102869,"1994",NA,NA
102880,"2002",114,56
102880,"2000",181,108
102880,"1999",NA,NA
102880,"2001",119,74
102880,"2003",138,84
102880,"2004",166,103
102880,"2005",146,85
102881,"2007",NA,NA
102881,"1995",26,17
102881,"1993",22,14
102881,"1994",9,2
102881,"1997",34,20
102881,"2006",NA,NA
102881,"2008",NA,NA
102881,"1996",32,17
102886,"2010",NA,NA
102886,"2006",13,5
102886,"2003",88,48
102886,"2012",NA,NA
102886,"2005",42,32
102886,"2004",19,11
102886,"2001",NA,NA
102904,"2006",24,12
102904,"2000",19,6
102904,"2001",NA,NA
102925,"2007",106,60
102925,"2005",103,63
102925,"2004",38,19
102925,"1999",278,162
102925,"2000",222,134
102925,"1997",297,170
102925,"2001",124,67
102925,"2002",75,36
102925,"1998",NA,NA
102925,"2003",199,123
102925,"2006",245,160
102925,"1996",59,28
102925,"1995",30,21
102967,"2002",14,12
102967,"2011",NA,NA
102967,"2013",NA,NA
102967,"2009",320,204
102967,"2006",190,122
102967,"2004",17,3
102967,"2014",16,10
102967,"2008",330,210
102967,"2012",NA,NA
102967,"2010",120,66
102967,"2005",31,16
102967,"2007",276,167
102999,"2003",24,13
102999,"2006",120,64
102999,"2002",NA,NA
102999,"2001",31,19
102999,"2007",94,53
102999,"2011",NA,NA
102999,"2008",15,8
102999,"2010",NA,NA
103032,"2005",29,15
103105,"2006",NA,NA
103105,"2005",48,24
103105,"2013",52,35
103105,"2010",33,16
103105,"2002",NA,NA
103105,"2009",134,88
103105,"2008",56,30
103105,"2004",NA,NA
103105,"2014",NA,NA
103105,"2003",122,59
103105,"2012",128,67
103105,"2011",214,126
103105,"2001",17,12
103105,"2007",NA,NA
103169,"2007",NA,NA
103169,"2008",294,164
103169,"2005",174,88
103169,"2009",340,205
103169,"2006",60,37
103169,"2003",78,52
103169,"2010",140,82
103169,"2004",218,124
103175,"2006",NA,NA
103175,"2007",19,14
103175,"2005",22,12
103181,"2005",197,114
103181,"2006",232,139
103181,"2003",94,53
103181,"2000",NA,NA
103181,"2008",NA,NA
103181,"2007",153,86
103181,"1995",23,10
103181,"2004",114,74
103181,"2002",39,16
103181,"2009",NA,NA
103181,"2001",296,176
103185,"1997",NA,NA
103185,"2008",NA,NA
103185,"2002",16,8
103185,"2003",13,6
103185,"2001",30,16
103185,"2007",NA,NA
103185,"2000",27,16
103188,"2010",264,140
103188,"2006",NA,NA
103188,"2001",222,123
103188,"2012",139,67
103188,"2013",178,96
103188,"2007",212,118
103188,"2011",195,100
103188,"2009",45,23
103188,"2014",133,72
103188,"2000",72,40
103188,"2008",46,22
103188,"2003",25,18
103188,"2002",178,96
103188,"2015",NA,NA
103188,"1998",NA,NA
103204,"2002",NA,NA
103204,"2005",57,37
103204,"2003",NA,NA
103204,"2001",67,44
103204,"2006",25,16
103204,"2004",29,16
103204,"2007",26,14
103204,"2008",18,9
103204,"2000",NA,NA
103240,"2009",175,95
103240,"1999",NA,NA
103240,"2001",20,9
103240,"2006",191,100
103240,"2010",19,11
103240,"2005",323,193
103240,"1996",NA,NA
103240,"2004",38,22
103240,"2002",33,20
103240,"2000",40,15
103240,"2003",NA,NA
103240,"2007",113,50
103240,"2008",NA,NA
103252,"2010",50,28
103252,"2003",NA,NA
103252,"2007",145,80
103252,"1998",78,39
103252,"2004",376,215
103252,"2009",219,125
103252,"2000",NA,NA
103252,"1996",36,16
103252,"2002",NA,NA
103252,"1999",NA,NA
103252,"2001",488,289
103252,"1997",NA,NA
103252,"2005",417,249
103252,"2006",300,168
103252,"2008",41,19
103305,"2000",70,40
103305,"2004",84,40
103305,"2005",23,15
103305,"2002",NA,NA
103305,"1997",NA,NA
103305,"2001",113,62
103339,"1998",NA,NA
103339,"2007",22,14
103339,"2004",6,5
103339,"2006",26,12
103373,"2009",76,38
103373,"2007",NA,NA
103373,"2000",11,4
103373,"2008",197,108
103373,"2005",NA,NA
103373,"2003",48,27
103373,"2006",84,50
103401,"2007",182,110
103401,"2011",72,57
103401,"2005",NA,NA
103401,"2014",27,18
103401,"2015",29,18
103401,"2004",161,95
103401,"2009",NA,NA
103401,"2016",NA,NA
103401,"2010",NA,NA
103401,"2006",NA,NA
103401,"2002",NA,NA
103401,"2000",NA,NA
103401,"2013",58,33
103401,"2008",119,66
103401,"2012",46,30
103408,"2002",104,58
103408,"2006",15,9
103408,"2003",267,153
103408,"2004",86,47
103408,"2005",21,12
103420,"1996",31,12
103420,"1997",NA,NA
103420,"2001",NA,NA
103420,"2005",131,67
103420,"2004",NA,NA
103420,"1998",14,5
103420,"2008",NA,NA
103420,"2002",88,46
103420,"2000",61,30
103420,"1999",34,22
103424,"2006",28,16
103448,"2008",13,7
103451,"2010",155,102
103451,"2002",66,38
103451,"2006",314,178
103451,"1999",32,17
103451,"2007",126,71
103451,"2009",190,100
103451,"2011",68,34
103451,"1998",NA,NA
103451,"2014",30,18
103451,"2004",47,23
103451,"2012",193,109
103451,"2001",59,31
103451,"2008",57,36
103451,"2005",188,105
103451,"2013",38,14
103451,"2003",43,21
103451,"2000",NA,NA
103470,"2011",82,45
103470,"2012",NA,NA
103470,"2005",NA,NA
103470,"2009",154,86
103470,"2007",168,98
103470,"2008",65,37
103470,"2003",139,94
103470,"2004",35,20
103470,"2010",NA,NA
103470,"2006",92,67
103487,"2002",59,29
103487,"2007",NA,NA
103487,"2001",NA,NA
103487,"2005",71,42
103487,"2000",42,26
103487,"2006",34,17
103487,"1998",NA,NA
103490,"2009",92,47
103490,"2007",61,38
103490,"2006",27,15
103490,"2010",137,79
103490,"2004",NA,NA
103490,"2005",217,114
103490,"2008",189,104
103516,"2005",37,23
103516,"2006",51,35
103516,"2004",NA,NA
103516,"2007",32,21
103534,"2004",7,4
103534,"2012",25,13
103534,"2009",202,135
103534,"2007",212,123
103534,"2008",130,78
103534,"2011",NA,NA
103534,"2005",NA,NA
103534,"2006",25,14
103538,"2006",11,8
103543,"2010",23,13
103543,"2008",48,30
103565,"2010",237,134
103565,"2020",NA,NA
103565,"2011",57,28
103565,"2018",24,14
103565,"2015",68,36
103565,"2004",26,17
103565,"2017",102,51
103565,"2016",262,151
103565,"2014",116,71
103565,"2012",NA,NA
103565,"2013",28,14
103566,"2013",NA,NA
103566,"2000",81,43
103566,"2014",59,36
103566,"2008",NA,NA
103566,"2003",105,63
103566,"2006",NA,NA
103566,"2010",NA,NA
103566,"2009",157,102
103566,"2001",151,87
103566,"2002",NA,NA
103566,"2005",211,123
103566,"2007",215,140
103566,"2004",173,118
103566,"2011",NA,NA
103566,"2012",160,98
103582,"2016",119,76
103582,"2007",143,87
103582,"2010",311,194
103582,"2005",11,4
103582,"2014",60,38
103582,"2015",121,72
103582,"2013",38,25
103582,"2011",277,177
103582,"2012",116,65
103582,"2004",NA,NA
103582,"2006",104,54
103582,"2008",NA,NA
103582,"2009",110,63
103656,"2005",222,125
103656,"2010",NA,NA
103656,"2007",NA,NA
103656,"2006",214,107
103656,"2008",288,173
103656,"2012",181,91
103656,"2004",206,104
103656,"2014",174,103
103656,"2003",166,89
103656,"2017",20,13
103656,"2001",148,94
103656,"2011",375,230
103656,"2002",292,179
103656,"2009",NA,NA
103656,"2013",290,184
103656,"2015",109,62
103656,"2016",71,38
103675,"2006",39,23
103675,"2007",NA,NA
103675,"2009",188,98
103675,"2008",26,18
103675,"2010",NA,NA
103675,"2012",46,24
103675,"2011",67,35
103693,"2010",NA,NA
103693,"2006",70,38
103693,"2003",51,27
103693,"2008",82,45
103693,"2009",18,9
103693,"2007",61,43
103693,"2005",57,30
103693,"2002",NA,NA
103693,"2004",NA,NA
103700,"2002",NA,NA
103700,"2004",25,16
103700,"2007",NA,NA
103700,"2006",40,26
103700,"2005",18,10
103701,"2008",67,31
103701,"2007",NA,NA
103701,"2006",41,27
103702,"2006",14,9
103722,"2011",117,61
103722,"2010",393,248
103722,"2004",36,15
103722,"2009",402,252
103722,"2003",NA,NA
103722,"2014",NA,NA
103722,"2006",399,236
103722,"2005",142,75
103722,"2007",NA,NA
103722,"2013",NA,NA
103722,"2002",NA,NA
103722,"2012",127,74
103722,"2008",314,180
103737,"2005",36,25
103737,"2006",91,53
103737,"2002",NA,NA
103737,"2003",14,10
103747,"2009",NA,NA
103747,"2011",NA,NA
103747,"2008",19,14
103747,"2006",11,7
103747,"2007",24,14
103747,"2010",10,7
103761,"2004",18,13
103761,"2007",21,9
103761,"2008",NA,NA
103761,"2006",NA,NA
103761,"2005",29,19
103763,"2008",23,11
103794,"2007",NA,NA
103794,"2006",89,56
103794,"2011",64,39
103794,"2008",187,115
103794,"2015",NA,NA
103794,"2010",NA,NA
103794,"2016",172,89
103794,"2014",306,184
103794,"2012",166,94
103794,"2013",199,110
103794,"2017",NA,NA
103794,"2009",162,88
103823,"2006",125,66
103823,"2009",105,55
103823,"2008",NA,NA
103823,"2012",20,15
103823,"2011",116,64
103823,"2002",NA,NA
103823,"2007",NA,NA
103823,"2005",22,11
103850,"2008",45,29
103850,"2009",17,9
103850,"2011",NA,NA
103868,"2008",105,65
103868,"2006",65,40
103868,"2007",NA,NA
103868,"2011",14,9
103868,"2010",54,32
103868,"2004",NA,NA
103868,"2005",33,24
103868,"2009",180,103
103868,"2012",14,9
103893,"2014",194,119
103893,"2017",NA,NA
103893,"2011",37,19
103893,"2010",NA,NA
103893,"2016",365,207
103893,"2015",NA,NA
103893,"2007",15,7
103893,"2012",193,96
103893,"2013",NA,NA
103893,"2019",119,76
103893,"2006",NA,NA
103893,"2009",NA,NA
103893,"2021",NA,NA
103893,"2018",195,122
103893,"2020",37,20
103898,"2004",199,113
103898,"2018",176,107
103898,"2006",360,215
103898,"2014",NA,NA
103898,"2009",379,223
103898,"2002",NA,NA
103898,"2013",NA,NA
103898,"2001",20,12
103898,"2016",141,82
103898,"2008",NA,NA
103898,"2015",20,6
103898,"2017",144,82
103898,"2005",196,110
103898,"2003",78,36
103898,"2011",256,153
103898,"2012",NA,NA
103898,"2010",NA,NA
103898,"2007",371,210
103917,"2019",53,41
103917,"2006",164,98
103917,"2010",76,53
103917,"2011",NA,NA
103917,"2016",244,143
103917,"2017",237,148
103917,"2003",69,39
103917,"2018",89,51
103917,"2021",NA,NA
103917,"2009",33,21
103917,"2012",275,181
103917,"2007",258,166
103917,"2001",47,29
103917,"2015",NA,NA
103917,"2002",NA,NA
103917,"2005",26,13
103917,"2000",NA,NA
103917,"2008",254,157
103917,"2013",112,75
103917,"2004",NA,NA
103917,"2014",197,115
104023,"2011",12,7
104025,"2006",32,18
104025,"2008",100,72
104025,"2012",NA,NA
104025,"2005",43,28
104025,"2004",57,33
104025,"2009",61,42
104025,"2011",NA,NA
104025,"2010",NA,NA
104025,"2003",34,20
104025,"2007",228,147
104035,"2010",NA,NA
104035,"2012",84,50
104035,"2005",92,53
104035,"2008",261,164
104035,"2006",99,54
104035,"2011",NA,NA
104035,"2013",56,35
104035,"2004",NA,NA
104035,"2007",NA,NA
104035,"2009",119,58
104035,"2003",NA,NA
104043,"2016",NA,NA
104043,"2010",NA,NA
104043,"2008",33,22
104043,"2005",32,19
104043,"2007",NA,NA
104043,"2001",50,28
104043,"2013",NA,NA
104043,"2014",NA,NA
104043,"2003",50,28
104043,"2004",162,82
104043,"2002",37,23
104068,"2003",NA,NA
104068,"2002",127,60
104068,"2011",43,28
104068,"2005",294,169
104068,"2010",167,97
104068,"2006",NA,NA
104068,"2008",NA,NA
104068,"2007",245,145
104068,"2013",24,13
104068,"2009",254,146
104068,"2014",90,53
104068,"2001",68,39
104068,"2004",NA,NA
104068,"2012",50,30
104091,"2008",26,12
104149,"2008",17,10
104166,"2001",NA,NA
104166,"2003",96,51
104166,"2012",NA,NA
104166,"2011",353,225
104166,"2009",33,15
104166,"2005",NA,NA
104166,"2008",NA,NA
104166,"2004",193,109
104166,"2013",NA,NA
104166,"2006",49,28
104166,"2010",NA,NA
104166,"2014",91,54
104166,"2002",31,17
104167,"2009",46,31
104167,"2004",NA,NA
104167,"2005",16,9
104167,"2006",14,7
104173,"2006",14,5
104173,"2007",16,8
104173,"2008",73,44
104196,"2001",12,5
104196,"2002",NA,NA
104196,"2006",32,25
104198,"2014",410,239
104198,"2009",386,227
104198,"2008",NA,NA
104198,"2013",NA,NA
104198,"2016",374,223
104198,"2010",385,240
104198,"2017",133,72
104198,"2004",88,48
104198,"2018",281,161
104198,"2011",371,202
104198,"2005",331,189
104198,"2019",124,80
104198,"2007",281,154
104198,"2006",299,181
104198,"2015",NA,NA
104198,"2012",404,252
104198,"2003",NA,NA
104216,"2009",NA,NA
104216,"2013",16,11
104216,"2015",NA,NA
104216,"2008",112,70
104216,"2014",70,43
104216,"2016",64,42
104216,"2011",149,85
104216,"2012",NA,NA
104216,"2010",113,65
104216,"2007",NA,NA
104216,"2017",25,17
104224,"2005",15,10
104224,"2006",15,8
104230,"2008",18,7
104230,"2009",235,138
104230,"2007",10,3
104230,"2003",NA,NA
104230,"2005",24,15
104230,"2010",NA,NA
104230,"2004",25,14
104256,"2012",21,17
104262,"2006",NA,NA
104262,"2011",145,77
104262,"2012",364,202
104262,"2009",NA,NA
104262,"2010",NA,NA
104262,"2008",155,89
104262,"2013",93,48
104262,"2007",20,9
104269,"2022",138,83
104269,"2017",375,228
104269,"2002",36,20
104269,"2007",NA,NA
104269,"2008",NA,NA
104269,"2015",335,222
104269,"2014",332,218
104269,"2004",330,216
104269,"2019",392,262
104269,"2016",358,227
104269,"2020",87,51
104269,"2023",NA,NA
104269,"2005",NA,NA
104269,"2012",335,218
104269,"2010",NA,NA
104269,"2011",NA,NA
104269,"2018",428,261
104269,"2006",NA,NA
104269,"2021",85,52
104269,"2013",NA,NA
104269,"2003",NA,NA
104269,"2009",NA,NA
104273,"2011",135,80
104273,"2009",48,32
104273,"2007",90,42
104273,"2013",346,214
104273,"2010",69,37
104273,"2008",69,42
104273,"2004",17,7
104273,"2012",218,127
104273,"2015",125,60
104273,"2014",317,212
104273,"2016",49,25
104291,"2017",280,162
104291,"2011",NA,NA
104291,"2023",NA,NA
104291,"2015",256,162
104291,"2019",195,120
104291,"2022",30,17
104291,"2012",147,89
104291,"2003",NA,NA
104291,"2004",NA,NA
104291,"2021",55,33
104291,"2014",134,89
104291,"2016",322,213
104291,"2013",NA,NA
104291,"2020",NA,NA
104291,"2018",335,202
104291,"2008",NA,NA
104314,"2009",121,73
104314,"2011",55,25
104314,"2008",48,32
104314,"2010",56,39
104330,"2012",99,60
104330,"2016",NA,NA
104330,"2009",82,59
104330,"2006",NA,NA
104330,"2004",27,15
104330,"2005",28,16
104330,"2003",12,7
104330,"2011",26,12
104330,"2013",123,76
104330,"2007",18,9
104330,"2008",27,14
104330,"2002",NA,NA
104330,"2010",149,77
104330,"2017",25,16
104330,"2014",69,43
104330,"2015",80,52
104332,"2007",NA,NA
104332,"2009",303,176
104332,"2012",NA,NA
104332,"2014",26,16
104332,"2013",54,25
104332,"2008",116,65
104332,"2003",19,9
104332,"2011",NA,NA
104332,"2010",261,160
104332,"2005",NA,NA
104332,"2004",12,5
104460,"2013",42,28
104460,"2011",97,58
104460,"2015",NA,NA
104460,"2003",NA,NA
104460,"2017",177,97
104460,"2018",NA,NA
104460,"2016",220,153
104460,"2019",26,23
104460,"2014",155,95
104460,"2010",101,64
104460,"2021",NA,NA
104460,"2012",77,52
104515,"2008",29,10
104515,"2007",50,23
104515,"2009",12,5
104515,"2006",30,18
104547,"2016",128,81
104547,"2009",67,47
104547,"2012",83,50
104547,"2015",50,31
104547,"2014",89,53
104547,"2018",193,131
104547,"2017",231,133
104547,"2013",NA,NA
104547,"2011",71,47
104547,"2010",NA,NA
104548,"2012",187,102
104548,"2004",64,43
104548,"2002",NA,NA
104548,"2016",89,49
104548,"2005",34,25
104548,"2013",62,36
104548,"2003",NA,NA
104593,"2012",148,90
104593,"2015",203,116
104593,"2016",156,91
104593,"2009",204,112
104593,"2011",263,139
104593,"2018",NA,NA
104593,"2005",NA,NA
104593,"2014",194,101
104593,"2006",47,27
104593,"2010",279,180
104593,"2004",NA,NA
104593,"2013",324,191
104593,"2017",NA,NA
104593,"2008",73,44
104628,"2014",15,8
104628,"2013",5,2
104628,"2010",NA,NA
104628,"2016",NA,NA
104628,"2012",NA,NA
104628,"2011",6,3
104628,"2015",NA,NA
104628,"2007",11,4
104628,"2008",25,12
104629,"2015",42,25
104629,"2012",NA,NA
104629,"2018",60,39
104629,"2013",NA,NA
104629,"2019",26,11
104629,"2017",36,16
104633,"2011",22,15
104651,"2014",20,15
104651,"2013",139,86
104665,"2014",NA,NA
104665,"2018",101,52
104665,"2023",NA,NA
104665,"2016",64,33
104665,"2019",NA,NA
104665,"2008",87,51
104665,"2015",NA,NA
104665,"2020",129,72
104665,"2021",NA,NA
104665,"2012",416,221
104665,"2013",447,276
104665,"2007",50,32
104665,"2009",114,56
104665,"2011",393,228
104665,"2010",117,61
104665,"2022",197,111
104672,"2018",11,7
104672,"2009",NA,NA
104672,"2011",NA,NA
104672,"2016",55,36
104672,"2017",84,54
104672,"2014",41,24
104672,"2012",13,7
104672,"2015",NA,NA
104714,"2012",13,7
104714,"2010",71,42
104714,"2006",NA,NA
104714,"2015",31,22
104714,"2011",67,37
104714,"2007",NA,NA
104714,"2013",110,70
104714,"2014",129,82
104717,"2004",NA,NA
104717,"2005",NA,NA
104717,"2009",53,30
104717,"2010",20,9
104717,"2008",54,37
104719,"2007",26,13
104719,"2006",NA,NA
104719,"2008",290,182
104719,"2017",160,85
104719,"2014",325,175
104719,"2015",231,134
104719,"2019",99,54
104719,"2011",311,169
104719,"2016",NA,NA
104719,"2018",53,30
104719,"2013",NA,NA
104719,"2010",314,179
104719,"2009",334,192
104719,"2012",NA,NA
104721,"2010",57,38
104721,"2013",NA,NA
104721,"2009",73,39
104721,"2008",33,14
104731,"2016",208,138
104731,"2009",46,26
104731,"2012",NA,NA
104731,"2022",30,20
104731,"2015",330,223
104731,"2007",NA,NA
104731,"2013",327,215
104731,"2014",NA,NA
104731,"2018",NA,NA
104731,"2020",131,85
104731,"2019",74,52
104731,"2008",NA,NA
104731,"2017",227,158
104731,"2011",NA,NA
104731,"2010",162,89
104731,"2021",127,85
104731,"2023",33,24
104735,"2013",NA,NA
104735,"2010",139,86
104735,"2008",NA,NA
104735,"2019",NA,NA
104735,"2016",62,29
104735,"2007",NA,NA
104735,"2017",30,21
104735,"2011",267,149
104735,"2014",NA,NA
104735,"2015",50,20
104735,"2012",231,118
104812,"2009",19,12
104812,"2005",59,39
104812,"2007",45,28
104812,"2008",NA,NA
104812,"2006",47,26
104812,"2004",NA,NA
104851,"2013",NA,NA
104851,"2006",8,2
104851,"2008",60,40
104851,"2011",19,12
104851,"2005",NA,NA
104871,"2017",NA,NA
104871,"2012",310,212
104871,"2019",335,220
104871,"2023",65,38
104871,"2016",254,155
104871,"2013",329,208
104871,"2015",341,213
104871,"2008",123,82
104871,"2020",70,42
104871,"2010",366,229
104871,"2006",40,24
104871,"2007",NA,NA
104871,"2009",NA,NA
104871,"2014",354,224
104871,"2011",NA,NA
104871,"2018",304,183
104871,"2021",NA,NA
104897,"2015",41,28
104897,"2007",17,9
104897,"2014",29,17
104897,"2013",56,34
104897,"2008",NA,NA
104897,"2021",NA,NA
104897,"2012",221,139
104897,"2016",NA,NA
104897,"2018",71,43
104897,"2011",89,48
104897,"2019",66,43
104897,"2010",16,9
104932,"2015",106,69
104932,"2014",146,93
104932,"2018",NA,NA
104932,"2016",52,31
104932,"2017",70,48
104932,"2013",NA,NA
104932,"2011",NA,NA
104932,"2012",27,18
104948,"2010",9,5
104976,"2011",290,175
104976,"2009",94,52
104976,"2005",NA,NA
104976,"2007",52,31
104976,"2012",119,82
104976,"2013",NA,NA
104976,"2006",41,23
104976,"2008",33,24
104976,"2010",128,65
104978,"2010",178,102
104978,"2007",6,6
104978,"2011",103,59
104978,"2017",41,27
104978,"2019",12,8
104978,"2015",12,6
104978,"2013",NA,NA
104978,"2012",87,58
104978,"2018",NA,NA
104978,"2009",77,53
104978,"2008",31,18
104978,"2014",NA,NA
104978,"2016",45,29
104999,"2015",102,64
104999,"2013",65,35
104999,"2017",434,280
104999,"2021",NA,NA
104999,"2011",197,114
104999,"2010",NA,NA
104999,"2016",132,78
104999,"2012",NA,NA
104999,"2018",315,185
104999,"2006",37,22
104999,"2008",NA,NA
104999,"2007",131,83
104999,"2019",120,69
104999,"2009",331,218
104999,"2020",15,9
105023,"2006",100,61
105023,"2016",281,181
105023,"2009",NA,NA
105023,"2022",80,48
105023,"2011",168,107
105023,"2018",210,135
105023,"2013",NA,NA
105023,"2010",NA,NA
105023,"2017",NA,NA
105023,"2007",240,142
105023,"2014",NA,NA
105023,"2012",NA,NA
105023,"2008",NA,NA
105023,"2019",188,118
105023,"2021",NA,NA
105023,"2020",47,19
105023,"2015",203,124
105028,"2013",182,115
105028,"2008",NA,NA
105028,"2010",47,26
105028,"2011",NA,NA
105028,"2006",NA,NA
105028,"2007",36,20
105028,"2012",189,121
105028,"2009",128,79
105032,"2015",NA,NA
105032,"2016",132,77
105032,"2008",14,11
105032,"2009",32,19
105032,"2014",NA,NA
105032,"2013",38,23
105032,"2017",42,25
105051,"2016",NA,NA
105051,"2012",NA,NA
105051,"2013",NA,NA
105051,"2024",NA,NA
105051,"2017",105,64
105051,"2021",57,36
105051,"2019",172,97
105051,"2010",16,9
105051,"2014",212,106
105051,"2022",NA,NA
105051,"2011",119,68
105051,"2015",55,36
105051,"2018",284,169
105065,"2017",49,18
105065,"2015",157,92
105065,"2014",122,67
105065,"2010",52,32
105065,"2012",68,35
105065,"2016",147,86
105065,"2018",190,129
105065,"2013",172,105
105065,"2011",81,49
105065,"2008",NA,NA
105065,"2019",23,14
105077,"2017",488,300
105077,"2018",379,223
105077,"2021",355,205
105077,"2011",243,153
105077,"2016",498,309
105077,"2012",NA,NA
105077,"2020",202,127
105077,"2023",342,220
105077,"2024",92,45
105077,"2022",NA,NA
105077,"2015",284,182
105077,"2010",58,37
105077,"2019",321,203
105077,"2013",NA,NA
105077,"2014",197,107
105113,"2017",27,19
105113,"2012",10,2
105113,"2014",NA,NA
105128,"2011",19,11
105128,"2013",16,6
105137,"2007",17,9
105137,"2015",NA,NA
105137,"2016",NA,NA
105137,"2010",167,86
105137,"2012",65,27
105137,"2013",NA,NA
105137,"2011",251,145
105137,"2009",38,23
105137,"2014",NA,NA
105154,"2010",25,14
105154,"2014",28,18
105154,"2017",20,11
105154,"2015",NA,NA
105154,"2016",12,6
105154,"2013",22,14
105154,"2011",98,49
105154,"2012",NA,NA
105173,"2015",NA,NA
105173,"2014",273,154
105173,"2023",NA,NA
105173,"2022",NA,NA
105173,"2020",233,141
105173,"2016",388,229
105173,"2008",35,19
105173,"2011",306,166
105173,"2019",326,195
105173,"2021",283,168
105173,"2024",NA,NA
105173,"2010",52,29
105173,"2018",422,249
105173,"2017",390,226
105173,"2013",223,155
105173,"2009",NA,NA
105173,"2012",59,27
105181,"2017",25,17
105332,"2014",229,142
105332,"2016",510,304
105332,"2010",59,36
105332,"2024",48,28
105332,"2023",NA,NA
105332,"2018",449,261
105332,"2013",440,263
105332,"2019",432,262
105332,"2011",124,68
105332,"2012",427,242
105332,"2020",200,121
105332,"2021",375,220
105332,"2017",453,275
105332,"2015",344,216
105332,"2022",254,141
105357,"2016",274,146
105357,"2019",314,196
105357,"2010",NA,NA
105357,"2011",NA,NA
105357,"2022",183,110
105357,"2023",34,18
105357,"2015",85,44
105357,"2012",19,10
105357,"2018",308,189
105357,"2017",96,54
105357,"2020",260,168
105357,"2013",46,30
105357,"2021",NA,NA
105359,"2017",NA,NA
105359,"2022",NA,NA
105359,"2023",20,9
105359,"2018",40,26
105359,"2021",41,27
105359,"2020",74,40
105359,"2019",NA,NA
105376,"2010",NA,NA
105376,"2018",282,165
105376,"2019",238,139
105376,"2012",NA,NA
105376,"2017",142,82
105376,"2013",61,40
105376,"2015",27,15
105376,"2014",NA,NA
105376,"2022",NA,NA
105376,"2021",184,115
105376,"2016",14,8
105376,"2020",33,21
105379,"2013",208,115
105379,"2017",204,116
105379,"2012",NA,NA
105379,"2015",213,121
105379,"2018",NA,NA
105379,"2014",83,42
105379,"2020",125,77
105379,"2010",NA,NA
105379,"2011",NA,NA
105379,"2022",NA,NA
105379,"2016",229,134
105379,"2019",NA,NA
105379,"2021",181,104
105406,"2021",17,10
105406,"2017",NA,NA
105406,"2020",12,9
105430,"2009",NA,NA
105430,"2016",156,84
105430,"2021",173,92
105430,"2017",204,113
105430,"2019",378,222
105430,"2024",94,56
105430,"2023",152,87
105430,"2018",305,173
105430,"2022",144,91
105430,"2015",NA,NA
105430,"2012",NA,NA
105430,"2020",NA,NA
105430,"2013",NA,NA
105430,"2014",NA,NA
105432,"2017",9,5
105432,"2018",49,21
105432,"2023",NA,NA
105432,"2020",46,31
105432,"2022",NA,NA
105432,"2019",119,61
105432,"2021",24,18
105449,"2011",NA,NA
105449,"2017",NA,NA
105449,"2021",174,114
105449,"2020",98,60
105449,"2010",NA,NA
105449,"2015",NA,NA
105449,"2012",62,49
105449,"2014",NA,NA
105449,"2019",204,122
105449,"2023",40,20
105449,"2013",116,80
105449,"2024",NA,NA
105449,"2016",297,189
105449,"2018",309,216
105449,"2022",NA,NA
105472,"2013",11,3
105477,"2019",34,18
105477,"2023",NA,NA
105477,"2018",70,45
105477,"2020",NA,NA
105477,"2021",27,13
105477,"2022",NA,NA
105477,"2024",62,42
105477,"2012",22,11
105477,"2016",70,45
105477,"2013",26,20
105477,"2017",36,17
105487,"2021",NA,NA
105487,"2022",184,113
105487,"2024",59,42
105487,"2015",43,23
105487,"2012",23,14
105487,"2014",62,38
105487,"2011",NA,NA
105487,"2019",52,28
105487,"2017",130,81
105487,"2018",35,18
105487,"2020",35,20
105487,"2016",128,74
105487,"2023",NA,NA
105512,"2016",23,13
105512,"2015",3,0
105512,"2021",NA,NA
105526,"2018",305,181
105526,"2020",178,109
105526,"2017",372,241
105526,"2015",NA,NA
105526,"2016",215,123
105526,"2023",239,158
105526,"2022",NA,NA
105526,"2014",187,112
105526,"2019",328,211
105526,"2013",93,52
105526,"2024",NA,NA
105526,"2021",NA,NA
105542,"2015",23,12
105550,"2019",470,302
105550,"2020",127,71
105550,"2021",223,127
105550,"2012",NA,NA
105550,"2015",49,36
105550,"2017",NA,NA
105550,"2013",153,78
105550,"2016",330,226
105550,"2014",49,34
105550,"2023",187,116
105550,"2018",NA,NA
105558,"2013",NA,NA
105558,"2011",29,17
105558,"2010",75,45
105558,"2012",116,73
105558,"2009",11,5
105561,"2023",NA,NA
105561,"2012",50,27
105561,"2014",NA,NA
105561,"2016",23,13
105561,"2017",148,98
105561,"2022",NA,NA
105561,"2011",26,15
105561,"2019",45,31
105561,"2021",37,24
105561,"2018",9,7
105577,"2014",NA,NA
105577,"2020",156,111
105577,"2008",NA,NA
105577,"2015",NA,NA
105577,"2013",NA,NA
105577,"2022",NA,NA
105577,"2011",NA,NA
105577,"2023",21,13
105577,"2021",162,103
105577,"2019",68,41
105577,"2018",165,109
105577,"2012",NA,NA
105577,"2024",6,3
105577,"2017",136,81
105577,"2016",196,103
105643,"2018",241,155
105643,"2022",236,132
105643,"2017",137,83
105643,"2020",180,111
105643,"2021",NA,NA
105643,"2013",137,90
105643,"2009",NA,NA
105643,"2014",288,181
105643,"2015",NA,NA
105643,"2010",NA,NA
105643,"2011",23,15
105643,"2012",76,42
105643,"2016",364,219
105643,"2019",263,150
105643,"2023",24,16
105649,"2016",NA,NA
105649,"2011",76,42
105649,"2012",NA,NA
105649,"2017",114,61
105649,"2019",122,61
105649,"2018",NA,NA
105649,"2013",19,10
105649,"2021",34,14
105649,"2022",8,5
105649,"2020",47,32
105650,"2016",32,26
105655,"2022",27,18
105655,"2016",NA,NA
105655,"2015",28,14
105655,"2014",NA,NA
105655,"2012",43,28
105677,"2016",16,8
105678,"2014",38,22
105732,"2020",143,83
105732,"2022",32,18
105732,"2014",76,47
105732,"2013",24,15
105732,"2019",310,198
105732,"2017",180,104
105732,"2016",122,71
105732,"2018",323,215
105732,"2023",17,12
105732,"2015",82,54
105732,"2024",23,12
105732,"2021",169,103
105807,"2013",100,45
105807,"2015",275,172
105807,"2011",NA,NA
105807,"2019",350,241
105807,"2021",NA,NA
105807,"2017",NA,NA
105807,"2014",NA,NA
105807,"2023",36,26
105807,"2016",399,223
105807,"2022",NA,NA
105807,"2018",386,239
105807,"2020",230,143
105807,"2024",109,60
105815,"2018",259,166
105815,"2021",NA,NA
105815,"2019",193,111
105815,"2017",63,39
105815,"2020",164,110
105815,"2022",NA,NA
105815,"2024",NA,NA
105819,"2023",25,13
105819,"2019",168,99
105819,"2018",102,67
105819,"2024",NA,NA
105819,"2016",NA,NA
105819,"2015",10,7
105819,"2012",NA,NA
105819,"2017",17,9
105826,"2015",29,19
105870,"2019",NA,NA
105870,"2021",NA,NA
105870,"2020",45,24
105870,"2024",248,145
105870,"2023",NA,NA
105870,"2022",91,63
105870,"2018",55,37
105870,"2017",93,59
105874,"2016",NA,NA
105874,"2013",23,15
105874,"2012",20,14
105874,"2014",38,22
105881,"2017",15,12
105881,"2016",29,20
105882,"2020",114,66
105882,"2018",81,53
105882,"2021",234,129
105882,"2023",NA,NA
105882,"2017",38,18
105882,"2022",58,31
105882,"2014",NA,NA
105882,"2019",71,39
105902,"2023",58,35
105902,"2015",174,113
105902,"2021",NA,NA
105902,"2020",85,55
105902,"2012",38,23
105902,"2018",67,33
105902,"2022",159,91
105902,"2014",72,49
105902,"2013",103,63
105902,"2019",NA,NA
105902,"2024",150,101
105902,"2017",NA,NA
105902,"2016",105,75
105948,"2022",252,130
105948,"2023",185,108
105948,"2024",198,102
105948,"2018",11,3
105948,"2021",NA,NA
105948,"2020",171,105
105952,"2022",NA,NA
105952,"2021",NA,NA
105952,"2020",43,26
105952,"2018",NA,NA
105952,"2017",230,125
105952,"2015",26,16
105952,"2016",159,99
105952,"2014",14,8
105963,"2017",64,39
105963,"2019",NA,NA
105963,"2015",12,5
105992,"2020",21,18
105992,"2008",10,2
105992,"2019",59,36
105992,"2015",NA,NA
105992,"2017",NA,NA
105992,"2012",NA,NA
105992,"2014",108,61
105992,"2011",262,151
105992,"2018",NA,NA
105992,"2021",NA,NA
105992,"2016",150,98
105992,"2013",267,175
105992,"2010",105,69
106034,"2022",NA,NA
106034,"2014",NA,NA
106034,"2015",NA,NA
106034,"2024",13,8
106034,"2018",12,9
106034,"2019",34,19
106034,"2020",69,43
106034,"2021",110,66
106034,"2017",9,5
106034,"2013",NA,NA
106044,"2022",NA,NA
106044,"2021",NA,NA
106044,"2018",147,81
106044,"2017",167,100
106044,"2016",30,18
106045,"2014",82,55
106045,"2020",NA,NA
106045,"2019",249,134
106045,"2012",99,60
106045,"2022",163,89
106045,"2017",14,8
106045,"2023",NA,NA
106045,"2018",159,95
106045,"2016",196,103
106045,"2011",33,18
106045,"2024",27,12
106045,"2021",135,79
106045,"2010",23,14
106045,"2013",116,74
106045,"2015",NA,NA
106058,"2017",NA,NA
106058,"2021",69,39
106058,"2016",347,219
106058,"2023",50,35
106058,"2014",239,164
106058,"2012",100,69
106058,"2022",NA,NA
106058,"2019",NA,NA
106058,"2010",NA,NA
106058,"2011",18,6
106058,"2018",NA,NA
106058,"2020",52,25
106058,"2015",NA,NA
106058,"2013",160,103
106065,"2020",145,80
106065,"2015",NA,NA
106065,"2023",207,125
106065,"2022",109,68
106065,"2018",NA,NA
106065,"2019",NA,NA
106065,"2021",253,146
106065,"2013",NA,NA
106065,"2014",NA,NA
106065,"2017",44,18
106065,"2016",96,58
106075,"2016",107,63
106075,"2017",81,52
106075,"2020",55,31
106075,"2019",80,40
106075,"2021",121,77
106075,"2018",79,49
106075,"2022",44,27
106075,"2023",NA,NA
106075,"2024",63,41
106099,"2017",NA,NA
106099,"2019",93,53
106099,"2022",NA,NA
106099,"2021",206,120
106099,"2020",178,112
106099,"2018",48,27
106099,"2016",NA,NA
106109,"2022",NA,NA
106109,"2020",53,32
106109,"2023",11,6
106109,"2024",35,22
106109,"2021",93,53
106109,"2018",87,52
106109,"2017",NA,NA
106109,"2019",47,28
106109,"2015",NA,NA
106120,"2018",40,23
106121,"2015",NA,NA
106121,"2018",297,175
106121,"2024",243,139
106121,"2017",161,99
106121,"2020",36,21
106121,"2023",183,93
106121,"2016",207,116
106121,"2022",234,133
106121,"2014",NA,NA
106121,"2021",NA,NA
106121,"2019",234,136
106137,"2021",17,11
106137,"2016",33,17
106137,"2017",NA,NA
106137,"2019",13,8
106148,"2019",304,186
106148,"2024",365,218
106148,"2014",58,34
106148,"2018",226,133
106148,"2020",124,66
106148,"2017",25,19
106148,"2021",NA,NA
106148,"2022",249,154
106148,"2023",291,166
106148,"2016",96,52
106148,"2015",29,18
106148,"2013",NA,NA
106162,"2022",46,25
106186,"2022",NA,NA
106186,"2010",NA,NA
106186,"2018",59,32
106186,"2021",14,9
106186,"2014",17,9
106186,"2019",NA,NA
106186,"2024",28,15
106186,"2023",175,98
106214,"2023",NA,NA
106214,"2021",69,36
106214,"2022",NA,NA
106214,"2020",23,12
106214,"2018",19,12
106214,"2024",NA,NA
106214,"2019",21,12
106216,"2018",68,40
106216,"2022",NA,NA
106216,"2021",36,21
106216,"2015",NA,NA
106216,"2016",120,70
106216,"2023",NA,NA
106216,"2019",70,43
106216,"2017",147,85
106218,"2014",NA,NA
106218,"2022",298,167
106218,"2024",305,183
106218,"2023",309,182
106218,"2020",154,93
106218,"2018",13,9
106218,"2019",49,30
106218,"2021",NA,NA
106225,"2017",26,19
106225,"2016",12,4
106234,"2016",NA,NA
106234,"2023",265,172
106234,"2015",14,7
106234,"2021",NA,NA
106234,"2020",34,22
106234,"2024",91,49
106234,"2022",372,223
106234,"2013",NA,NA
106234,"2014",NA,NA
106249,"2019",NA,NA
106249,"2015",NA,NA
106249,"2020",27,19
106249,"2018",29,15
106249,"2017",26,15
106261,"2016",51,29
106261,"2017",26,18
106261,"2012",15,9
106261,"2015",NA,NA
106283,"2019",NA,NA
106283,"2020",19,9
106283,"2021",NA,NA
106283,"2024",47,31
106283,"2023",15,11
106283,"2014",NA,NA
106283,"2022",51,32
106283,"2017",33,19
106283,"2018",27,13
106290,"2014",27,16
106290,"2015",NA,NA
106290,"2013",17,10
106296,"2021",68,38
106296,"2017",NA,NA
106296,"2022",35,19
106296,"2023",287,179
106296,"2020",101,62
106296,"2024",105,65
106296,"2018",NA,NA
106296,"2016",NA,NA
106296,"2019",101,55
106298,"2018",332,218
106298,"2016",NA,NA
106298,"2024",NA,NA
106298,"2019",284,180
106298,"2023",18,11
106298,"2013",42,28
106298,"2015",211,136
106298,"2017",371,238
106298,"2022",86,54
106298,"2021",198,123
106298,"2014",54,28
106328,"2021",18,12
106328,"2013",11,10
106328,"2016",NA,NA
106328,"2017",NA,NA
106328,"2022",12,6
106328,"2018",34,22
106329,"2019",NA,NA
106329,"2017",307,179
106329,"2022",NA,NA
106329,"2020",114,74
106329,"2016",85,51
106329,"2018",135,89
106329,"2023",NA,NA
106329,"2021",NA,NA
106329,"2024",135,89
106331,"2020",44,32
106331,"2023",286,178
106331,"2017",NA,NA
106331,"2022",143,88
106331,"2024",236,151
106331,"2021",93,57
106361,"2016",49,32
106361,"2018",23,15
106361,"2017",58,28
106390,"2015",16,10
106398,"2019",13,10
106398,"2022",101,63
106398,"2023",NA,NA
106398,"2024",140,66
106398,"2020",8,4
106398,"2018",NA,NA
106398,"2016",NA,NA
106415,"2018",180,96
106415,"2021",NA,NA
106415,"2016",167,104
106415,"2023",286,151
106415,"2020",201,125
106415,"2024",NA,NA
106415,"2022",265,162
106415,"2015",66,34
106415,"2019",NA,NA
106415,"2014",NA,NA
106415,"2017",144,89
106420,"2017",65,49
106421,"2024",438,268
106421,"2016",68,40
106421,"2020",179,114
106421,"2018",NA,NA
106421,"2017",NA,NA
106421,"2022",334,227
106421,"2023",NA,NA
106421,"2019",375,228
106421,"2021",NA,NA
109303,"2023",NA,NA
109303,"2017",30,18
109303,"2024",32,21
109686,"2023",17,11
110602,"2023",NA,NA
110602,"2019",NA,NA
110602,"2017",19,14
110602,"2015",27,15
110602,"2022",NA,NA
110602,"2021",125,62
110602,"2020",134,75
110602,"2013",NA,NA
110602,"2016",49,32
110602,"2018",100,59
110748,"2022",27,14
110748,"2019",15,7
110748,"2014",16,8
110748,"2021",18,10
110748,"2020",27,14
111153,"2016",NA,NA
111153,"2017",37,23
111153,"2015",NA,NA
111153,"2023",247,161
111153,"2022",61,44
111153,"2019",52,29
111153,"2020",NA,NA
111153,"2018",NA,NA
111153,"2021",34,23
111153,"2024",172,109
111197,"2018",12,6
111202,"2019",95,53
111202,"2013",NA,NA
111202,"2017",317,199
111202,"2016",122,58
111202,"2015",NA,NA
111202,"2014",NA,NA
111202,"2018",299,175
111442,"2023",211,128
111442,"2014",NA,NA
111442,"2021",311,188
111442,"2022",NA,NA
111442,"2019",298,189
111442,"2016",85,46
111442,"2024",NA,NA
111442,"2018",132,70
111442,"2017",243,142
111442,"2020",168,101
111442,"2015",NA,NA
111456,"2022",393,240
111456,"2016",NA,NA
111456,"2023",NA,NA
111456,"2021",NA,NA
111456,"2024",135,65
111456,"2019",187,119
111456,"2018",159,99
111456,"2013",NA,NA
111456,"2020",98,51
111460,"2022",89,56
111460,"2017",64,42
111460,"2024",126,91
111460,"2018",35,18
111460,"2015",NA,NA
111460,"2021",NA,NA
111460,"2023",166,111
111460,"2019",NA,NA
111460,"2016",87,60
111460,"2020",NA,NA
111575,"2020",240,145
111575,"2018",341,226
111575,"2013",NA,NA
111575,"2017",394,241
111575,"2024",331,205
111575,"2023",275,172
111575,"2016",146,96
111575,"2014",NA,NA
111575,"2019",378,239
111575,"2022",NA,NA
111575,"2015",NA,NA
111575,"2021",NA,NA
111577,"2014",NA,NA
111577,"2018",211,123
111577,"2019",25,13
111577,"2016",109,58
111577,"2017",NA,NA
111577,"2015",56,28
111581,"2021",56,35
111581,"2020",57,31
111581,"2019",NA,NA
111581,"2018",106,62
111581,"2017",NA,NA
111581,"2023",194,126
111581,"2022",NA,NA
111581,"2024",35,21
111581,"2016",NA,NA
111815,"2022",NA,NA
111815,"2021",432,261
111815,"2023",436,284
111815,"2024",NA,NA
111815,"2017",42,21
111815,"2018",277,184
111815,"2019",336,209
111815,"2020",199,119
117358,"2021",11,9
117360,"2019",35,21
117360,"2024",NA,NA
117360,"2021",71,39
117360,"2017",NA,NA
117360,"2020",80,48
117360,"2023",9,5
120424,"2017",16,9
120424,"2019",82,48
120424,"2016",NA,NA
120424,"2020",NA,NA
120424,"2018",122,75
120798,"2016",25,19
122298,"2023",388,243
122298,"2024",332,199
122298,"2021",197,126
122298,"2022",NA,NA
122298,"2019",NA,NA
122330,"2024",NA,NA
122330,"2022",NA,NA
122330,"2018",35,17
122330,"2017",41,20
122330,"2020",211,133
122330,"2023",NA,NA
122330,"2016",38,23
122330,"2021",NA,NA
122330,"2019",208,120
122554,"2024",18,14
123755,"2020",57,32
123755,"2018",42,26
123755,"2015",8,4
123755,"2019",41,24
123755,"2023",NA,NA
123755,"2021",NA,NA
123755,"2022",NA,NA
123755,"2024",221,134
123828,"2016",NA,NA
123828,"2023",52,35
123828,"2024",60,44
123896,"2023",15,10
123961,"2024",6,1
123961,"2022",NA,NA
123961,"2021",11,3
124014,"2023",NA,NA
124014,"2024",NA,NA
124014,"2017",191,121
124014,"2020",18,14
124014,"2019",NA,NA
124014,"2022",NA,NA
124014,"2016",39,24
124014,"2018",52,30
124014,"2021",55,31
124079,"2023",169,102
124079,"2024",325,185
124079,"2019",NA,NA
124079,"2021",283,171
124079,"2020",157,104
124079,"2018",NA,NA
124079,"2022",340,196
124116,"2018",15,6
124116,"2021",28,22
124116,"2022",36,23
124116,"2023",NA,NA
124116,"2024",316,195
124116,"2017",66,46
124116,"2020",28,18
124116,"2019",NA,NA
124186,"2017",NA,NA
124186,"2019",NA,NA
124186,"2024",259,148
124186,"2021",36,17
124186,"2023",187,111
124187,"2019",185,122
124187,"2024",84,57
124187,"2016",43,34
124187,"2018",23,18
124187,"2022",149,106
124187,"2020",77,52
124187,"2021",NA,NA
124187,"2017",55,35
125802,"2019",NA,NA
125802,"2022",307,189
125802,"2017",30,10
125802,"2018",NA,NA
125802,"2020",45,26
125802,"2021",NA,NA
125802,"2023",250,152
125802,"2016",67,39
126094,"2019",323,203
126094,"2016",49,27
126094,"2021",NA,NA
126094,"2014",NA,NA
126094,"2018",NA,NA
126094,"2017",329,199
126094,"2023",455,286
126094,"2020",240,153
126094,"2015",NA,NA
126094,"2024",NA,NA
126094,"2022",371,236
126106,"2022",58,35
126106,"2023",30,17
126127,"2017",28,18
126127,"2022",NA,NA
126127,"2021",94,61
126127,"2024",86,55
126127,"2018",NA,NA
126127,"2023",NA,NA
126127,"2020",32,18
126128,"2017",NA,NA
126128,"2023",234,145
126128,"2021",61,38
126128,"2024",316,197
126128,"2022",NA,NA
126128,"2020",9,4
126129,"2023",7,4
126129,"2024",80,58
126149,"2021",289,187
126149,"2020",112,75
126149,"2017",NA,NA
126149,"2022",35,19
126149,"2019",8,5
126174,"2018",15,8
126203,"2020",167,104
126203,"2016",278,179
126203,"2024",381,265
126203,"2017",140,78
126203,"2022",NA,NA
126203,"2019",NA,NA
126203,"2021",358,223
126203,"2015",15,11
126203,"2018",318,203
126203,"2023",NA,NA
126205,"2024",417,276
126205,"2023",NA,NA
126205,"2015",NA,NA
126205,"2022",NA,NA
126205,"2017",72,45
126205,"2021",NA,NA
126205,"2019",37,22
126205,"2016",37,19
126205,"2020",202,119
126205,"2018",27,19
126207,"2022",NA,NA
126207,"2014",NA,NA
126207,"2017",NA,NA
126207,"2021",NA,NA
126207,"2015",52,31
126207,"2019",323,185
126207,"2024",361,233
126207,"2018",NA,NA
126207,"2023",305,199
126207,"2020",171,106
126207,"2016",51,27
126214,"2021",42,24
126214,"2022",NA,NA
126214,"2024",NA,NA
126214,"2023",53,31
126214,"2020",38,23
126409,"2024",82,47
126409,"2021",NA,NA
126409,"2023",46,24
126409,"2022",67,37
126523,"2022",221,122
126523,"2024",90,46
126523,"2019",NA,NA
126523,"2018",15,9
126523,"2021",159,94
126523,"2023",363,198
126530,"2018",18,9
126535,"2022",136,81
126535,"2018",30,20
126535,"2023",NA,NA
126535,"2021",103,55
126535,"2024",NA,NA
126535,"2020",25,17
126623,"2021",22,15
126846,"2020",NA,NA
126846,"2021",33,18
126846,"2024",314,195
126846,"2018",NA,NA
126846,"2023",176,103
126846,"2022",65,43
127157,"2019",NA,NA
127157,"2023",NA,NA
127157,"2020",59,40
127157,"2024",253,149
127157,"2022",227,137
127157,"2021",137,97
127157,"2017",34,21
128034,"2018",NA,NA
128034,"2019",296,194
128034,"2023",336,217
128034,"2016",57,37
128034,"2020",199,118
128034,"2017",NA,NA
128034,"2022",261,183
128034,"2024",316,222
128034,"2021",NA,NA
131934,"2023",80,50
131934,"2022",NA,NA
131934,"2024",58,40
131934,"2021",12,8
133297,"2022",30,17
133297,"2021",21,16
133297,"2018",21,12
133297,"2019",NA,NA
133297,"2024",22,11
133297,"2023",141,91
133430,"2023",186,112
133430,"2017",NA,NA
133430,"2019",NA,NA
133430,"2024",275,184
133430,"2022",NA,NA
133430,"2020",226,145
133430,"2016",26,17
133430,"2018",433,282
133430,"2021",NA,NA
133835,"2024",43,30
133835,"2023",75,45
133835,"2022",26,17
133933,"2024",12,6
134770,"2022",NA,NA
134770,"2019",NA,NA
134770,"2017",113,75
134770,"2023",392,261
134770,"2024",NA,NA
134770,"2020",185,118
134770,"2016",13,4
134770,"2021",NA,NA
134770,"2018",114,70
136440,"2024",232,139
136440,"2019",79,49
136440,"2017",NA,NA
136440,"2021",NA,NA
136440,"2022",120,71
136440,"2020",134,86
136440,"2018",14,10
136440,"2023",89,54
144707,"2019",NA,NA
144707,"2015",NA,NA
144707,"2023",NA,NA
144707,"2022",NA,NA
144707,"2021",346,186
144707,"2018",47,28
144707,"2020",114,65
144707,"2016",9,7
144707,"2017",82,51
144719,"2024",310,184
144719,"2021",269,165
144719,"2016",NA,NA
144719,"2023",263,141
144719,"2018",239,152
144719,"2020",105,61
144719,"2015",21,11
144719,"2019",266,149
144719,"2022",324,188
144719,"2017",NA,NA
144750,"2019",NA,NA
144750,"2018",48,32
144750,"2024",21,14
144750,"2022",118,75
144750,"2023",93,58
144750,"2020",143,83
144750,"2017",24,13
144750,"2016",44,26
144750,"2021",NA,NA
144797,"2016",17,7
144821,"2023",42,25
144869,"2021",19,11
144869,"2024",388,251
144869,"2022",156,91
144869,"2023",NA,NA
144870,"2024",22,14
144895,"2020",NA,NA
144895,"2022",189,114
144895,"2024",NA,NA
144895,"2021",207,115
144895,"2019",145,73
144895,"2023",220,136
144895,"2018",134,69
200059,"2017",30,20
200059,"2024",20,14
200059,"2019",NA,NA
200059,"2022",28,18
200059,"2023",211,123
200059,"2018",65,40
200095,"2022",NA,NA
200095,"2021",19,5
200095,"2019",26,11
200095,"2018",14,8
200095,"2017",NA,NA
200116,"2023",20,8
200116,"2022",22,9
200116,"2024",104,67
200221,"2019",114,60
200221,"2021",NA,NA
200221,"2022",363,197
200221,"2024",NA,NA
200221,"2023",409,255
200221,"2020",229,133
200240,"2024",68,32
200240,"2021",17,8
200240,"2022",38,17
200259,"2024",26,15
200267,"2022",NA,NA
200267,"2021",35,22
200267,"2020",20,15
200267,"2023",NA,NA
200267,"2024",252,160
200297,"2021",7,3
200303,"2022",50,25
200303,"2020",NA,NA
200303,"2024",326,210
200303,"2021",NA,NA
200303,"2023",191,118
200374,"2022",26,14
200384,"2023",122,70
200384,"2020",99,69
200384,"2018",NA,NA
200384,"2022",289,186
200384,"2024",258,145
200384,"2021",177,111
200443,"2024",95,60
200553,"2019",18,10
200587,"2022",33,22
200587,"2023",43,26
200587,"2024",NA,NA
200615,"2022",158,100
200615,"2019",221,147
200615,"2021",286,187
200615,"2023",NA,NA
200615,"2018",53,31
200615,"2020",48,30
200615,"2024",NA,NA
200670,"2020",34,16
200670,"2023",331,211
200670,"2022",191,112
200670,"2021",NA,NA
200670,"2024",91,48
200677,"2022",13,7
200702,"2024",18,10
202058,"2023",36,22
202058,"2024",70,38
202058,"2021",NA,NA
202195,"2022",242,161
202195,"2024",42,26
202195,"2023",155,106
202195,"2021",70,44
202195,"2020",16,11
202235,"2023",11,4
202269,"2021",10,6
202358,"2020",18,14
202358,"2022",113,60
202358,"2023",49,33
202358,"2024",NA,NA
202358,"2018",5,2
202358,"2019",NA,NA
205734,"2020",74,51
205734,"2022",22,12
205734,"2018",NA,NA
205734,"2019",28,16
205734,"2021",46,24
205734,"2024",336,213
205734,"2023",NA,NA
206499,"2022",31,23
206499,"2024",223,149
206499,"2023",79,43
206748,"2020",NA,NA
206748,"2022",51,33
206748,"2023",37,21
206748,"2021",NA,NA
206748,"2024",57,34
206909,"2020",27,18
206909,"2022",296,184
206909,"2021",153,94
206909,"2023",172,102
206909,"2024",NA,NA
207182,"2021",NA,NA
207182,"2022",51,27
207182,"2023",21,10
207182,"2019",NA,NA
207182,"2024",37,21
207352,"2022",NA,NA
207352,"2024",80,49
207352,"2023",10,6
207678,"2022",67,38
207678,"2023",168,99
207678,"2024",21,10
207678,"2021",96,55
207681,"2024",100,59
207733,"2022",199,142
207733,"2021",34,19
207733,"2023",166,118
207733,"2024",312,188
207834,"2022",25,9
207925,"2023",92,60
207925,"2021",24,14
207925,"2022",NA,NA
207925,"2024",466,303
207985,"2024",28,17
207989,"2024",304,196
207989,"2020",24,14
207989,"2023",390,253
207989,"2021",358,216
207989,"2022",NA,NA
208004,"2024",86,52
208004,"2020",NA,NA
208004,"2023",49,33
208010,"2023",13,7
208010,"2024",42,28
208013,"2023",15,7
208013,"2024",NA,NA
208013,"2021",14,7
208014,"2023",187,112
208014,"2022",25,14
208014,"2024",NA,NA
208134,"2020",NA,NA
208134,"2022",38,24
208134,"2024",138,77
208134,"2023",57,26
208144,"2024",9,4
208279,"2024",28,19
208286,"2022",NA,NA
208286,"2024",406,246
208286,"2023",290,199
208363,"2024",359,203
208502,"2023",134,79
208502,"2022",51,30
208502,"2021",45,28
208502,"2024",49,28
208859,"2024",29,18
208859,"2022",49,26
208859,"2023",37,17
209070,"2023",NA,NA
209070,"2024",134,81
209070,"2021",27,18
209113,"2022",NA,NA
209113,"2024",118,73
209113,"2023",47,24
209209,"2023",59,35
209209,"2022",NA,NA
209209,"2024",37,19
209263,"2024",33,22
209279,"2024",90,57
209279,"2023",18,8
209318,"2024",13,5
209414,"2023",291,181
209414,"2022",NA,NA
209414,"2024",203,120
210097,"2024",386,282
210097,"2023",318,208
210097,"2022",31,22
210136,"2022",NA,NA
210136,"2024",18,6
210136,"2023",3,3
210150,"2023",16,6
210150,"2024",324,210
210319,"2023",29,16
210319,"2024",29,20
210340,"2023",33,20
210460,"2024",27,20
210506,"2023",101,65
210506,"2024",412,250
211514,"2024",14,11
212720,"2024",13,7
201389,"2011",123,59
201389,"2013",26,17
201389,"2004",NA,NA
201389,"2008",17,10
201389,"2010",NA,NA
201483,"2009",24,10
201483,"2018",157,69
201483,"2021",186,91
201483,"2019",143,62
201483,"2023",172,75
201483,"2016",377,190
201483,"2007",38,22
201483,"2015",NA,NA
201483,"2008",NA,NA
201483,"2010",NA,NA
201483,"2022",NA,NA
201483,"2017",284,133
201483,"2020",56,25
201483,"2012",NA,NA
201483,"2014",NA,NA
201483,"2011",15,6
201514,"2012",NA,NA
201514,"2013",NA,NA
201514,"2021",301,159
201514,"2016",162,76
201514,"2018",357,190
201514,"2007",NA,NA
201514,"2020",117,66
201514,"2019",292,161
201514,"2006",NA,NA
201514,"2015",48,24
201514,"2023",353,200
201514,"2014",NA,NA
201514,"2008",NA,NA
201514,"2022",325,170
201514,"2009",NA,NA
201514,"2017",397,214
201514,"2010",NA,NA
201514,"2011",NA,NA
201514,"2024",239,132
201516,"2023",92,49
201516,"2011",NA,NA
201516,"2019",154,64
201516,"2017",252,140
201516,"2013",NA,NA
201516,"2018",221,112
201516,"2007",NA,NA
201516,"2010",NA,NA
201516,"2009",53,30
201516,"2008",NA,NA
201516,"2012",26,16
201516,"2015",NA,NA
201516,"2016",190,91
201516,"2022",38,21
201516,"2005",NA,NA
201527,"2014",298,148
201527,"2020",54,25
201527,"2021",175,102
201527,"2008",NA,NA
201527,"2019",152,68
201527,"2013",NA,NA
201527,"2016",212,105
201527,"2022",64,30
201527,"2009",NA,NA
201527,"2011",15,7
201527,"2010",NA,NA
201527,"2018",222,113
201527,"2015",NA,NA
201527,"2017",78,41
201527,"2005",NA,NA
201527,"2012",NA,NA
201527,"2006",NA,NA
201529,"2018",75,44
201529,"2017",65,34
201529,"2019",130,67
201529,"2021",48,22
201529,"2020",NA,NA
201529,"2014",NA,NA
201529,"2008",NA,NA
201535,"2023",24,11
201535,"2022",70,39
201535,"2013",113,58
201535,"2012",NA,NA
201535,"2011",185,103
201535,"2019",25,13
201535,"2006",NA,NA
201535,"2007",NA,NA
201535,"2020",NA,NA
201535,"2008",NA,NA
201535,"2010",NA,NA
201535,"2017",293,171
201535,"2021",79,36
201535,"2009",21,12
201535,"2015",NA,NA
201535,"2016",246,129
201535,"2018",204,115
201535,"2014",206,117
201540,"2014",319,172
201540,"2022",134,68
201540,"2011",NA,NA
201540,"2016",561,312
201540,"2009",NA,NA
201540,"2023",NA,NA
201540,"2020",121,57
201540,"2024",35,19
201540,"2015",NA,NA
201540,"2018",412,230
201540,"2017",512,295
201540,"2012",67,34
201540,"2019",442,239
201540,"2013",NA,NA
201540,"2010",35,16
201540,"2021",NA,NA
201554,"2020",NA,NA
201554,"2016",NA,NA
201554,"2017",NA,NA
201554,"2009",68,29
201554,"2010",NA,NA
201554,"2014",20,8
201554,"2021",71,33
201554,"2015",90,46
201554,"2012",18,13
201554,"2018",46,23
201554,"2019",NA,NA
201554,"2011",73,38
201554,"2022",34,10
201568,"2023",NA,NA
201568,"2010",NA,NA
201568,"2014",NA,NA
201568,"2008",NA,NA
201568,"2022",105,55
201568,"2020",NA,NA
201568,"2009",32,12
201568,"2018",59,26
201568,"2013",NA,NA
201568,"2019",47,23
201568,"2011",31,15
201568,"2015",NA,NA
201568,"2021",152,82
201568,"2017",148,75
201568,"2016",204,107
201572,"2010",NA,NA
201572,"2011",51,31
201572,"2009",41,18
201572,"2008",20,13
201585,"2023",NA,NA
201585,"2017",208,122
201585,"2019",344,178
201585,"2013",NA,NA
201585,"2011",106,46
201585,"2014",NA,NA
201585,"2012",NA,NA
201585,"2016",216,116
201585,"2020",124,66
201585,"2022",307,170
201585,"2024",295,157
201585,"2010",45,23
201585,"2018",449,254
201585,"2015",NA,NA
201585,"2021",325,177
201590,"2011",103,58
201590,"2012",NA,NA
201590,"2022",NA,NA
201590,"2023",NA,NA
201590,"2016",329,174
201590,"2017",332,165
201590,"2018",328,190
201590,"2019",390,221
201590,"2021",NA,NA
201590,"2013",131,77
201590,"2015",NA,NA
201590,"2020",128,74
201590,"2014",NA,NA
201590,"2010",62,36
201597,"2015",NA,NA
201597,"2019",69,39
201597,"2010",NA,NA
201597,"2013",124,72
201597,"2014",NA,NA
201597,"2012",NA,NA
201597,"2017",272,134
201597,"2021",43,26
201597,"2011",47,22
201597,"2016",NA,NA
201597,"2018",186,102
201597,"2009",20,8
201597,"2020",NA,NA
201607,"2010",17,10
201607,"2009",NA,NA
201607,"2011",35,16
201611,"2012",14,8
201611,"2016",419,249
201611,"2021",33,18
201611,"2014",19,8
201611,"2010",NA,NA
201611,"2013",97,54
201611,"2017",493,261
201611,"2019",191,92
201611,"2015",NA,NA
201611,"2020",27,19
201611,"2023",119,61
201611,"2022",NA,NA
201611,"2024",310,184
201611,"2018",NA,NA
201616,"2024",NA,NA
201616,"2020",129,67
201616,"2011",NA,NA
201616,"2015",NA,NA
201616,"2016",217,117
201616,"2013",NA,NA
201616,"2014",NA,NA
201616,"2023",253,131
201616,"2022",264,139
201616,"2018",106,62
201616,"2017",432,228
201616,"2019",175,104
201616,"2012",64,32
201616,"2021",202,97
201619,"2023",NA,NA
201619,"2014",NA,NA
201619,"2013",NA,NA
201619,"2015",NA,NA
201619,"2021",206,123
201619,"2018",259,148
201619,"2019",313,190
201619,"2016",404,245
201619,"2020",59,33
201619,"2022",NA,NA
201619,"2011",28,16
201619,"2012",38,16
201619,"2009",12,6
201619,"2017",186,108
201619,"2024",NA,NA
201643,"2009",37,17
201648,"2018",31,20
201648,"2012",NA,NA
201648,"2016",205,114
201648,"2010",NA,NA
201648,"2017",120,69
201648,"2015",NA,NA
201648,"2014",29,15
201648,"2011",14,8
201648,"2009",NA,NA
201660,"2008",27,14
201660,"2009",23,13
201696,"2017",278,159
201696,"2014",39,23
201696,"2016",385,208
201696,"2024",NA,NA
201696,"2021",NA,NA
201696,"2015",NA,NA
201696,"2010",NA,NA
201696,"2020",148,80
201696,"2022",99,55
201696,"2018",155,78
201696,"2023",NA,NA
201696,"2019",308,173
201697,"2011",75,45
201697,"2013",NA,NA
201697,"2019",263,167
201697,"2021",165,99
201697,"2018",307,181
201697,"2014",90,51
201697,"2008",NA,NA
201697,"2012",NA,NA
201697,"2020",113,74
201697,"2007",NA,NA
201697,"2017",331,190
201697,"2010",NA,NA
201697,"2015",NA,NA
201697,"2016",196,117
202358,"2006",NA,NA
202373,"2007",23,10
202402,"2008",31,15
202423,"2012",7,3
202423,"2011",17,11
202426,"2011",NA,NA
202426,"2015",NA,NA
202426,"2016",61,29
202426,"2017",98,57
202426,"2014",28,17
202429,"2015",NA,NA
202429,"2013",NA,NA
202429,"2018",281,147
202429,"2020",186,99
202429,"2012",127,64
202429,"2016",320,174
202429,"2014",NA,NA
202429,"2022",251,130
202429,"2019",234,119
202429,"2017",221,118
202429,"2021",NA,NA
202429,"2023",NA,NA
202429,"2011",NA,NA
202429,"2024",71,43
202446,"2021",52,26
202446,"2017",278,142
202446,"2019",108,52
202446,"2018",260,149
202446,"2016",408,225
202446,"2015",NA,NA
202446,"2011",NA,NA
202446,"2022",75,47
202446,"2020",115,70
202446,"2023",48,24
202446,"2014",NA,NA
202446,"2012",83,47
202446,"2013",NA,NA
202452,"2011",24,11
202453,"2015",NA,NA
202453,"2013",50,28
202453,"2018",231,127
202453,"2014",NA,NA
202453,"2019",394,198
202453,"2024",61,26
202453,"2011",NA,NA
202453,"2012",61,28
202453,"2016",NA,NA
202453,"2021",NA,NA
202453,"2017",193,105
202453,"2020",81,42
202465,"2012",18,8
202482,"2015",NA,NA
202482,"2019",61,31
202482,"2020",51,28
202482,"2012",NA,NA
202482,"2017",63,34
202482,"2018",26,13
202482,"2016",67,31
202482,"2021",NA,NA
202484,"2019",67,40
202484,"2015",NA,NA
202484,"2013",31,14
202484,"2014",NA,NA
202484,"2020",NA,NA
202484,"2018",51,22
202484,"2017",190,106
202484,"2016",209,105
202484,"2012",58,27
202504,"2019",35,15
202504,"2017",275,154
202504,"2016",134,80
202504,"2013",24,12
202504,"2020",NA,NA
202504,"2014",NA,NA
202504,"2015",NA,NA
202504,"2012",24,12
202504,"2018",142,83
202536,"2015",NA,NA
202536,"2017",126,77
202536,"2021",NA,NA
202536,"2014",28,15
202536,"2020",35,16
202536,"2022",NA,NA
202536,"2016",124,70
202536,"2018",257,138
202536,"2019",155,79
202536,"2023",NA,NA
202536,"2024",NA,NA
202578,"2019",22,10
202600,"2017",72,31
202600,"2014",NA,NA
202600,"2015",NA,NA
202600,"2023",NA,NA
202600,"2019",81,42
202600,"2020",73,34
202600,"2024",411,214
202600,"2021",169,84
202600,"2018",118,55
202600,"2022",159,89
202628,"2016",NA,NA
202628,"2018",23,9
202628,"2015",67,32
202628,"2017",NA,NA
202628,"2014",47,15
202628,"2023",151,80
202628,"2013",57,35
202628,"2022",NA,NA
202628,"2021",66,35
202653,"2015",NA,NA
202653,"2014",30,14
202653,"2016",240,127
202653,"2018",77,43
202653,"2017",118,48
202653,"2019",43,26
202662,"2024",18,9
202662,"2018",NA,NA
202662,"2023",31,11
202684,"2014",NA,NA
202684,"2021",96,54
202684,"2022",177,93
202684,"2015",95,47
202684,"2016",76,43
202684,"2017",177,102
202684,"2020",89,48
202684,"2019",149,65
202684,"2018",112,55
202684,"2024",191,87
202684,"2023",450,256
202685,"2014",56,35
202685,"2018",NA,NA
202685,"2017",NA,NA
202685,"2016",22,9
202685,"2015",42,20
202702,"2014",69,35
202702,"2013",20,9
202702,"2015",NA,NA
202702,"2016",42,29
202702,"2017",NA,NA
202702,"2019",21,11
202702,"2018",NA,NA
202702,"2021",11,6
202858,"2016",22,13
202916,"2021",31,20
202916,"2019",32,19
202916,"2018",72,38
202921,"2017",14,8
203325,"2021",38,15
203325,"2019",29,16
203354,"2020",69,36
203354,"2023",NA,NA
203354,"2021",223,120
203354,"2022",NA,NA
203354,"2017",34,13
203354,"2024",264,149
203354,"2019",78,38
203354,"2018",NA,NA
203435,"2014",NA,NA
203435,"2017",62,37
203435,"2022",11,4
203435,"2018",244,136
203435,"2023",19,7
203435,"2019",234,120
203435,"2016",NA,NA
203462,"2019",NA,NA
203462,"2016",181,90
203462,"2017",167,91
203462,"2015",NA,NA
203462,"2024",NA,NA
203462,"2022",87,46
203462,"2013",56,38
203462,"2021",344,189
203462,"2023",194,100
203462,"2014",43,25
203462,"2020",76,38
203462,"2018",194,96
203500,"2022",NA,NA
203500,"2016",118,73
203500,"2024",80,39
203500,"2019",95,45
203500,"2020",21,13
203500,"2013",NA,NA
203500,"2018",198,112
203500,"2015",NA,NA
203500,"2017",88,48
203500,"2021",NA,NA
203500,"2023",74,37
203500,"2014",NA,NA
203501,"2020",45,32
203501,"2013",44,22
203501,"2022",41,21
203501,"2018",146,96
203501,"2019",121,70
203501,"2023",100,62
203501,"2024",NA,NA
203501,"2015",60,35
203501,"2017",99,51
203501,"2016",27,13
203501,"2014",119,73
203504,"2016",50,15
203504,"2019",NA,NA
203504,"2017",101,48
203504,"2015",NA,NA
203504,"2018",50,23
203514,"2020",44,26
203514,"2019",57,23
203514,"2023",20,7
203514,"2024",74,38
203514,"2021",250,113
203514,"2022",44,25
203530,"2016",261,130
203530,"2020",NA,NA
203530,"2019",334,190
203530,"2013",30,10
203530,"2023",141,71
203530,"2021",NA,NA
203530,"2017",299,155
203530,"2018",165,84
203530,"2024",NA,NA
203530,"2022",NA,NA
203553,"2017",19,13
203562,"2018",11,5
203562,"2023",NA,NA
203562,"2017",7,2
203564,"2020",NA,NA
203564,"2022",126,59
203564,"2023",24,12
203564,"2016",NA,NA
203564,"2024",110,62
203564,"2018",NA,NA
203564,"2019",116,54
203564,"2017",23,10
203564,"2021",NA,NA
203575,"2014",NA,NA
203575,"2022",202,114
203575,"2011",NA,NA
203575,"2021",260,135
203575,"2020",80,43
203575,"2024",NA,NA
203575,"2018",63,29
203575,"2015",NA,NA
203575,"2019",64,38
203575,"2013",NA,NA
203575,"2017",193,108
203575,"2012",NA,NA
203575,"2023",157,82
203575,"2016",332,186
203576,"2016",53,18
203576,"2015",NA,NA
203576,"2014",58,28
203576,"2017",105,55
204267,"2017",9,2
204362,"2018",30,14
204362,"2015",NA,NA
204362,"2013",NA,NA
204362,"2017",30,16
204362,"2016",31,18
204388,"2013",23,10
204388,"2014",36,19
204394,"2020",30,15
204394,"2017",39,19
204394,"2019",38,22
204394,"2023",NA,NA
204394,"2021",36,14
204394,"2022",NA,NA
204394,"2018",113,51
204394,"2014",NA,NA
204411,"2020",32,12
204411,"2016",NA,NA
204411,"2014",32,21
204411,"2015",NA,NA
204411,"2021",125,62
204411,"2023",106,50
204411,"2022",NA,NA
204411,"2024",40,19
204427,"2024",NA,NA
204427,"2022",367,191
204427,"2017",353,173
204427,"2015",NA,NA
204427,"2023",NA,NA
204427,"2021",NA,NA
204427,"2020",192,97
204427,"2019",270,126
204427,"2016",148,69
204427,"2018",217,102
205344,"2016",29,13
205344,"2017",18,10
205344,"2022",NA,NA
205344,"2018",NA,NA
205344,"2019",34,16
205723,"2017",27,15
205723,"2021",28,12
205723,"2018",NA,NA
205815,"2017",43,24
205815,"2014",43,31
205815,"2018",11,4
205815,"2022",NA,NA
205815,"2016",NA,NA
205848,"2018",16,6
205925,"2021",410,222
205925,"2014",NA,NA
205925,"2024",152,81
205925,"2019",313,165
205925,"2023",326,176
205925,"2020",186,104
205925,"2013",NA,NA
205925,"2022",NA,NA
205925,"2015",NA,NA
205925,"2017",254,125
205925,"2012",NA,NA
205925,"2018",411,225
205925,"2016",235,112
206037,"2022",36,15
206037,"2019",27,12
206037,"2023",NA,NA
206037,"2014",NA,NA
206037,"2015",NA,NA
206037,"2016",NA,NA
206037,"2020",39,23
206037,"2018",40,25
206037,"2021",35,25
206037,"2024",NA,NA
206037,"2017",44,26
206107,"2023",NA,NA
206107,"2018",21,13
206107,"2017",8,3
206107,"2015",NA,NA
206107,"2019",41,23
206107,"2021",NA,NA
206107,"2016",28,14
206108,"2023",86,51
206108,"2020",162,101
206108,"2016",60,30
206108,"2018",138,81
206108,"2019",280,171
206108,"2021",NA,NA
206108,"2017",205,116
206124,"2020",109,64
206124,"2018",75,36
206124,"2017",130,76
206124,"2023",164,76
206124,"2015",38,21
206124,"2021",NA,NA
206124,"2014",NA,NA
206124,"2024",NA,NA
206124,"2019",86,51
206124,"2022",NA,NA
206124,"2016",98,48
206124,"2013",NA,NA
206136,"2018",22,10
206136,"2017",52,30
206183,"2017",23,7
206183,"2015",NA,NA
206183,"2016",41,20
206216,"2017",16,8
206219,"2019",8,4
206219,"2022",200,110
206219,"2017",256,144
206219,"2020",106,66
206219,"2021",177,100
206219,"2015",NA,NA
206219,"2023",31,18
206219,"2018",71,37
206219,"2016",98,51
206219,"2024",72,33
206252,"2019",23,14
206252,"2023",NA,NA
206252,"2021",NA,NA
206252,"2022",NA,NA
206252,"2024",310,176
206252,"2014",23,15
206252,"2018",26,11
206252,"2020",122,68
206252,"2017",93,55
206252,"2015",NA,NA
206252,"2016",71,40
206255,"2019",98,61
206255,"2017",101,48
206255,"2020",147,89
206255,"2023",99,47
206255,"2016",198,107
206255,"2021",110,62
206255,"2015",NA,NA
206289,"2015",NA,NA
206289,"2022",476,299
206289,"2021",NA,NA
206289,"2020",231,131
206289,"2016",183,97
206289,"2014",NA,NA
206289,"2018",388,216
206289,"2019",431,240
206289,"2017",282,140
206289,"2024",NA,NA
206289,"2013",NA,NA
206289,"2023",462,279
206289,"2012",NA,NA
206292,"2021",206,117
206292,"2023",27,16
206292,"2019",116,61
206292,"2022",127,66
206292,"2020",60,31
206292,"2024",46,24
206374,"2021",110,55
206374,"2018",274,160
206374,"2014",36,22
206374,"2023",12,7
206374,"2019",343,187
206374,"2017",92,52
206374,"2016",NA,NA
206374,"2020",82,41
206374,"2015",NA,NA
206374,"2024",264,155
206408,"2024",304,159
206408,"2023",279,136
206408,"2018",16,9
206408,"2016",NA,NA
206408,"2021",NA,NA
206408,"2020",110,57
206408,"2017",88,52
206408,"2022",NA,NA
206417,"2022",NA,NA
206417,"2023",76,28
206417,"2024",44,25
206420,"2016",48,29
206420,"2022",348,188
206420,"2019",424,243
206420,"2023",NA,NA
206420,"2024",394,230
206420,"2018",202,116
206420,"2021",NA,NA
206420,"2017",164,81
206420,"2020",219,117
206430,"2022",25,9
206430,"2023",31,23
206430,"2021",12,7
206430,"2015",NA,NA
206430,"2019",37,24
206430,"2024",NA,NA
210672,"2016",26,14
210705,"2022",85,35
210705,"2017",NA,NA
210705,"2019",95,44
210705,"2024",57,31
210705,"2021",163,82
210705,"2020",28,13
210705,"2018",32,14
210722,"2019",476,274
210722,"2024",359,193
210722,"2022",NA,NA
210722,"2020",311,190
210722,"2018",516,299
210722,"2016",55,31
210722,"2021",NA,NA
210722,"2023",396,212
210722,"2017",450,243
210871,"2018",19,9
210871,"2016",42,23
210871,"2017",20,8
210871,"2015",NA,NA
210913,"2019",22,9
210957,"2017",39,22
210957,"2016",NA,NA
210957,"2018",28,11
211095,"2018",226,130
211095,"2019",265,166
211095,"2023",385,229
211095,"2017",NA,NA
211095,"2020",135,72
211095,"2021",328,189
211095,"2022",156,89
211095,"2024",312,184
211279,"2022",NA,NA
211279,"2017",NA,NA
211279,"2015",NA,NA
211279,"2019",121,61
211279,"2023",NA,NA
211279,"2024",237,136
211279,"2021",144,81
211279,"2018",75,45
211279,"2020",49,28
211337,"2022",104,50
211337,"2020",NA,NA
211337,"2018",64,35
211337,"2023",258,135
211337,"2019",118,60
211337,"2024",213,102
211337,"2017",68,37
211337,"2021",106,54
211411,"2024",33,15
211411,"2019",127,68
211411,"2021",NA,NA
211411,"2016",NA,NA
211411,"2018",NA,NA
211411,"2020",60,24
211411,"2017",107,58
211456,"2022",23,8
211472,"2015",6,1
211544,"2021",7,1
211684,"2017",NA,NA
211684,"2024",NA,NA
211684,"2022",NA,NA
211684,"2020",50,27
211684,"2014",NA,NA
211684,"2015",NA,NA
211684,"2021",124,69
211684,"2019",71,35
211684,"2016",19,8
211684,"2023",255,134
211684,"2018",153,75
211701,"2021",359,200
211701,"2024",NA,NA
211701,"2022",NA,NA
211701,"2014",93,48
211701,"2023",NA,NA
211701,"2013",NA,NA
211701,"2017",438,238
211701,"2020",164,82
211701,"2015",NA,NA
211701,"2016",333,176
211701,"2018",453,238
211701,"2019",396,205
211702,"2021",NA,NA
211702,"2018",169,98
211702,"2019",116,67
211702,"2016",NA,NA
211702,"2022",89,48
211702,"2017",283,164
211702,"2015",NA,NA
211702,"2020",123,69
211702,"2024",NA,NA
211702,"2023",184,97
211736,"2017",56,28
211736,"2021",NA,NA
211736,"2018",52,23
211736,"2019",139,75
211736,"2015",NA,NA
211736,"2016",56,28
211796,"2017",121,76
211796,"2016",74,37
211796,"2014",NA,NA
211796,"2019",NA,NA
211796,"2021",24,11
211796,"2018",36,20
211796,"2015",NA,NA
211817,"2017",10,6
211817,"2024",96,46
211817,"2019",64,36
211817,"2022",294,151
211817,"2023",137,72
211817,"2018",54,29
211817,"2020",NA,NA
211817,"2016",NA,NA
211817,"2021",183,107
211878,"2017",102,53
211878,"2020",38,15
211878,"2021",93,50
211878,"2022",NA,NA
211878,"2018",NA,NA
211880,"2024",37,12
211880,"2020",66,37
211880,"2019",131,73
211880,"2017",38,24
211880,"2018",65,40
211880,"2016",NA,NA
211880,"2023",30,14
211880,"2022",36,20
211887,"2019",18,11
211901,"2019",86,42
211901,"2020",59,31
211901,"2021",102,48
211901,"2023",37,12
211903,"2017",NA,NA
211903,"2020",24,12
211903,"2022",19,6
212001,"2019",194,114
212001,"2015",29,16
212001,"2016",21,10
212001,"2022",NA,NA
212001,"2018",243,140
212001,"2017",248,146
212001,"2020",NA,NA
212001,"2021",85,46
212805,"2022",NA,NA
212805,"2017",12,8
212805,"2020",13,4
213525,"2021",NA,NA
213525,"2020",196,116
213525,"2017",30,10
213525,"2016",16,10
213525,"2018",59,33
213525,"2022",NA,NA
213525,"2019",196,114
213525,"2024",NA,NA
213525,"2023",248,121
213544,"2022",NA,NA
213544,"2019",85,45
213544,"2024",NA,NA
213544,"2020",47,21
213544,"2021",34,16
213544,"2017",129,69
213544,"2018",124,63
213544,"2023",50,32
213550,"2021",201,115
213550,"2015",NA,NA
213550,"2018",281,148
213550,"2019",NA,NA
213550,"2022",151,82
213550,"2020",238,146
213550,"2017",58,30
213550,"2023",267,144
213550,"2024",306,179
213550,"2016",NA,NA
213631,"2019",134,76
213631,"2021",304,164
213631,"2017",NA,NA
213631,"2020",159,93
213631,"2015",NA,NA
213631,"2018",43,22
213631,"2024",NA,NA
213631,"2022",NA,NA
213631,"2023",351,199
213646,"2023",NA,NA
213646,"2022",NA,NA
213646,"2024",82,46
213646,"2017",28,13
213646,"2018",37,24
213646,"2019",13,7
213646,"2016",NA,NA
213646,"2021",38,21
213710,"2023",287,139
213710,"2024",NA,NA
213710,"2021",83,41
213710,"2022",158,95
213828,"2020",13,7
213889,"2022",151,92
213889,"2023",NA,NA
213889,"2024",266,144
213889,"2019",122,74
213889,"2020",91,57
213889,"2021",229,105
213908,"2022",49,33
213908,"2023",10,5
213908,"2024",53,26
213926,"2021",17,7
213947,"2016",8,5
214020,"2023",20,6
214020,"2021",23,15
214032,"2019",26,14
214032,"2024",NA,NA
214032,"2020",30,15
214040,"2016",29,15
214040,"2021",46,25
214040,"2022",19,11
214040,"2018",20,10
214040,"2019",39,25
214040,"2024",NA,NA
214040,"2023",148,74
214119,"2023",240,141
214119,"2022",NA,NA
214119,"2024",191,111
214119,"2016",36,18
214119,"2021",31,19
214119,"2017",NA,NA
214149,"2017",33,21
214149,"2022",NA,NA
214149,"2024",NA,NA
214149,"2023",NA,NA
214149,"2018",247,146
214149,"2020",108,56
214149,"2021",130,75
214149,"2019",340,182
214181,"2021",161,84
214181,"2022",97,47
214229,"2016",15,7
214263,"2017",298,175
214263,"2014",NA,NA
214263,"2018",134,78
214263,"2016",79,37
214263,"2015",17,8
214263,"2020",129,72
214304,"2021",NA,NA
214304,"2017",25,13
214304,"2019",130,77
214304,"2018",230,141
214304,"2016",NA,NA
214304,"2020",28,14
214312,"2016",24,13
214405,"2022",58,34
214405,"2023",98,61
214405,"2017",NA,NA
214405,"2019",NA,NA
214405,"2020",36,25
214452,"2024",359,196
214452,"2017",24,14
214452,"2019",NA,NA
214452,"2021",53,23
214452,"2022",66,35
214452,"2018",103,55
214452,"2020",49,28
214452,"2023",123,78
214480,"2024",30,8
214480,"2023",30,16
214480,"2018",NA,NA
214521,"2024",19,11
214521,"2018",40,23
214521,"2020",32,15
214541,"2024",NA,NA
214541,"2017",68,43
214541,"2022",NA,NA
214541,"2019",39,18
214541,"2023",35,19
214541,"2018",141,83
214541,"2016",NA,NA
214544,"2023",NA,NA
214544,"2022",NA,NA
214544,"2018",572,357
214544,"2017",155,92
214544,"2020",266,147
214544,"2019",430,262
214544,"2021",NA,NA
214544,"2024",412,252
214593,"2024",125,68
214593,"2021",45,21
214593,"2022",47,27
214593,"2023",124,63
214621,"2016",40,17
214621,"2014",NA,NA
214621,"2017",20,9
214641,"2017",29,19
214641,"2014",NA,NA
214641,"2018",32,17
214643,"2024",NA,NA
214643,"2022",266,167
214643,"2019",118,68
214643,"2023",NA,NA
214643,"2021",261,148
214643,"2020",59,29
214694,"2022",16,10
214694,"2017",17,7
214694,"2021",NA,NA
214694,"2019",NA,NA
214694,"2018",64,37
214839,"2022",50,24
214839,"2024",27,15
214839,"2021",NA,NA
214839,"2023",170,86
214906,"2022",NA,NA
214906,"2024",52,24
214906,"2020",NA,NA
214906,"2017",NA,NA
214906,"2021",90,53
214906,"2023",286,151
214906,"2018",124,60
214939,"2019",123,68
214939,"2023",227,121
214939,"2016",NA,NA
214939,"2017",70,32
214939,"2022",NA,NA
214939,"2021",209,109
214939,"2024",NA,NA
214939,"2020",48,23
214939,"2018",NA,NA
214954,"2016",13,10
214954,"2020",160,91
214954,"2019",265,136
214954,"2023",NA,NA
214954,"2024",NA,NA
214954,"2022",NA,NA
214954,"2018",250,141
214954,"2021",NA,NA
214954,"2017",116,60
215016,"2020",23,16
215016,"2018",42,20
215016,"2019",NA,NA
215016,"2017",34,22
215016,"2015",NA,NA
215018,"2021",46,32
215018,"2017",33,22
215018,"2019",42,24
215018,"2022",NA,NA
215018,"2018",34,21
215018,"2024",NA,NA
215020,"2023",408,217
215020,"2018",203,104
215020,"2020",159,90
215020,"2022",106,54
215020,"2024",367,187
215020,"2021",211,114
215020,"2019",289,162
215020,"2017",83,35
215020,"2016",23,11
215035,"2019",NA,NA
215035,"2018",107,52
215035,"2022",279,156
215035,"2023",213,99
215035,"2021",NA,NA
215035,"2017",44,26
215035,"2024",329,177
215035,"2016",NA,NA
215035,"2020",193,100
215091,"2020",25,11
215096,"2018",31,17
215096,"2017",50,33
215096,"2022",NA,NA
215096,"2019",29,15
215096,"2023",48,25
215138,"2024",130,87
215138,"2022",44,22
215151,"2024",16,8
215151,"2023",NA,NA
215151,"2020",13,8
215151,"2022",33,16
215151,"2019",23,13
215219,"2021",219,125
215219,"2019",91,51
215219,"2023",NA,NA
215219,"2018",19,9
215219,"2022",NA,NA
215219,"2017",NA,NA
215219,"2024",9,4
215219,"2020",146,77
215259,"2020",58,31
215259,"2021",57,30
215259,"2018",NA,NA
215337,"2021",NA,NA
215337,"2022",NA,NA
215337,"2018",92,62
215337,"2023",NA,NA
215337,"2019",66,35
215337,"2024",166,97
215337,"2020",23,8
215370,"2022",NA,NA
215370,"2018",72,43
215370,"2017",81,42
215370,"2021",239,128
215370,"2019",NA,NA
215370,"2024",148,78
215370,"2023",252,150
215371,"2018",28,15
215371,"2019",51,30
215371,"2020",NA,NA
215371,"2022",NA,NA
215371,"2021",64,35
215395,"2020",42,26
215571,"2024",17,10
215613,"2020",NA,NA
215613,"2023",234,122
215613,"2024",494,272
215613,"2021",46,24
215613,"2019",NA,NA
215613,"2022",37,16
215627,"2022",40,20
215672,"2018",26,13
215713,"2019",300,165
215713,"2021",NA,NA
215713,"2020",88,45
215713,"2018",157,99
215713,"2024",445,262
215713,"2017",NA,NA
215713,"2023",487,278
215713,"2022",NA,NA
215785,"2022",281,143
215785,"2016",NA,NA
215785,"2017",36,18
215785,"2018",NA,NA
215785,"2024",NA,NA
215785,"2020",34,20
215785,"2021",NA,NA
215785,"2019",73,46
215785,"2023",291,151
215832,"2021",13,6
215859,"2016",8,1
215869,"2016",30,14
215869,"2017",41,26
215872,"2019",NA,NA
215872,"2022",NA,NA
215872,"2023",176,77
215872,"2024",240,118
215872,"2021",138,67
215872,"2020",14,9
215899,"2023",40,9
215899,"2019",14,5
215899,"2024",42,19
215899,"2022",59,38
215899,"2021",NA,NA
215910,"2024",26,10
215910,"2018",NA,NA
215910,"2023",108,50
215910,"2022",NA,NA
215910,"2021",25,14
215936,"2021",59,31
215936,"2023",26,12
215936,"2024",NA,NA
215983,"2021",228,136
215983,"2024",89,47
215983,"2020",58,32
215983,"2022",NA,NA
215983,"2023",50,27
215996,"2021",30,19
215996,"2022",85,44
215996,"2023",51,24
215996,"2024",46,25
216016,"2024",NA,NA
216016,"2022",NA,NA
216016,"2017",14,6
216016,"2019",62,27
216016,"2021",141,85
216016,"2020",63,38
216016,"2018",30,12
216016,"2023",356,214
216055,"2024",NA,NA
216055,"2019",33,19
216055,"2023",NA,NA
216055,"2018",25,10
216055,"2020",34,19
216074,"2023",8,2
216081,"2024",31,13
216081,"2023",NA,NA
216081,"2022",35,21
216083,"2024",NA,NA
216083,"2020",64,33
216083,"2019",107,60
216083,"2022",104,54
216083,"2023",176,96
216083,"2021",140,69
216097,"2022",46,21
216097,"2023",134,64
216097,"2024",NA,NA
216133,"2019",61,33
216133,"2018",35,18
216133,"2020",NA,NA
216133,"2021",157,83
216133,"2023",385,213
216133,"2022",NA,NA
216133,"2024",451,255
216139,"2023",21,9
216146,"2020",74,46
216146,"2019",59,32
216146,"2021",287,150
216146,"2023",NA,NA
216146,"2024",NA,NA
216146,"2022",NA,NA
216146,"2018",76,38
216150,"2020",33,12
216153,"2019",302,184
216153,"2018",123,79
216153,"2024",NA,NA
216153,"2023",81,44
216153,"2021",235,131
216153,"2020",158,81
216153,"2022",NA,NA
216153,"2017",NA,NA
216180,"2022",37,19
216262,"2021",210,104
216262,"2019",NA,NA
216262,"2022",184,101
216262,"2024",NA,NA
216262,"2020",68,37
216262,"2023",234,120
216265,"2022",NA,NA
216265,"2021",46,27
216265,"2024",92,41
216265,"2023",37,14
216462,"2016",48,23
216475,"2016",16,6
219422,"2017",31,13
219875,"2024",NA,NA
219875,"2019",40,15
219875,"2022",288,165
219875,"2021",314,160
219875,"2020",65,35
219875,"2023",359,203
219917,"2024",115,54
219917,"2021",53,29
219917,"2023",276,154
219917,"2022",39,21
220272,"2022",39,14
220332,"2024",121,55
220332,"2022",NA,NA
220332,"2023",135,72
220339,"2018",34,16
220395,"2016",15,8
220465,"2019",NA,NA
220465,"2022",100,52
220465,"2024",293,155
220465,"2023",187,89
220465,"2021",NA,NA
220465,"2020",12,4
220520,"2024",166,95
220548,"2024",363,185
220548,"2023",291,167
220548,"2022",NA,NA
220589,"2024",428,228
220589,"2023",203,99
220589,"2022",69,31
220750,"2022",37,19
220750,"2024",28,13
220750,"2023",68,43
220946,"2022",56,30
221024,"2020",NA,NA
221024,"2024",155,94
221024,"2023",45,18
221024,"2021",64,37
221024,"2022",84,46
221024,"2019",16,11
221054,"2024",NA,NA
221054,"2022",275,152
221054,"2023",64,36
221054,"2021",125,79
221105,"2020",19,9
221236,"2024",53,26
221236,"2023",90,51
221237,"2024",89,49
221237,"2023",63,42
221247,"2024",42,15
221247,"2022",13,4
221247,"2021",NA,NA
221247,"2023",44,21
221818,"2017",39,13
221824,"2017",52,27
221828,"2017",42,23
221831,"2018",36,19
221837,"2018",18,10
221844,"2018",29,17
221852,"2018",27,13
221911,"2024",13,5
221911,"2023",42,23
221911,"2019",NA,NA
222233,"2024",134,77
222233,"2022",22,10
222233,"2023",32,18
222258,"2024",98,44
222258,"2023",338,177
222258,"2022",136,68
222258,"2020",NA,NA
222258,"2021",43,18
222296,"2023",62,32
222296,"2024",95,51
222328,"2022",70,39
222328,"2023",NA,NA
222328,"2024",293,173
222513,"2022",43,22
222559,"2024",35,18
222601,"2024",190,90
222601,"2023",38,19
222965,"2024",186,97
222965,"2022",19,7
222965,"2023",128,72
222966,"2024",10,4
222966,"2022",14,6
223131,"2020",15,3
223132,"2020",29,14
223133,"2020",23,10
223134,"2020",36,16
223135,"2020",13,7
223159,"2022",24,11
223331,"2024",51,26
223333,"2024",38,20
223333,"2023",60,34
223335,"2022",11,6
232447,"2024",48,30
232447,"2023",79,40
233741,"2024",18,6
239389,"2024",34,18
252499,"2023",20,11
252499,"2024",58,33
252587,"2024",28,16
256684,"2024",46,28
259799,"2023",143,85
259799,"2024",343,176
259799,"2022",NA,NA
260170,"2024",45,29
260300,"2024",17,10
260847,"2024",NA,NA
260848,"2024",NA,NA
260913,"2024",NA,NA
261963,"2024",NA,NA
263847,"2023",NA,NA
263848,"2023",NA,NA
263849,"2023",NA,NA
263850,"2023",NA,NA
263852,"2023",NA,NA
263853,"2023",NA,NA
263857,"2024",156,91
264205,"2023",NA,NA
266671,"2024",52,23
