"player_id","year","first_serve","first_won"
102093,"2024",129,99
102143,"2003",366,287
102143,"2005",113,83
102143,"2002",327,244
102143,"1997",NA,NA
102143,"2001",305,227
102143,"2006",NA,NA
102143,"2004",205,153
102143,"2000",164,126
102179,"2000",885,618
102179,"1996",69,50
102179,"2001",1567,1134
102179,"2004",1816,1333
102179,"2002",NA,NA
102179,"1999",NA,NA
102179,"2005",899,628
102179,"2007",308,227
102179,"2003",1784,1298
102179,"2006",189,138
102269,"2002",NA,NA
102269,"2005",218,157
102269,"2006",140,109
102269,"1997",635,468
102269,"2001",130,101
102269,"1996",156,105
102269,"2003",325,245
102269,"1995",NA,NA
102269,"2000",169,119
102269,"1998",NA,NA
102269,"2004",745,538
102287,"2000",1845,1316
102287,"1995",312,198
102287,"2001",2513,1791
102287,"2003",1212,799
102287,"1993",NA,NA
102287,"1996",NA,NA
102287,"2002",NA,NA
102287,"2007",NA,NA
102287,"2006",796,564
102287,"1998",1567,1045
102287,"2005",302,208
102287,"2004",863,574
102287,"1999",NA,NA
102287,"1997",2095,1367
102456,"2001",2156,1477
102456,"2003",NA,NA
102456,"2005",1343,909
102456,"2002",2104,1390
102456,"1998",NA,NA
102456,"2007",224,132
102456,"1997",NA,NA
102456,"1996",3955,2532
102456,"2000",1279,824
102456,"1995",768,478
102456,"2004",1492,992
102456,"1999",NA,NA
102456,"1994",NA,NA
102494,"2000",837,558
102494,"2004",605,407
102494,"2005",985,660
102494,"2003",NA,NA
102494,"1999",89,59
102494,"2006",654,438
102494,"1997",65,49
102494,"2001",545,347
102494,"2002",220,148
102565,"2007",431,313
102565,"2002",609,460
102565,"2005",910,708
102565,"2006",NA,NA
102565,"2004",231,173
102565,"2003",982,661
102642,"2006",626,458
102642,"2003",1339,986
102642,"2001",NA,NA
102642,"2002",439,314
102642,"1999",203,145
102642,"2004",2309,1739
102642,"2007",61,49
102642,"2005",1820,1308
102642,"2000",766,548
102694,"2005",1101,739
102694,"2001",1593,1077
102694,"2007",NA,NA
102694,"1994",NA,NA
102694,"2004",1204,797
102694,"1997",283,187
102694,"2003",NA,NA
102694,"1995",363,221
102694,"2006",584,413
102694,"1996",593,415
102694,"1999",827,560
102694,"1998",804,519
102694,"2000",255,155
102694,"2002",1499,1023
102788,"2003",733,501
102788,"2008",86,64
102788,"2006",119,84
102788,"2004",688,462
102788,"2001",775,524
102788,"2007",79,53
102788,"2005",87,57
102788,"2002",NA,NA
102834,"2003",389,249
102834,"1994",NA,NA
102834,"1995",NA,NA
102834,"2001",616,368
102834,"2002",209,139
102834,"1996",NA,NA
102834,"2007",1023,651
102834,"1998",261,189
102834,"2000",2098,1361
102834,"2004",545,367
102834,"2006",1516,992
102834,"2005",1169,782
102834,"1993",NA,NA
102834,"1999",1712,1100
102869,"1995",309,189
102869,"2003",827,563
102869,"1998",1913,1294
102869,"2005",NA,NA
102869,"2001",1630,1145
102869,"1999",1361,977
102869,"1997",1751,1181
102869,"1996",NA,NA
102869,"2006",127,80
102869,"2002",972,686
102869,"2004",918,601
102869,"2000",1258,899
102869,"1994",NA,NA
102880,"2002",802,558
102880,"2000",1015,712
102880,"1999",NA,NA
102880,"2001",580,381
102880,"2003",1039,734
102880,"2004",1270,882
102880,"2005",871,602
102881,"2007",NA,NA
102881,"1995",94,54
102881,"1993",80,41
102881,"1994",45,29
102881,"1997",164,101
102881,"2006",NA,NA
102881,"2008",NA,NA
102881,"1996",175,102
102886,"2010",NA,NA
102886,"2006",74,47
102886,"2003",495,325
102886,"2012",NA,NA
102886,"2005",220,154
102886,"2004",141,102
102886,"2001",NA,NA
102904,"2006",166,106
102904,"2000",137,86
102904,"2001",NA,NA
102925,"2007",538,356
102925,"2005",859,659
102925,"2004",196,140
102925,"1999",2016,1448
102925,"2000",1508,1093
102925,"1997",1992,1440
102925,"2001",659,469
102925,"2002",471,343
102925,"1998",NA,NA
102925,"2003",1110,822
102925,"2006",1488,1079
102925,"1996",380,275
102925,"1995",188,131
102967,"2002",77,56
102967,"2011",NA,NA
102967,"2013",NA,NA
102967,"2009",2006,1451
102967,"2006",1319,987
102967,"2004",152,94
102967,"2014",140,108
102967,"2008",2061,1497
102967,"2012",NA,NA
102967,"2010",708,488
102967,"2005",193,136
102967,"2007",2005,1475
102999,"2003",167,115
102999,"2006",772,524
102999,"2002",NA,NA
102999,"2001",104,62
102999,"2007",508,320
102999,"2011",NA,NA
102999,"2008",140,99
102999,"2010",NA,NA
103032,"2005",164,100
103105,"2006",NA,NA
103105,"2005",355,236
103105,"2013",275,201
103105,"2010",222,154
103105,"2002",NA,NA
103105,"2009",640,423
103105,"2008",273,180
103105,"2004",NA,NA
103105,"2014",NA,NA
103105,"2003",704,475
103105,"2012",683,452
103105,"2011",976,623
103105,"2001",71,44
103105,"2007",NA,NA
103169,"2007",NA,NA
103169,"2008",1999,1305
103169,"2005",966,598
103169,"2009",2034,1337
103169,"2006",423,272
103169,"2003",495,330
103169,"2010",757,458
103169,"2004",1273,807
103175,"2006",NA,NA
103175,"2007",112,77
103175,"2005",110,62
103181,"2005",1219,860
103181,"2006",1366,911
103181,"2003",605,437
103181,"2000",NA,NA
103181,"2008",NA,NA
103181,"2007",922,632
103181,"1995",68,36
103181,"2004",522,365
103181,"2002",220,139
103181,"2009",NA,NA
103181,"2001",1584,1125
103185,"1997",NA,NA
103185,"2008",NA,NA
103185,"2002",95,65
103185,"2003",137,101
103185,"2001",148,98
103185,"2007",NA,NA
103185,"2000",173,113
103188,"2010",1676,1087
103188,"2006",NA,NA
103188,"2001",1459,925
103188,"2012",1093,727
103188,"2013",1103,722
103188,"2007",1472,960
103188,"2011",1438,990
103188,"2009",358,226
103188,"2014",887,580
103188,"2000",414,264
103188,"2008",343,214
103188,"2003",106,70
103188,"2002",972,570
103188,"2015",NA,NA
103188,"1998",NA,NA
103204,"2002",NA,NA
103204,"2005",261,169
103204,"2003",NA,NA
103204,"2001",408,286
103204,"2006",188,131
103204,"2004",326,234
103204,"2007",175,115
103204,"2008",104,60
103204,"2000",NA,NA
103240,"2009",919,664
103240,"1999",NA,NA
103240,"2001",137,106
103240,"2006",1080,730
103240,"2010",127,93
103240,"2005",2152,1532
103240,"1996",NA,NA
103240,"2004",179,115
103240,"2002",178,112
103240,"2000",267,176
103240,"2003",NA,NA
103240,"2007",703,484
103240,"2008",NA,NA
103252,"2010",401,263
103252,"2003",NA,NA
103252,"2007",662,422
103252,"1998",329,194
103252,"2004",2359,1586
103252,"2009",1142,744
103252,"2000",NA,NA
103252,"1996",188,114
103252,"2002",NA,NA
103252,"1999",NA,NA
103252,"2001",2735,1851
103252,"1997",NA,NA
103252,"2005",2133,1423
103252,"2006",1662,1094
103252,"2008",293,200
103305,"2000",368,239
103305,"2004",346,207
103305,"2005",102,59
103305,"2002",NA,NA
103305,"1997",NA,NA
103305,"2001",457,302
103339,"1998",NA,NA
103339,"2007",121,89
103339,"2004",78,63
103339,"2006",188,138
103373,"2009",346,199
103373,"2007",NA,NA
103373,"2000",121,79
103373,"2008",1139,733
103373,"2005",NA,NA
103373,"2003",263,181
103373,"2006",474,311
103401,"2007",1025,656
103401,"2011",431,282
103401,"2005",NA,NA
103401,"2014",207,149
103401,"2015",191,117
103401,"2004",1002,655
103401,"2009",NA,NA
103401,"2016",NA,NA
103401,"2010",NA,NA
103401,"2006",NA,NA
103401,"2002",NA,NA
103401,"2000",NA,NA
103401,"2013",433,295
103401,"2008",701,420
103401,"2012",177,109
103408,"2002",755,498
103408,"2006",88,54
103408,"2003",1745,1112
103408,"2004",520,329
103408,"2005",162,105
103420,"1996",164,100
103420,"1997",NA,NA
103420,"2001",NA,NA
103420,"2005",507,350
103420,"2004",NA,NA
103420,"1998",106,67
103420,"2008",NA,NA
103420,"2002",457,284
103420,"2000",306,188
103420,"1999",182,114
103424,"2006",205,148
103448,"2008",78,51
103451,"2010",844,575
103451,"2002",264,169
103451,"2006",1610,1089
103451,"1999",164,93
103451,"2007",605,404
103451,"2009",1038,714
103451,"2011",376,252
103451,"1998",NA,NA
103451,"2014",172,119
103451,"2004",305,235
103451,"2012",949,652
103451,"2001",254,165
103451,"2008",283,204
103451,"2005",1015,696
103451,"2013",222,151
103451,"2003",233,160
103451,"2000",NA,NA
103470,"2011",564,399
103470,"2012",NA,NA
103470,"2005",NA,NA
103470,"2009",1153,863
103470,"2007",1046,752
103470,"2008",604,483
103470,"2003",748,529
103470,"2004",319,259
103470,"2010",NA,NA
103470,"2006",503,369
103487,"2002",276,175
103487,"2007",NA,NA
103487,"2001",NA,NA
103487,"2005",350,243
103487,"2000",213,137
103487,"2006",168,112
103487,"1998",NA,NA
103490,"2009",530,362
103490,"2007",287,214
103490,"2006",140,87
103490,"2010",584,383
103490,"2004",NA,NA
103490,"2005",1076,725
103490,"2008",953,640
103516,"2005",218,159
103516,"2006",343,241
103516,"2004",NA,NA
103516,"2007",214,161
103534,"2004",108,81
103534,"2012",122,79
103534,"2009",1022,659
103534,"2007",1198,778
103534,"2008",670,440
103534,"2011",NA,NA
103534,"2005",NA,NA
103534,"2006",135,87
103538,"2006",134,101
103543,"2010",166,112
103543,"2008",378,250
103565,"2010",1263,833
103565,"2020",NA,NA
103565,"2011",279,202
103565,"2018",121,93
103565,"2015",289,185
103565,"2004",120,80
103565,"2017",376,245
103565,"2016",1330,943
103565,"2014",659,480
103565,"2012",NA,NA
103565,"2013",233,168
103566,"2013",NA,NA
103566,"2000",556,404
103566,"2014",502,355
103566,"2008",NA,NA
103566,"2003",656,456
103566,"2006",NA,NA
103566,"2010",NA,NA
103566,"2009",1410,1078
103566,"2001",905,638
103566,"2002",NA,NA
103566,"2005",1585,1108
103566,"2007",1717,1257
103566,"2004",1570,1173
103566,"2011",NA,NA
103566,"2012",1328,974
103582,"2016",721,488
103582,"2007",1219,912
103582,"2010",2375,1700
103582,"2005",101,77
103582,"2014",488,343
103582,"2015",860,630
103582,"2013",240,168
103582,"2011",1849,1305
103582,"2012",881,582
103582,"2004",NA,NA
103582,"2006",769,563
103582,"2008",NA,NA
103582,"2009",709,476
103656,"2005",1375,924
103656,"2010",NA,NA
103656,"2007",NA,NA
103656,"2006",1183,796
103656,"2008",2005,1446
103656,"2012",1012,606
103656,"2004",1120,721
103656,"2014",1194,832
103656,"2003",1056,734
103656,"2017",70,45
103656,"2001",998,704
103656,"2011",2157,1514
103656,"2002",1960,1346
103656,"2009",NA,NA
103656,"2013",1702,1152
103656,"2015",597,413
103656,"2016",624,450
103675,"2006",240,144
103675,"2007",NA,NA
103675,"2009",975,578
103675,"2008",136,97
103675,"2010",NA,NA
103675,"2012",184,86
103675,"2011",344,191
103693,"2010",NA,NA
103693,"2006",462,303
103693,"2003",375,248
103693,"2008",468,299
103693,"2009",181,125
103693,"2007",394,275
103693,"2005",328,200
103693,"2002",NA,NA
103693,"2004",NA,NA
103700,"2002",NA,NA
103700,"2004",167,115
103700,"2007",NA,NA
103700,"2006",271,181
103700,"2005",130,88
103701,"2008",327,193
103701,"2007",NA,NA
103701,"2006",289,188
103702,"2006",60,41
103722,"2011",686,469
103722,"2010",2385,1590
103722,"2004",290,199
103722,"2009",2582,1760
103722,"2003",NA,NA
103722,"2014",NA,NA
103722,"2006",2395,1582
103722,"2005",957,627
103722,"2007",NA,NA
103722,"2013",NA,NA
103722,"2002",NA,NA
103722,"2012",711,450
103722,"2008",2035,1374
103737,"2005",223,147
103737,"2006",510,344
103737,"2002",NA,NA
103737,"2003",67,45
103747,"2009",NA,NA
103747,"2011",NA,NA
103747,"2008",142,99
103747,"2006",49,37
103747,"2007",207,159
103747,"2010",92,67
103761,"2004",84,56
103761,"2007",122,76
103761,"2008",NA,NA
103761,"2006",NA,NA
103761,"2005",143,100
103763,"2008",139,91
103794,"2007",NA,NA
103794,"2006",835,666
103794,"2011",505,389
103794,"2008",1133,852
103794,"2015",NA,NA
103794,"2010",NA,NA
103794,"2016",1165,821
103794,"2014",2275,1685
103794,"2012",1042,748
103794,"2013",1344,983
103794,"2017",NA,NA
103794,"2009",1335,1022
103823,"2006",754,511
103823,"2009",457,275
103823,"2008",NA,NA
103823,"2012",92,61
103823,"2011",578,374
103823,"2002",NA,NA
103823,"2007",NA,NA
103823,"2005",161,108
103850,"2008",282,184
103850,"2009",139,97
103850,"2011",NA,NA
103868,"2008",904,666
103868,"2006",363,274
103868,"2007",NA,NA
103868,"2011",135,95
103868,"2010",425,293
103868,"2004",NA,NA
103868,"2005",190,127
103868,"2009",1476,1073
103868,"2012",71,56
103893,"2014",1012,702
103893,"2017",NA,NA
103893,"2011",218,145
103893,"2010",NA,NA
103893,"2016",2300,1621
103893,"2015",NA,NA
103893,"2007",120,75
103893,"2012",1238,805
103893,"2013",NA,NA
103893,"2019",948,694
103893,"2006",NA,NA
103893,"2009",NA,NA
103893,"2021",NA,NA
103893,"2018",1129,796
103893,"2020",198,135
103898,"2004",1376,938
103898,"2018",1062,757
103898,"2006",2593,1736
103898,"2014",NA,NA
103898,"2009",2911,2026
103898,"2002",NA,NA
103898,"2013",NA,NA
103898,"2001",82,55
103898,"2016",1047,734
103898,"2008",NA,NA
103898,"2015",233,167
103898,"2017",1219,910
103898,"2005",1046,674
103898,"2003",423,256
103898,"2011",2096,1491
103898,"2012",NA,NA
103898,"2010",NA,NA
103898,"2007",2446,1624
103917,"2019",484,350
103917,"2006",1366,982
103917,"2010",813,645
103917,"2011",NA,NA
103917,"2016",1978,1471
103917,"2017",1688,1203
103917,"2003",456,329
103917,"2018",659,469
103917,"2021",NA,NA
103917,"2009",364,285
103917,"2012",1793,1294
103917,"2007",1964,1468
103917,"2001",295,209
103917,"2015",NA,NA
103917,"2002",NA,NA
103917,"2005",255,198
103917,"2000",NA,NA
103917,"2008",2095,1535
103917,"2013",1113,870
103917,"2004",NA,NA
103917,"2014",1583,1146
104023,"2011",91,63
104025,"2006",244,177
104025,"2008",762,565
104025,"2012",NA,NA
104025,"2005",205,142
104025,"2004",299,203
104025,"2009",569,415
104025,"2011",NA,NA
104025,"2010",NA,NA
104025,"2003",277,200
104025,"2007",1529,1116
104035,"2010",NA,NA
104035,"2012",535,358
104035,"2005",649,477
104035,"2008",1718,1244
104035,"2006",540,364
104035,"2011",NA,NA
104035,"2013",341,231
104035,"2004",NA,NA
104035,"2007",NA,NA
104035,"2009",707,491
104035,"2003",NA,NA
104043,"2016",NA,NA
104043,"2010",NA,NA
104043,"2008",152,95
104043,"2005",237,160
104043,"2007",NA,NA
104043,"2001",397,258
104043,"2013",NA,NA
104043,"2014",NA,NA
104043,"2003",361,229
104043,"2004",1002,624
104043,"2002",193,121
104068,"2003",NA,NA
104068,"2002",782,513
104068,"2011",296,194
104068,"2005",2806,2003
104068,"2010",1297,876
104068,"2006",NA,NA
104068,"2008",NA,NA
104068,"2007",1683,1157
104068,"2013",169,106
104068,"2009",1745,1208
104068,"2014",484,315
104068,"2001",374,253
104068,"2004",NA,NA
104068,"2012",301,198
104091,"2008",191,129
104149,"2008",100,71
104166,"2001",NA,NA
104166,"2003",676,448
104166,"2012",NA,NA
104166,"2011",2733,1829
104166,"2009",245,151
104166,"2005",NA,NA
104166,"2008",NA,NA
104166,"2004",1342,877
104166,"2013",NA,NA
104166,"2006",308,195
104166,"2010",NA,NA
104166,"2014",415,235
104166,"2002",191,125
104167,"2009",292,201
104167,"2004",NA,NA
104167,"2005",125,79
104167,"2006",90,58
104173,"2006",138,87
104173,"2007",139,96
104173,"2008",511,338
104196,"2001",59,38
104196,"2002",NA,NA
104196,"2006",250,184
104198,"2014",2420,1681
104198,"2009",2466,1709
104198,"2008",NA,NA
104198,"2013",NA,NA
104198,"2016",2373,1681
104198,"2010",2535,1801
104198,"2017",828,572
104198,"2004",564,377
104198,"2018",1986,1414
104198,"2011",2195,1519
104198,"2005",2152,1409
104198,"2019",688,472
104198,"2007",1827,1239
104198,"2006",1753,1173
104198,"2015",NA,NA
104198,"2012",2156,1462
104198,"2003",NA,NA
104216,"2009",NA,NA
104216,"2013",131,96
104216,"2015",NA,NA
104216,"2008",499,316
104216,"2014",403,261
104216,"2016",313,192
104216,"2011",882,533
104216,"2012",NA,NA
104216,"2010",625,388
104216,"2007",NA,NA
104216,"2017",152,97
104224,"2005",111,83
104224,"2006",78,56
104230,"2008",135,80
104230,"2009",1543,990
104230,"2007",70,46
104230,"2003",NA,NA
104230,"2005",204,134
104230,"2010",NA,NA
104230,"2004",190,115
104256,"2012",119,84
104262,"2006",NA,NA
104262,"2011",765,451
104262,"2012",2079,1263
104262,"2009",NA,NA
104262,"2010",NA,NA
104262,"2008",810,488
104262,"2013",466,256
104262,"2007",128,73
104269,"2022",849,566
104269,"2017",2891,2021
104269,"2002",153,87
104269,"2007",NA,NA
104269,"2008",NA,NA
104269,"2015",2819,2080
104269,"2014",2622,1878
104269,"2004",2613,1820
104269,"2019",2829,2034
104269,"2016",2710,1956
104269,"2020",657,460
104269,"2023",NA,NA
104269,"2005",NA,NA
104269,"2012",2761,1940
104269,"2010",NA,NA
104269,"2011",NA,NA
104269,"2018",3190,2298
104269,"2006",NA,NA
104269,"2021",490,307
104269,"2013",NA,NA
104269,"2003",NA,NA
104269,"2009",NA,NA
104273,"2011",926,627
104273,"2009",298,204
104273,"2007",753,502
104273,"2013",2676,1874
104273,"2010",452,307
104273,"2008",316,202
104273,"2004",142,89
104273,"2012",1899,1351
104273,"2015",914,641
104273,"2014",2507,1764
104273,"2016",307,188
104291,"2017",1613,1165
104291,"2011",NA,NA
104291,"2023",NA,NA
104291,"2015",1396,997
104291,"2019",997,663
104291,"2022",156,107
104291,"2012",871,597
104291,"2003",NA,NA
104291,"2004",NA,NA
104291,"2021",214,132
104291,"2014",673,479
104291,"2016",1906,1402
104291,"2013",NA,NA
104291,"2020",NA,NA
104291,"2018",1966,1406
104291,"2008",NA,NA
104314,"2009",819,550
104314,"2011",424,289
104314,"2008",406,271
104314,"2010",394,276
104330,"2012",643,475
104330,"2016",NA,NA
104330,"2009",649,504
104330,"2006",NA,NA
104330,"2004",167,126
104330,"2005",229,175
104330,"2003",50,39
104330,"2011",197,139
104330,"2013",815,576
104330,"2007",139,99
104330,"2008",237,169
104330,"2002",NA,NA
104330,"2010",1071,771
104330,"2017",141,109
104330,"2014",463,324
104330,"2015",754,569
104332,"2007",NA,NA
104332,"2009",1864,1379
104332,"2012",NA,NA
104332,"2014",135,104
104332,"2013",306,207
104332,"2008",823,617
104332,"2003",157,129
104332,"2011",NA,NA
104332,"2010",1794,1337
104332,"2005",NA,NA
104332,"2004",84,53
104460,"2013",401,300
104460,"2011",683,506
104460,"2015",NA,NA
104460,"2003",NA,NA
104460,"2017",1284,913
104460,"2018",NA,NA
104460,"2016",1375,989
104460,"2019",194,142
104460,"2014",1337,991
104460,"2010",735,572
104460,"2021",NA,NA
104460,"2012",518,384
104515,"2008",153,85
104515,"2007",309,192
104515,"2009",81,54
104515,"2006",132,82
104547,"2016",914,658
104547,"2009",572,401
104547,"2012",606,412
104547,"2015",276,189
104547,"2014",658,479
104547,"2018",1390,998
104547,"2017",2159,1552
104547,"2013",NA,NA
104547,"2011",544,401
104547,"2010",NA,NA
104548,"2012",1328,896
104548,"2004",398,278
104548,"2002",NA,NA
104548,"2016",676,488
104548,"2005",302,219
104548,"2013",379,257
104548,"2003",NA,NA
104593,"2012",897,617
104593,"2015",1459,1015
104593,"2016",824,550
104593,"2009",1451,992
104593,"2011",1427,982
104593,"2018",NA,NA
104593,"2005",NA,NA
104593,"2014",1278,892
104593,"2006",278,188
104593,"2010",1846,1327
104593,"2004",NA,NA
104593,"2013",1896,1336
104593,"2017",NA,NA
104593,"2008",580,410
104628,"2014",120,91
104628,"2013",69,49
104628,"2010",NA,NA
104628,"2016",NA,NA
104628,"2012",NA,NA
104628,"2011",64,49
104628,"2015",NA,NA
104628,"2007",84,62
104628,"2008",225,169
104629,"2015",262,183
104629,"2012",NA,NA
104629,"2018",332,216
104629,"2013",NA,NA
104629,"2019",159,105
104629,"2017",295,206
104633,"2011",85,58
104651,"2014",159,113
104651,"2013",763,494
104665,"2014",NA,NA
104665,"2018",695,442
104665,"2023",NA,NA
104665,"2016",418,274
104665,"2019",NA,NA
104665,"2008",584,370
104665,"2015",NA,NA
104665,"2020",762,504
104665,"2021",NA,NA
104665,"2012",2312,1486
104665,"2013",2268,1474
104665,"2007",266,170
104665,"2009",615,374
104665,"2011",2282,1477
104665,"2010",822,527
104665,"2022",1111,700
104672,"2018",83,59
104672,"2009",NA,NA
104672,"2011",NA,NA
104672,"2016",322,222
104672,"2017",435,289
104672,"2014",183,117
104672,"2012",60,40
104672,"2015",NA,NA
104714,"2012",109,73
104714,"2010",710,476
104714,"2006",NA,NA
104714,"2015",168,108
104714,"2011",485,324
104714,"2007",NA,NA
104714,"2013",661,424
104714,"2014",670,439
104717,"2004",NA,NA
104717,"2005",NA,NA
104717,"2009",385,263
104717,"2010",179,137
104717,"2008",367,261
104719,"2007",187,122
104719,"2006",NA,NA
104719,"2008",1515,1017
104719,"2017",1020,675
104719,"2014",2121,1466
104719,"2015",1507,1050
104719,"2019",874,648
104719,"2011",2224,1537
104719,"2016",NA,NA
104719,"2018",404,280
104719,"2013",NA,NA
104719,"2010",1994,1363
104719,"2009",1899,1285
104719,"2012",NA,NA
104721,"2010",365,290
104721,"2013",NA,NA
104721,"2009",535,378
104721,"2008",267,199
104731,"2016",1781,1374
104731,"2009",417,304
104731,"2012",NA,NA
104731,"2022",316,249
104731,"2015",3641,2896
104731,"2007",NA,NA
104731,"2013",3097,2352
104731,"2014",NA,NA
104731,"2018",NA,NA
104731,"2020",1072,820
104731,"2019",631,491
104731,"2008",NA,NA
104731,"2017",2820,2229
104731,"2011",NA,NA
104731,"2010",1705,1285
104731,"2021",1388,1105
104731,"2023",184,140
104735,"2013",NA,NA
104735,"2010",685,452
104735,"2008",NA,NA
104735,"2019",NA,NA
104735,"2016",441,287
104735,"2007",NA,NA
104735,"2017",178,128
104735,"2011",1599,1054
104735,"2014",NA,NA
104735,"2015",285,177
104735,"2012",1120,695
104812,"2009",91,59
104812,"2005",369,254
104812,"2007",257,173
104812,"2008",NA,NA
104812,"2006",252,165
104812,"2004",NA,NA
104851,"2013",NA,NA
104851,"2006",32,17
104851,"2008",338,235
104851,"2011",85,67
104851,"2005",NA,NA
104871,"2017",NA,NA
104871,"2012",1951,1452
104871,"2019",2740,2036
104871,"2023",283,174
104871,"2016",1782,1333
104871,"2013",2574,1917
104871,"2015",2754,2056
104871,"2008",1145,873
104871,"2020",403,281
104871,"2010",2335,1704
104871,"2006",203,129
104871,"2007",NA,NA
104871,"2009",NA,NA
104871,"2014",2673,2042
104871,"2011",NA,NA
104871,"2018",2557,1912
104871,"2021",NA,NA
104897,"2015",329,232
104897,"2007",118,80
104897,"2014",327,246
104897,"2013",273,193
104897,"2008",NA,NA
104897,"2021",NA,NA
104897,"2012",1238,899
104897,"2016",NA,NA
104897,"2018",451,313
104897,"2011",641,464
104897,"2019",375,263
104897,"2010",155,115
104932,"2015",823,567
104932,"2014",1272,933
104932,"2018",NA,NA
104932,"2016",392,255
104932,"2017",503,350
104932,"2013",NA,NA
104932,"2011",NA,NA
104932,"2012",235,181
104948,"2010",90,68
104976,"2011",1624,1071
104976,"2009",470,299
104976,"2005",NA,NA
104976,"2007",296,218
104976,"2012",865,640
104976,"2013",NA,NA
104976,"2006",176,115
104976,"2008",198,131
104976,"2010",785,479
104978,"2010",1484,1055
104978,"2007",93,81
104978,"2011",817,562
104978,"2017",268,187
104978,"2019",103,69
104978,"2015",103,78
104978,"2013",NA,NA
104978,"2012",864,668
104978,"2018",NA,NA
104978,"2009",692,524
104978,"2008",213,160
104978,"2014",NA,NA
104978,"2016",374,274
104999,"2015",844,591
104999,"2013",481,322
104999,"2017",3324,2377
104999,"2021",NA,NA
104999,"2011",964,580
104999,"2010",NA,NA
104999,"2016",1179,854
104999,"2012",NA,NA
104999,"2018",2095,1511
104999,"2006",335,243
104999,"2008",NA,NA
104999,"2007",784,540
104999,"2019",636,416
104999,"2009",2055,1412
104999,"2020",106,73
105023,"2006",768,581
105023,"2016",2448,1957
105023,"2009",NA,NA
105023,"2022",657,516
105023,"2011",1315,965
105023,"2018",2272,1863
105023,"2013",NA,NA
105023,"2010",NA,NA
105023,"2017",NA,NA
105023,"2007",1900,1499
105023,"2014",NA,NA
105023,"2012",NA,NA
105023,"2008",NA,NA
105023,"2019",2059,1661
105023,"2021",NA,NA
105023,"2020",478,379
105023,"2015",2039,1594
105028,"2013",961,643
105028,"2008",NA,NA
105028,"2010",272,173
105028,"2011",NA,NA
105028,"2006",NA,NA
105028,"2007",169,111
105028,"2012",1235,843
105028,"2009",745,530
105032,"2015",NA,NA
105032,"2016",900,683
105032,"2008",94,82
105032,"2009",143,98
105032,"2014",NA,NA
105032,"2013",344,263
105032,"2017",340,268
105051,"2016",NA,NA
105051,"2012",NA,NA
105051,"2013",NA,NA
105051,"2024",NA,NA
105051,"2017",763,540
105051,"2021",474,341
105051,"2019",1026,740
105051,"2010",133,96
105051,"2014",1081,736
105051,"2022",NA,NA
105051,"2011",891,634
105051,"2015",396,284
105051,"2018",2008,1457
105065,"2017",341,230
105065,"2015",858,550
105065,"2014",866,576
105065,"2010",270,158
105065,"2012",418,287
105065,"2016",918,633
105065,"2018",984,663
105065,"2013",1126,770
105065,"2011",487,301
105065,"2008",NA,NA
105065,"2019",149,100
105077,"2017",3508,2391
105077,"2018",2434,1688
105077,"2021",2510,1712
105077,"2011",1407,963
105077,"2016",3357,2292
105077,"2012",NA,NA
105077,"2020",1227,796
105077,"2023",2151,1423
105077,"2024",494,301
105077,"2022",NA,NA
105077,"2015",1837,1247
105077,"2010",310,194
105077,"2019",2374,1635
105077,"2013",NA,NA
105077,"2014",1508,989
105113,"2017",148,107
105113,"2012",74,48
105113,"2014",NA,NA
105128,"2011",105,74
105128,"2013",110,66
105137,"2007",68,40
105137,"2015",NA,NA
105137,"2016",NA,NA
105137,"2010",937,619
105137,"2012",304,185
105137,"2013",NA,NA
105137,"2011",1275,869
105137,"2009",212,149
105137,"2014",NA,NA
105154,"2010",227,152
105154,"2014",193,138
105154,"2017",145,116
105154,"2015",NA,NA
105154,"2016",118,95
105154,"2013",174,134
105154,"2011",686,469
105154,"2012",NA,NA
105173,"2015",NA,NA
105173,"2014",1906,1291
105173,"2023",NA,NA
105173,"2022",NA,NA
105173,"2020",1468,1040
105173,"2016",2482,1747
105173,"2008",247,169
105173,"2011",1897,1270
105173,"2019",2335,1645
105173,"2021",1757,1224
105173,"2024",NA,NA
105173,"2010",326,223
105173,"2018",2917,2020
105173,"2017",2809,1930
105173,"2013",1287,892
105173,"2009",NA,NA
105173,"2012",306,201
105181,"2017",145,99
105332,"2014",1269,955
105332,"2016",2348,1694
105332,"2010",319,234
105332,"2024",249,184
105332,"2023",NA,NA
105332,"2018",2514,1919
105332,"2013",2510,1859
105332,"2019",2600,2014
105332,"2011",657,470
105332,"2012",2418,1763
105332,"2020",1113,839
105332,"2021",1824,1337
105332,"2017",2529,1911
105332,"2015",1828,1337
105332,"2022",1181,864
105357,"2016",2195,1465
105357,"2019",2282,1593
105357,"2010",NA,NA
105357,"2011",NA,NA
105357,"2022",1368,901
105357,"2023",275,189
105357,"2015",697,489
105357,"2012",119,84
105357,"2018",2056,1422
105357,"2017",565,369
105357,"2020",1697,1186
105357,"2013",224,145
105357,"2021",NA,NA
105359,"2017",NA,NA
105359,"2022",NA,NA
105359,"2023",110,65
105359,"2018",303,192
105359,"2021",225,159
105359,"2020",445,291
105359,"2019",NA,NA
105376,"2010",NA,NA
105376,"2018",1980,1504
105376,"2019",1284,910
105376,"2012",NA,NA
105376,"2017",972,754
105376,"2013",323,235
105376,"2015",152,109
105376,"2014",NA,NA
105376,"2022",NA,NA
105376,"2021",1023,775
105376,"2016",159,122
105376,"2020",231,168
105379,"2013",1224,872
105379,"2017",1659,1246
105379,"2012",NA,NA
105379,"2015",1424,1076
105379,"2018",NA,NA
105379,"2014",468,349
105379,"2020",1016,795
105379,"2010",NA,NA
105379,"2011",NA,NA
105379,"2022",NA,NA
105379,"2016",1539,1134
105379,"2019",NA,NA
105379,"2021",1298,979
105406,"2021",128,88
105406,"2017",NA,NA
105406,"2020",120,89
105430,"2009",NA,NA
105430,"2016",935,577
105430,"2021",1078,707
105430,"2017",1498,993
105430,"2019",2792,1872
105430,"2024",646,428
105430,"2023",934,615
105430,"2018",1945,1271
105430,"2022",1032,725
105430,"2015",NA,NA
105430,"2012",NA,NA
105430,"2020",NA,NA
105430,"2013",NA,NA
105430,"2014",NA,NA
105432,"2017",96,80
105432,"2018",312,209
105432,"2023",NA,NA
105432,"2020",269,184
105432,"2022",NA,NA
105432,"2019",809,549
105432,"2021",120,91
105449,"2011",NA,NA
105449,"2017",NA,NA
105449,"2021",1142,851
105449,"2020",798,579
105449,"2010",NA,NA
105449,"2015",NA,NA
105449,"2012",454,341
105449,"2014",NA,NA
105449,"2019",1664,1223
105449,"2023",297,216
105449,"2013",775,566
105449,"2024",NA,NA
105449,"2016",2753,2064
105449,"2018",2327,1740
105449,"2022",NA,NA
105472,"2013",130,94
105477,"2019",150,100
105477,"2023",NA,NA
105477,"2018",376,251
105477,"2020",NA,NA
105477,"2021",263,193
105477,"2022",NA,NA
105477,"2024",314,209
105477,"2012",78,47
105477,"2016",383,253
105477,"2013",100,64
105477,"2017",204,128
105487,"2021",NA,NA
105487,"2022",1095,726
105487,"2024",395,270
105487,"2015",234,150
105487,"2012",131,90
105487,"2014",368,250
105487,"2011",NA,NA
105487,"2019",260,162
105487,"2017",793,544
105487,"2018",315,223
105487,"2020",239,150
105487,"2016",711,464
105487,"2023",NA,NA
105512,"2016",107,66
105512,"2015",75,63
105512,"2021",NA,NA
105526,"2018",2325,1786
105526,"2020",1248,950
105526,"2017",2425,1880
105526,"2015",NA,NA
105526,"2016",1391,1056
105526,"2023",1818,1365
105526,"2022",NA,NA
105526,"2014",1395,1027
105526,"2019",2778,2200
105526,"2013",653,466
105526,"2024",NA,NA
105526,"2021",NA,NA
105542,"2015",126,84
105550,"2019",3381,2323
105550,"2020",978,676
105550,"2021",1310,825
105550,"2012",NA,NA
105550,"2015",321,228
105550,"2017",NA,NA
105550,"2013",918,614
105550,"2016",2439,1683
105550,"2014",314,232
105550,"2023",1370,912
105550,"2018",NA,NA
105558,"2013",NA,NA
105558,"2011",123,87
105558,"2010",335,228
105558,"2012",656,452
105558,"2009",96,71
105561,"2023",NA,NA
105561,"2012",250,150
105561,"2014",NA,NA
105561,"2016",142,95
105561,"2017",868,567
105561,"2022",NA,NA
105561,"2011",150,100
105561,"2019",232,153
105561,"2021",203,135
105561,"2018",92,71
105577,"2014",NA,NA
105577,"2020",1260,976
105577,"2008",NA,NA
105577,"2015",NA,NA
105577,"2013",NA,NA
105577,"2022",NA,NA
105577,"2011",NA,NA
105577,"2023",170,127
105577,"2021",1106,834
105577,"2019",673,523
105577,"2018",1190,880
105577,"2012",NA,NA
105577,"2024",46,35
105577,"2017",992,753
105577,"2016",1509,1115
105643,"2018",1465,1003
105643,"2022",1567,1036
105643,"2017",956,659
105643,"2020",1121,769
105643,"2021",NA,NA
105643,"2013",940,672
105643,"2009",NA,NA
105643,"2014",2197,1558
105643,"2015",NA,NA
105643,"2010",NA,NA
105643,"2011",182,130
105643,"2012",608,432
105643,"2016",2531,1811
105643,"2019",1784,1199
105643,"2023",130,83
105649,"2016",NA,NA
105649,"2011",366,229
105649,"2012",NA,NA
105649,"2017",603,378
105649,"2019",800,541
105649,"2018",NA,NA
105649,"2013",123,74
105649,"2021",211,138
105649,"2022",109,89
105649,"2020",254,175
105650,"2016",137,95
105655,"2022",142,88
105655,"2016",NA,NA
105655,"2015",205,137
105655,"2014",NA,NA
105655,"2012",219,144
105677,"2016",89,53
105678,"2014",160,90
105732,"2020",990,720
105732,"2022",203,148
105732,"2014",630,494
105732,"2013",176,127
105732,"2019",2077,1492
105732,"2017",1452,1075
105732,"2016",1028,779
105732,"2018",2651,1940
105732,"2023",213,162
105732,"2015",595,458
105732,"2024",236,177
105732,"2021",1174,861
105807,"2013",654,425
105807,"2015",1882,1307
105807,"2011",NA,NA
105807,"2019",2954,2099
105807,"2021",NA,NA
105807,"2017",NA,NA
105807,"2014",NA,NA
105807,"2023",308,227
105807,"2016",3010,2120
105807,"2022",NA,NA
105807,"2018",2841,1903
105807,"2020",1807,1259
105807,"2024",766,520
105815,"2018",1862,1371
105815,"2021",NA,NA
105815,"2019",1577,1163
105815,"2017",359,257
105815,"2020",1335,991
105815,"2022",NA,NA
105815,"2024",NA,NA
105819,"2023",135,94
105819,"2019",1013,684
105819,"2018",489,337
105819,"2024",NA,NA
105819,"2016",NA,NA
105819,"2015",68,47
105819,"2012",NA,NA
105819,"2017",140,104
105826,"2015",92,64
105870,"2019",NA,NA
105870,"2021",NA,NA
105870,"2020",389,278
105870,"2024",2066,1417
105870,"2023",NA,NA
105870,"2022",597,421
105870,"2018",446,322
105870,"2017",629,430
105874,"2016",NA,NA
105874,"2013",149,116
105874,"2012",168,134
105874,"2014",258,207
105881,"2017",99,81
105881,"2016",378,307
105882,"2020",784,580
105882,"2018",503,383
105882,"2021",1395,975
105882,"2023",NA,NA
105882,"2017",248,181
105882,"2022",413,281
105882,"2014",NA,NA
105882,"2019",520,399
105902,"2023",329,225
105902,"2015",1090,795
105902,"2021",NA,NA
105902,"2020",609,437
105902,"2012",246,174
105902,"2018",392,284
105902,"2022",1085,786
105902,"2014",457,318
105902,"2013",686,507
105902,"2019",NA,NA
105902,"2024",1172,864
105902,"2017",NA,NA
105902,"2016",603,444
105948,"2022",1631,1044
105948,"2023",1049,643
105948,"2024",1109,703
105948,"2018",96,63
105948,"2021",NA,NA
105948,"2020",947,581
105952,"2022",NA,NA
105952,"2021",NA,NA
105952,"2020",232,154
105952,"2018",NA,NA
105952,"2017",1072,682
105952,"2015",182,130
105952,"2016",967,665
105952,"2014",90,65
105963,"2017",366,242
105963,"2019",NA,NA
105963,"2015",70,44
105992,"2020",122,87
105992,"2008",53,37
105992,"2019",369,280
105992,"2015",NA,NA
105992,"2017",NA,NA
105992,"2012",NA,NA
105992,"2014",703,488
105992,"2011",1521,1049
105992,"2018",NA,NA
105992,"2021",NA,NA
105992,"2016",1076,807
105992,"2013",1637,1161
105992,"2010",674,473
106034,"2022",NA,NA
106034,"2014",NA,NA
106034,"2015",NA,NA
106034,"2024",141,109
106034,"2018",145,120
106034,"2019",204,145
106034,"2020",434,307
106034,"2021",709,493
106034,"2017",153,119
106034,"2013",NA,NA
106044,"2022",NA,NA
106044,"2021",NA,NA
106044,"2018",962,641
106044,"2017",1047,693
106044,"2016",174,107
106045,"2014",417,266
106045,"2020",NA,NA
106045,"2019",1440,988
106045,"2012",487,328
106045,"2022",1192,816
106045,"2017",88,62
106045,"2023",NA,NA
106045,"2018",1261,941
106045,"2016",1199,840
106045,"2011",175,112
106045,"2024",157,109
106045,"2021",967,701
106045,"2010",94,60
106045,"2013",748,517
106045,"2015",NA,NA
106058,"2017",NA,NA
106058,"2021",619,462
106058,"2016",2794,2091
106058,"2023",290,211
106058,"2014",2021,1536
106058,"2012",580,418
106058,"2022",NA,NA
106058,"2019",NA,NA
106058,"2010",NA,NA
106058,"2011",146,98
106058,"2018",NA,NA
106058,"2020",390,275
106058,"2015",NA,NA
106058,"2013",997,746
106065,"2020",1165,782
106065,"2015",NA,NA
106065,"2023",1193,779
106065,"2022",632,404
106065,"2018",NA,NA
106065,"2019",NA,NA
106065,"2021",1913,1308
106065,"2013",NA,NA
106065,"2014",NA,NA
106065,"2017",275,179
106065,"2016",590,400
106075,"2016",716,475
106075,"2017",445,286
106075,"2020",327,218
106075,"2019",457,305
106075,"2021",549,359
106075,"2018",609,440
106075,"2022",235,140
106075,"2023",NA,NA
106075,"2024",462,311
106099,"2017",NA,NA
106099,"2019",604,374
106099,"2022",NA,NA
106099,"2021",1118,725
106099,"2020",967,655
106099,"2018",268,185
106099,"2016",NA,NA
106109,"2022",NA,NA
106109,"2020",342,232
106109,"2023",96,77
106109,"2024",248,174
106109,"2021",621,426
106109,"2018",484,338
106109,"2017",NA,NA
106109,"2019",360,266
106109,"2015",NA,NA
106120,"2018",276,166
106121,"2015",NA,NA
106121,"2018",1741,1165
106121,"2024",1585,1054
106121,"2017",883,567
106121,"2020",252,176
106121,"2023",1258,835
106121,"2016",1346,895
106121,"2022",1518,1079
106121,"2014",NA,NA
106121,"2021",NA,NA
106121,"2019",1428,937
106137,"2021",87,52
106137,"2016",184,109
106137,"2017",NA,NA
106137,"2019",99,68
106148,"2019",1928,1290
106148,"2024",2534,1713
106148,"2014",327,197
106148,"2018",1552,1102
106148,"2020",731,449
106148,"2017",217,160
106148,"2021",NA,NA
106148,"2022",1501,980
106148,"2023",2016,1361
106148,"2016",643,438
106148,"2015",147,95
106148,"2013",NA,NA
106162,"2022",273,171
106186,"2022",NA,NA
106186,"2010",NA,NA
106186,"2018",350,234
106186,"2021",103,71
106186,"2014",108,72
106186,"2019",NA,NA
106186,"2024",193,122
106186,"2023",1364,970
106214,"2023",NA,NA
106214,"2021",622,466
106214,"2022",NA,NA
106214,"2020",147,103
106214,"2018",153,118
106214,"2024",NA,NA
106214,"2019",192,136
106216,"2018",303,211
106216,"2022",NA,NA
106216,"2021",311,230
106216,"2015",NA,NA
106216,"2016",729,476
106216,"2023",NA,NA
106216,"2019",429,306
106216,"2017",959,649
106218,"2014",NA,NA
106218,"2022",2126,1496
106218,"2024",2442,1784
106218,"2023",2570,1871
106218,"2020",994,685
106218,"2018",80,50
106218,"2019",315,214
106218,"2021",NA,NA
106225,"2017",189,148
106225,"2016",72,51
106234,"2016",NA,NA
106234,"2023",2002,1510
106234,"2015",102,63
106234,"2021",NA,NA
106234,"2020",230,171
106234,"2024",660,452
106234,"2022",2374,1633
106234,"2013",NA,NA
106234,"2014",NA,NA
106249,"2019",NA,NA
106249,"2015",NA,NA
106249,"2020",146,87
106249,"2018",170,103
106249,"2017",187,123
106261,"2016",391,280
106261,"2017",174,128
106261,"2012",132,101
106261,"2015",NA,NA
106283,"2019",NA,NA
106283,"2020",119,78
106283,"2021",NA,NA
106283,"2024",395,281
106283,"2023",86,59
106283,"2014",NA,NA
106283,"2022",412,296
106283,"2017",182,119
106283,"2018",173,120
106290,"2014",116,86
106290,"2015",NA,NA
106290,"2013",100,66
106296,"2021",375,258
106296,"2017",NA,NA
106296,"2022",283,212
106296,"2023",2290,1618
106296,"2020",746,528
106296,"2024",626,417
106296,"2018",NA,NA
106296,"2016",NA,NA
106296,"2019",732,514
106298,"2018",2411,1801
106298,"2016",NA,NA
106298,"2024",NA,NA
106298,"2019",2223,1620
106298,"2023",91,62
106298,"2013",221,144
106298,"2015",1105,770
106298,"2017",2721,2046
106298,"2022",454,324
106298,"2021",904,634
106298,"2014",300,199
106328,"2021",169,126
106328,"2013",126,93
106328,"2016",NA,NA
106328,"2017",NA,NA
106328,"2022",114,74
106328,"2018",163,117
106329,"2019",NA,NA
106329,"2017",2164,1499
106329,"2022",NA,NA
106329,"2020",1073,792
106329,"2016",619,416
106329,"2018",1042,761
106329,"2023",NA,NA
106329,"2021",NA,NA
106329,"2024",1294,953
106331,"2020",239,165
106331,"2023",2189,1597
106331,"2017",NA,NA
106331,"2022",1053,744
106331,"2024",1761,1298
106331,"2021",860,641
106361,"2016",327,231
106361,"2018",187,130
106361,"2017",292,197
106390,"2015",90,63
106398,"2019",100,78
106398,"2022",758,539
106398,"2023",NA,NA
106398,"2024",893,556
106398,"2020",71,45
106398,"2018",NA,NA
106398,"2016",NA,NA
106415,"2018",1183,733
106415,"2021",NA,NA
106415,"2016",978,663
106415,"2023",2149,1402
106415,"2020",1417,915
106415,"2024",NA,NA
106415,"2022",1923,1233
106415,"2015",366,219
106415,"2019",NA,NA
106415,"2014",NA,NA
106415,"2017",856,551
106420,"2017",271,181
106421,"2024",3477,2543
106421,"2016",452,317
106421,"2020",1709,1332
106421,"2018",NA,NA
106421,"2017",NA,NA
106421,"2022",3206,2447
106421,"2023",NA,NA
106421,"2019",3403,2578
106421,"2021",NA,NA
109303,"2023",NA,NA
109303,"2017",164,110
109303,"2024",273,193
109686,"2023",134,91
110602,"2023",NA,NA
110602,"2019",NA,NA
110602,"2017",146,100
110602,"2015",143,101
110602,"2022",NA,NA
110602,"2021",839,558
110602,"2020",1006,672
110602,"2013",NA,NA
110602,"2016",238,154
110602,"2018",715,480
110748,"2022",162,104
110748,"2019",63,37
110748,"2014",87,64
110748,"2021",105,71
110748,"2020",206,151
111153,"2016",NA,NA
111153,"2017",260,178
111153,"2015",NA,NA
111153,"2023",2581,1907
111153,"2022",572,432
111153,"2019",455,354
111153,"2020",NA,NA
111153,"2018",NA,NA
111153,"2021",286,200
111153,"2024",1702,1230
111197,"2018",128,98
111202,"2019",750,540
111202,"2013",NA,NA
111202,"2017",2082,1504
111202,"2016",984,652
111202,"2015",NA,NA
111202,"2014",NA,NA
111202,"2018",2244,1568
111442,"2023",1849,1373
111442,"2014",NA,NA
111442,"2021",2021,1464
111442,"2022",NA,NA
111442,"2019",2603,1858
111442,"2016",627,468
111442,"2024",NA,NA
111442,"2018",762,488
111442,"2017",1539,1060
111442,"2020",1201,850
111442,"2015",NA,NA
111456,"2022",2874,1976
111456,"2016",NA,NA
111456,"2023",NA,NA
111456,"2021",NA,NA
111456,"2024",950,624
111456,"2019",1116,755
111456,"2018",1340,948
111456,"2013",NA,NA
111456,"2020",695,455
111460,"2022",756,594
111460,"2017",437,327
111460,"2024",988,798
111460,"2018",290,224
111460,"2015",NA,NA
111460,"2021",NA,NA
111460,"2023",1621,1295
111460,"2019",NA,NA
111460,"2016",527,382
111460,"2020",NA,NA
111575,"2020",1991,1440
111575,"2018",3424,2618
111575,"2013",NA,NA
111575,"2017",2827,2078
111575,"2024",2998,2237
111575,"2023",2555,1888
111575,"2016",1060,786
111575,"2014",NA,NA
111575,"2019",3068,2234
111575,"2022",NA,NA
111575,"2015",NA,NA
111575,"2021",NA,NA
111577,"2014",NA,NA
111577,"2018",1397,1021
111577,"2019",103,69
111577,"2016",657,480
111577,"2017",NA,NA
111577,"2015",425,330
111581,"2021",317,208
111581,"2020",406,267
111581,"2019",NA,NA
111581,"2018",787,557
111581,"2017",NA,NA
111581,"2023",1412,1000
111581,"2022",NA,NA
111581,"2024",362,265
111581,"2016",NA,NA
111815,"2022",NA,NA
111815,"2021",3760,2676
111815,"2023",3244,2281
111815,"2024",NA,NA
111815,"2017",241,155
111815,"2018",2031,1447
111815,"2019",2287,1565
111815,"2020",1237,823
117358,"2021",89,62
117360,"2019",194,130
117360,"2024",NA,NA
117360,"2021",505,334
117360,"2017",NA,NA
117360,"2020",528,334
117360,"2023",66,46
120424,"2017",128,90
120424,"2019",506,318
120424,"2016",NA,NA
120424,"2020",NA,NA
120424,"2018",736,461
120798,"2016",160,106
122298,"2023",2532,1763
122298,"2024",2165,1522
122298,"2021",1504,1124
122298,"2022",NA,NA
122298,"2019",NA,NA
122330,"2024",NA,NA
122330,"2022",NA,NA
122330,"2018",223,154
122330,"2017",283,212
122330,"2020",1331,1013
122330,"2023",NA,NA
122330,"2016",167,120
122330,"2021",NA,NA
122330,"2019",1634,1233
122554,"2024",114,74
123755,"2020",426,288
123755,"2018",265,182
123755,"2015",100,78
123755,"2019",335,229
123755,"2023",NA,NA
123755,"2021",NA,NA
123755,"2022",NA,NA
123755,"2024",1285,848
123828,"2016",NA,NA
123828,"2023",328,209
123828,"2024",351,240
123896,"2023",90,66
123961,"2024",52,33
123961,"2022",NA,NA
123961,"2021",88,58
124014,"2023",NA,NA
124014,"2024",NA,NA
124014,"2017",1151,809
124014,"2020",119,97
124014,"2019",NA,NA
124014,"2022",NA,NA
124014,"2016",270,201
124014,"2018",469,356
124014,"2021",378,259
124079,"2023",914,592
124079,"2024",2258,1484
124079,"2019",NA,NA
124079,"2021",1916,1271
124079,"2020",968,634
124079,"2018",NA,NA
124079,"2022",2395,1538
124116,"2018",125,89
124116,"2021",227,177
124116,"2022",149,107
124116,"2023",NA,NA
124116,"2024",2052,1510
124116,"2017",391,281
124116,"2020",117,77
124116,"2019",NA,NA
124186,"2017",NA,NA
124186,"2019",NA,NA
124186,"2024",1863,1264
124186,"2021",218,138
124186,"2023",1142,737
124187,"2019",2756,2230
124187,"2024",785,628
124187,"2016",490,385
124187,"2018",192,154
124187,"2022",1893,1504
124187,"2020",1069,863
124187,"2021",NA,NA
124187,"2017",490,368
125802,"2019",NA,NA
125802,"2022",2389,1671
125802,"2017",267,195
125802,"2018",NA,NA
125802,"2020",450,331
125802,"2021",NA,NA
125802,"2023",1331,915
125802,"2016",440,297
126094,"2019",2475,1842
126094,"2016",305,207
126094,"2021",NA,NA
126094,"2014",NA,NA
126094,"2018",NA,NA
126094,"2017",1968,1363
126094,"2023",4128,3113
126094,"2020",2220,1753
126094,"2015",NA,NA
126094,"2024",NA,NA
126094,"2022",3420,2609
126106,"2022",487,340
126106,"2023",128,91
126127,"2017",105,68
126127,"2022",NA,NA
126127,"2021",563,381
126127,"2024",531,379
126127,"2018",NA,NA
126127,"2023",NA,NA
126127,"2020",181,125
126128,"2017",NA,NA
126128,"2023",1931,1414
126128,"2021",430,299
126128,"2024",2195,1608
126128,"2022",NA,NA
126128,"2020",66,42
126129,"2023",114,89
126129,"2024",665,486
126149,"2021",1855,1329
126149,"2020",734,509
126149,"2017",NA,NA
126149,"2022",288,220
126149,"2019",83,60
126174,"2018",108,77
126203,"2020",1474,1150
126203,"2016",1740,1275
126203,"2024",3804,2980
126203,"2017",1186,869
126203,"2022",NA,NA
126203,"2019",NA,NA
126203,"2021",2839,2131
126203,"2015",70,46
126203,"2018",2234,1657
126203,"2023",NA,NA
126205,"2024",3139,2246
126205,"2023",NA,NA
126205,"2015",NA,NA
126205,"2022",NA,NA
126205,"2017",544,383
126205,"2021",NA,NA
126205,"2019",253,175
126205,"2016",232,158
126205,"2020",1393,966
126205,"2018",208,146
126207,"2022",NA,NA
126207,"2014",NA,NA
126207,"2017",NA,NA
126207,"2021",NA,NA
126207,"2015",322,231
126207,"2019",2757,1947
126207,"2024",3046,2262
126207,"2018",NA,NA
126207,"2023",2796,2136
126207,"2020",1179,818
126207,"2016",394,271
126214,"2021",238,166
126214,"2022",NA,NA
126214,"2024",NA,NA
126214,"2023",403,281
126214,"2020",339,239
126409,"2024",508,356
126409,"2021",NA,NA
126409,"2023",283,178
126409,"2022",568,410
126523,"2022",1298,800
126523,"2024",449,242
126523,"2019",NA,NA
126523,"2018",66,49
126523,"2021",858,536
126523,"2023",2196,1400
126530,"2018",77,54
126535,"2022",727,479
126535,"2018",203,145
126535,"2023",NA,NA
126535,"2021",682,455
126535,"2024",NA,NA
126535,"2020",152,105
126623,"2021",89,55
126846,"2020",NA,NA
126846,"2021",260,198
126846,"2024",2245,1655
126846,"2018",NA,NA
126846,"2023",1479,1087
126846,"2022",555,416
127157,"2019",NA,NA
127157,"2023",NA,NA
127157,"2020",333,232
127157,"2024",1868,1319
127157,"2022",1286,884
127157,"2021",711,509
127157,"2017",239,176
128034,"2018",NA,NA
128034,"2019",2430,1779
128034,"2023",3978,3166
128034,"2016",289,196
128034,"2020",1460,1078
128034,"2017",NA,NA
128034,"2022",3267,2560
128034,"2024",3281,2557
128034,"2021",NA,NA
131934,"2023",544,377
131934,"2022",NA,NA
131934,"2024",380,269
131934,"2021",75,55
133297,"2022",206,159
133297,"2021",94,72
133297,"2018",157,117
133297,"2019",NA,NA
133297,"2024",246,186
133297,"2023",973,744
133430,"2023",1305,972
133430,"2017",NA,NA
133430,"2019",NA,NA
133430,"2024",2362,1818
133430,"2022",NA,NA
133430,"2020",1750,1317
133430,"2016",191,144
133430,"2018",3066,2313
133430,"2021",NA,NA
133835,"2024",283,195
133835,"2023",805,591
133835,"2022",245,181
133933,"2024",140,108
134770,"2022",NA,NA
134770,"2019",NA,NA
134770,"2017",814,552
134770,"2023",3164,2255
134770,"2024",NA,NA
134770,"2020",1797,1277
134770,"2016",108,74
134770,"2021",NA,NA
134770,"2018",870,598
136440,"2024",1712,1181
136440,"2019",528,377
136440,"2017",NA,NA
136440,"2021",NA,NA
136440,"2022",705,448
136440,"2020",705,459
136440,"2018",118,89
136440,"2023",609,435
144707,"2019",NA,NA
144707,"2015",NA,NA
144707,"2023",NA,NA
144707,"2022",NA,NA
144707,"2021",2243,1415
144707,"2018",372,254
144707,"2020",726,477
144707,"2016",93,66
144707,"2017",396,242
144719,"2024",1885,1265
144719,"2021",1782,1187
144719,"2016",NA,NA
144719,"2023",1732,1131
144719,"2018",1458,999
144719,"2020",611,404
144719,"2015",96,57
144719,"2019",1900,1321
144719,"2022",2163,1472
144719,"2017",NA,NA
144750,"2019",NA,NA
144750,"2018",249,169
144750,"2024",313,251
144750,"2022",911,658
144750,"2023",1046,802
144750,"2020",1215,896
144750,"2017",315,246
144750,"2016",190,123
144750,"2021",NA,NA
144797,"2016",83,53
144821,"2023",283,186
144869,"2021",162,110
144869,"2024",3246,2338
144869,"2022",941,595
144869,"2023",NA,NA
144870,"2024",98,70
144895,"2020",NA,NA
144895,"2022",1397,934
144895,"2024",NA,NA
144895,"2021",1428,907
144895,"2019",931,586
144895,"2023",1320,856
144895,"2018",790,502
200059,"2017",188,129
200059,"2024",164,123
200059,"2019",NA,NA
200059,"2022",220,148
200059,"2023",1456,972
200059,"2018",331,230
200095,"2022",NA,NA
200095,"2021",141,89
200095,"2019",205,129
200095,"2018",61,39
200095,"2017",NA,NA
200116,"2023",124,73
200116,"2022",171,99
200116,"2024",380,243
200221,"2019",687,419
200221,"2021",NA,NA
200221,"2022",2804,1836
200221,"2024",NA,NA
200221,"2023",3084,2079
200221,"2020",1404,893
200240,"2024",373,251
200240,"2021",105,77
200240,"2022",192,120
200259,"2024",151,107
200267,"2022",NA,NA
200267,"2021",214,143
200267,"2020",116,78
200267,"2023",NA,NA
200267,"2024",1889,1372
200297,"2021",61,41
200303,"2022",273,179
200303,"2020",NA,NA
200303,"2024",2316,1613
200303,"2021",NA,NA
200303,"2023",1546,1078
200374,"2022",146,101
200384,"2023",586,379
200384,"2020",458,289
200384,"2018",NA,NA
200384,"2022",1324,878
200384,"2024",1427,935
200384,"2021",849,543
200443,"2024",741,535
200553,"2019",78,55
200587,"2022",263,182
200587,"2023",289,187
200587,"2024",NA,NA
200615,"2022",1170,853
200615,"2019",1637,1206
200615,"2021",2208,1648
200615,"2023",NA,NA
200615,"2018",268,191
200615,"2020",372,269
200615,"2024",NA,NA
200670,"2020",212,151
200670,"2023",2231,1653
200670,"2022",1264,904
200670,"2021",NA,NA
200670,"2024",397,258
200677,"2022",100,69
200702,"2024",106,58
202058,"2023",228,142
202058,"2024",660,468
202058,"2021",NA,NA
202195,"2022",2785,2180
202195,"2024",228,173
202195,"2023",1443,1158
202195,"2021",649,514
202195,"2020",122,92
202235,"2023",67,44
202269,"2021",65,49
202358,"2020",84,61
202358,"2022",624,405
202358,"2023",337,225
202358,"2024",NA,NA
202358,"2018",65,50
202358,"2019",NA,NA
205734,"2020",458,328
205734,"2022",130,82
205734,"2018",NA,NA
205734,"2019",192,132
205734,"2021",282,185
205734,"2024",2260,1562
205734,"2023",NA,NA
206499,"2022",212,170
206499,"2024",1617,1228
206499,"2023",540,386
206748,"2020",NA,NA
206748,"2022",351,249
206748,"2023",259,178
206748,"2021",NA,NA
206748,"2024",454,327
206909,"2020",283,204
206909,"2022",2927,2182
206909,"2021",1358,1038
206909,"2023",1814,1363
206909,"2024",NA,NA
207182,"2021",NA,NA
207182,"2022",261,177
207182,"2023",221,159
207182,"2019",NA,NA
207182,"2024",276,188
207352,"2022",NA,NA
207352,"2024",635,473
207352,"2023",73,56
207678,"2022",359,220
207678,"2023",922,608
207678,"2024",137,84
207678,"2021",596,363
207681,"2024",694,489
207733,"2022",1423,1076
207733,"2021",212,156
207733,"2023",1353,1040
207733,"2024",2827,2204
207834,"2022",111,60
207925,"2023",483,335
207925,"2021",146,95
207925,"2022",NA,NA
207925,"2024",2933,2145
207985,"2024",271,201
207989,"2024",3225,2375
207989,"2020",152,101
207989,"2023",3825,2761
207989,"2021",2388,1626
207989,"2022",NA,NA
208004,"2024",611,413
208004,"2020",NA,NA
208004,"2023",324,229
208010,"2023",107,75
208010,"2024",307,208
208013,"2023",93,60
208013,"2024",NA,NA
208013,"2021",86,55
208014,"2023",1094,759
208014,"2022",145,99
208014,"2024",NA,NA
208134,"2020",NA,NA
208134,"2022",238,155
208134,"2024",780,516
208134,"2023",437,288
208144,"2024",81,63
208279,"2024",199,128
208286,"2022",NA,NA
208286,"2024",2606,1849
208286,"2023",1818,1254
208363,"2024",2127,1336
208502,"2023",961,725
208502,"2022",576,452
208502,"2021",348,266
208502,"2024",392,307
208859,"2024",265,194
208859,"2022",327,206
208859,"2023",228,154
209070,"2023",NA,NA
209070,"2024",1116,856
209070,"2021",173,120
209113,"2022",NA,NA
209113,"2024",1049,719
209113,"2023",395,286
209209,"2023",399,284
209209,"2022",NA,NA
209209,"2024",210,135
209263,"2024",96,61
209279,"2024",521,378
209279,"2023",159,111
209318,"2024",71,45
209414,"2023",1623,1097
209414,"2022",NA,NA
209414,"2024",1347,927
210097,"2024",4118,3110
210097,"2023",2799,2121
210097,"2022",315,249
210136,"2022",NA,NA
210136,"2024",163,106
210136,"2023",83,68
210150,"2023",181,141
210150,"2024",2353,1743
210319,"2023",166,114
210319,"2024",207,145
210340,"2023",164,110
210460,"2024",143,105
210506,"2023",826,572
210506,"2024",3423,2371
211514,"2024",102,73
212720,"2024",59,31
201389,"2011",581,308
201389,"2013",137,77
201389,"2004",NA,NA
201389,"2008",81,47
201389,"2010",NA,NA
201483,"2009",115,65
201483,"2018",701,362
201483,"2021",1056,596
201483,"2019",764,397
201483,"2023",1009,556
201483,"2016",1944,1099
201483,"2007",152,87
201483,"2015",NA,NA
201483,"2008",NA,NA
201483,"2010",NA,NA
201483,"2022",NA,NA
201483,"2017",1538,844
201483,"2020",286,151
201483,"2012",NA,NA
201483,"2014",NA,NA
201483,"2011",86,49
201514,"2012",NA,NA
201514,"2013",NA,NA
201514,"2021",1675,1062
201514,"2016",829,499
201514,"2018",1622,1003
201514,"2007",NA,NA
201514,"2020",603,362
201514,"2019",1656,1053
201514,"2006",NA,NA
201514,"2015",204,125
201514,"2023",2078,1350
201514,"2014",NA,NA
201514,"2008",NA,NA
201514,"2022",1778,1121
201514,"2009",NA,NA
201514,"2017",2028,1300
201514,"2010",NA,NA
201514,"2011",NA,NA
201514,"2024",1245,781
201516,"2023",467,259
201516,"2011",NA,NA
201516,"2019",782,427
201516,"2017",1154,677
201516,"2013",NA,NA
201516,"2018",1097,653
201516,"2007",NA,NA
201516,"2010",NA,NA
201516,"2009",224,149
201516,"2008",NA,NA
201516,"2012",103,60
201516,"2015",NA,NA
201516,"2016",937,525
201516,"2022",204,109
201516,"2005",NA,NA
201527,"2014",1430,922
201527,"2020",241,155
201527,"2021",687,409
201527,"2008",NA,NA
201527,"2019",756,471
201527,"2013",NA,NA
201527,"2016",940,575
201527,"2022",197,108
201527,"2009",NA,NA
201527,"2011",72,41
201527,"2010",NA,NA
201527,"2018",1099,704
201527,"2015",NA,NA
201527,"2017",331,211
201527,"2005",NA,NA
201527,"2012",NA,NA
201527,"2006",NA,NA
201529,"2018",309,180
201529,"2017",362,229
201529,"2019",684,414
201529,"2021",266,156
201529,"2020",NA,NA
201529,"2014",NA,NA
201529,"2008",NA,NA
201535,"2023",107,74
201535,"2022",320,224
201535,"2013",496,332
201535,"2012",NA,NA
201535,"2011",775,504
201535,"2019",108,74
201535,"2006",NA,NA
201535,"2007",NA,NA
201535,"2020",NA,NA
201535,"2008",NA,NA
201535,"2010",NA,NA
201535,"2017",1858,1373
201535,"2021",472,319
201535,"2009",102,58
201535,"2015",NA,NA
201535,"2016",1499,1083
201535,"2018",1068,736
201535,"2014",1349,1015
201540,"2014",1509,1013
201540,"2022",585,360
201540,"2011",NA,NA
201540,"2016",2803,1859
201540,"2009",NA,NA
201540,"2023",NA,NA
201540,"2020",517,338
201540,"2024",160,86
201540,"2015",NA,NA
201540,"2018",2031,1334
201540,"2017",2802,1906
201540,"2012",378,262
201540,"2019",2114,1391
201540,"2013",NA,NA
201540,"2010",123,68
201540,"2021",NA,NA
201554,"2020",NA,NA
201554,"2016",NA,NA
201554,"2017",NA,NA
201554,"2009",258,148
201554,"2010",NA,NA
201554,"2014",124,77
201554,"2021",290,170
201554,"2015",449,265
201554,"2012",70,43
201554,"2018",217,138
201554,"2019",NA,NA
201554,"2011",297,160
201554,"2022",174,112
201568,"2023",NA,NA
201568,"2010",NA,NA
201568,"2014",NA,NA
201568,"2008",NA,NA
201568,"2022",532,312
201568,"2020",NA,NA
201568,"2009",173,91
201568,"2018",276,149
201568,"2013",NA,NA
201568,"2019",198,109
201568,"2011",159,91
201568,"2015",NA,NA
201568,"2021",816,495
201568,"2017",691,378
201568,"2016",1013,599
201572,"2010",NA,NA
201572,"2011",204,113
201572,"2009",217,129
201572,"2008",101,68
201585,"2023",NA,NA
201585,"2017",1203,750
201585,"2019",2068,1236
201585,"2013",NA,NA
201585,"2011",541,323
201585,"2014",NA,NA
201585,"2012",NA,NA
201585,"2016",1490,954
201585,"2020",744,452
201585,"2022",1752,1057
201585,"2024",1886,1119
201585,"2010",231,137
201585,"2018",2849,1713
201585,"2015",NA,NA
201585,"2021",1902,1142
201590,"2011",516,310
201590,"2012",NA,NA
201590,"2022",NA,NA
201590,"2023",NA,NA
201590,"2016",2088,1311
201590,"2017",2106,1301
201590,"2018",1927,1202
201590,"2019",2324,1453
201590,"2021",NA,NA
201590,"2013",929,606
201590,"2015",NA,NA
201590,"2020",719,458
201590,"2014",NA,NA
201590,"2010",484,313
201597,"2015",NA,NA
201597,"2019",369,211
201597,"2010",NA,NA
201597,"2013",716,413
201597,"2014",NA,NA
201597,"2012",NA,NA
201597,"2017",1290,714
201597,"2021",289,170
201597,"2011",215,114
201597,"2016",NA,NA
201597,"2018",903,532
201597,"2009",100,56
201597,"2020",NA,NA
201607,"2010",59,36
201607,"2009",NA,NA
201607,"2011",167,98
201611,"2012",80,51
201611,"2016",2141,1314
201611,"2021",194,127
201611,"2014",121,71
201611,"2010",NA,NA
201611,"2013",356,214
201611,"2017",2843,1818
201611,"2019",1014,592
201611,"2015",NA,NA
201611,"2020",108,67
201611,"2023",640,392
201611,"2022",NA,NA
201611,"2024",1445,844
201611,"2018",NA,NA
201616,"2024",NA,NA
201616,"2020",654,370
201616,"2011",NA,NA
201616,"2015",NA,NA
201616,"2016",1037,643
201616,"2013",NA,NA
201616,"2014",NA,NA
201616,"2023",1274,778
201616,"2022",1246,795
201616,"2018",455,281
201616,"2017",1901,1125
201616,"2019",818,487
201616,"2012",441,262
201616,"2021",1000,642
201619,"2023",NA,NA
201619,"2014",NA,NA
201619,"2013",NA,NA
201619,"2015",NA,NA
201619,"2021",1105,738
201619,"2018",1883,1315
201619,"2019",1996,1396
201619,"2016",2891,2005
201619,"2020",526,369
201619,"2022",NA,NA
201619,"2011",144,96
201619,"2012",166,94
201619,"2009",57,38
201619,"2017",1193,817
201619,"2024",NA,NA
201643,"2009",160,82
201648,"2018",180,125
201648,"2012",NA,NA
201648,"2016",1085,774
201648,"2010",NA,NA
201648,"2017",735,550
201648,"2015",NA,NA
201648,"2014",180,129
201648,"2011",144,111
201648,"2009",NA,NA
201660,"2008",141,84
201660,"2009",81,53
201696,"2017",1483,873
201696,"2014",215,130
201696,"2016",2307,1383
201696,"2024",NA,NA
201696,"2021",NA,NA
201696,"2015",NA,NA
201696,"2010",NA,NA
201696,"2020",905,561
201696,"2022",525,307
201696,"2018",921,546
201696,"2023",NA,NA
201696,"2019",1739,1043
201697,"2011",326,203
201697,"2013",NA,NA
201697,"2019",1583,1163
201697,"2021",939,676
201697,"2018",1666,1180
201697,"2014",517,368
201697,"2008",NA,NA
201697,"2012",NA,NA
201697,"2020",734,531
201697,"2007",NA,NA
201697,"2017",1988,1407
201697,"2010",NA,NA
201697,"2015",NA,NA
201697,"2016",1102,798
202358,"2006",NA,NA
202373,"2007",110,61
202402,"2008",116,59
202423,"2012",44,29
202423,"2011",84,62
202426,"2011",NA,NA
202426,"2015",NA,NA
202426,"2016",390,257
202426,"2017",449,284
202426,"2014",120,79
202429,"2015",NA,NA
202429,"2013",NA,NA
202429,"2018",1766,1169
202429,"2020",996,658
202429,"2012",507,331
202429,"2016",1451,921
202429,"2014",NA,NA
202429,"2022",1303,873
202429,"2019",1153,743
202429,"2017",1207,789
202429,"2021",NA,NA
202429,"2023",NA,NA
202429,"2011",NA,NA
202429,"2024",316,216
202446,"2021",303,196
202446,"2017",1313,784
202446,"2019",478,280
202446,"2018",1211,770
202446,"2016",2193,1391
202446,"2015",NA,NA
202446,"2011",NA,NA
202446,"2022",350,218
202446,"2020",743,483
202446,"2023",320,195
202446,"2014",NA,NA
202446,"2012",425,282
202446,"2013",NA,NA
202452,"2011",109,57
202453,"2015",NA,NA
202453,"2013",241,145
202453,"2018",1176,693
202453,"2014",NA,NA
202453,"2019",2146,1270
202453,"2024",281,149
202453,"2011",NA,NA
202453,"2012",238,129
202453,"2016",NA,NA
202453,"2021",NA,NA
202453,"2017",946,541
202453,"2020",561,361
202465,"2012",82,46
202482,"2015",NA,NA
202482,"2019",277,173
202482,"2020",194,114
202482,"2012",NA,NA
202482,"2017",354,216
202482,"2018",142,89
202482,"2016",336,191
202482,"2021",NA,NA
202484,"2019",344,201
202484,"2015",NA,NA
202484,"2013",127,68
202484,"2014",NA,NA
202484,"2020",NA,NA
202484,"2018",243,146
202484,"2017",810,471
202484,"2016",1077,671
202484,"2012",224,121
202504,"2019",251,159
202504,"2017",1552,971
202504,"2016",728,478
202504,"2013",144,95
202504,"2020",NA,NA
202504,"2014",NA,NA
202504,"2015",NA,NA
202504,"2012",150,90
202504,"2018",760,493
202536,"2015",NA,NA
202536,"2017",624,394
202536,"2021",NA,NA
202536,"2014",139,80
202536,"2020",283,193
202536,"2022",NA,NA
202536,"2016",621,371
202536,"2018",1288,777
202536,"2019",912,552
202536,"2023",NA,NA
202536,"2024",NA,NA
202578,"2019",96,51
202600,"2017",458,260
202600,"2014",NA,NA
202600,"2015",NA,NA
202600,"2023",NA,NA
202600,"2019",366,209
202600,"2020",360,194
202600,"2024",2317,1376
202600,"2021",855,474
202600,"2018",484,252
202600,"2022",826,476
202628,"2016",NA,NA
202628,"2018",110,66
202628,"2015",241,136
202628,"2017",NA,NA
202628,"2014",232,135
202628,"2023",667,395
202628,"2013",190,111
202628,"2022",NA,NA
202628,"2021",401,267
202653,"2015",NA,NA
202653,"2014",185,114
202653,"2016",1311,819
202653,"2018",369,234
202653,"2017",630,392
202653,"2019",252,155
202662,"2024",79,42
202662,"2018",NA,NA
202662,"2023",161,93
202684,"2014",NA,NA
202684,"2021",515,315
202684,"2022",900,518
202684,"2015",414,253
202684,"2016",378,238
202684,"2017",869,568
202684,"2020",449,269
202684,"2019",820,460
202684,"2018",523,315
202684,"2024",1128,713
202684,"2023",2423,1479
202685,"2014",276,167
202685,"2018",NA,NA
202685,"2017",NA,NA
202685,"2016",206,140
202685,"2015",228,124
202702,"2014",404,265
202702,"2013",107,69
202702,"2015",NA,NA
202702,"2016",190,125
202702,"2017",NA,NA
202702,"2019",113,75
202702,"2018",NA,NA
202702,"2021",85,61
202858,"2016",73,34
202916,"2021",224,161
202916,"2019",191,142
202916,"2018",317,218
202921,"2017",70,45
203325,"2021",203,122
203325,"2019",151,104
203354,"2020",313,166
203354,"2023",NA,NA
203354,"2021",1036,588
203354,"2022",NA,NA
203354,"2017",155,84
203354,"2024",1271,745
203354,"2019",317,162
203354,"2018",NA,NA
203435,"2014",NA,NA
203435,"2017",343,226
203435,"2022",42,20
203435,"2018",1084,667
203435,"2023",103,52
203435,"2019",1073,592
203435,"2016",NA,NA
203462,"2019",NA,NA
203462,"2016",1120,665
203462,"2017",915,535
203462,"2015",NA,NA
203462,"2024",NA,NA
203462,"2022",455,265
203462,"2013",212,115
203462,"2021",1662,937
203462,"2023",1150,664
203462,"2014",212,121
203462,"2020",400,226
203462,"2018",1142,706
203500,"2022",NA,NA
203500,"2016",511,308
203500,"2024",322,201
203500,"2019",437,257
203500,"2020",126,79
203500,"2013",NA,NA
203500,"2018",843,494
203500,"2015",NA,NA
203500,"2017",397,240
203500,"2021",NA,NA
203500,"2023",387,248
203500,"2014",NA,NA
203501,"2020",248,157
203501,"2013",162,92
203501,"2022",208,130
203501,"2018",620,372
203501,"2019",699,444
203501,"2023",710,479
203501,"2024",NA,NA
203501,"2015",335,202
203501,"2017",568,331
203501,"2016",140,89
203501,"2014",528,316
203504,"2016",298,160
203504,"2019",NA,NA
203504,"2017",532,304
203504,"2015",NA,NA
203504,"2018",215,123
203514,"2020",160,99
203514,"2019",396,246
203514,"2023",117,77
203514,"2024",304,178
203514,"2021",1128,563
203514,"2022",202,121
203530,"2016",1653,958
203530,"2020",NA,NA
203530,"2019",1472,826
203530,"2013",177,108
203530,"2023",805,518
203530,"2021",NA,NA
203530,"2017",1604,915
203530,"2018",820,491
203530,"2024",NA,NA
203530,"2022",NA,NA
203553,"2017",81,52
203562,"2018",55,38
203562,"2023",NA,NA
203562,"2017",60,40
203564,"2020",NA,NA
203564,"2022",507,274
203564,"2023",129,76
203564,"2016",NA,NA
203564,"2024",537,328
203564,"2018",NA,NA
203564,"2019",569,372
203564,"2017",112,76
203564,"2021",NA,NA
203575,"2014",NA,NA
203575,"2022",772,494
203575,"2011",NA,NA
203575,"2021",974,582
203575,"2020",482,333
203575,"2024",NA,NA
203575,"2018",285,180
203575,"2015",NA,NA
203575,"2019",270,165
203575,"2013",NA,NA
203575,"2017",717,433
203575,"2012",NA,NA
203575,"2023",725,469
203575,"2016",1503,986
203576,"2016",250,138
203576,"2015",NA,NA
203576,"2014",215,127
203576,"2017",410,233
204267,"2017",77,53
204362,"2018",160,102
204362,"2015",NA,NA
204362,"2013",NA,NA
204362,"2017",87,53
204362,"2016",170,99
204388,"2013",127,76
204388,"2014",154,83
204394,"2020",138,86
204394,"2017",217,132
204394,"2019",202,121
204394,"2023",NA,NA
204394,"2021",173,88
204394,"2022",NA,NA
204394,"2018",576,303
204394,"2014",NA,NA
204411,"2020",116,56
204411,"2016",NA,NA
204411,"2014",174,116
204411,"2015",NA,NA
204411,"2021",686,417
204411,"2023",583,344
204411,"2022",NA,NA
204411,"2024",244,144
204427,"2024",NA,NA
204427,"2022",2119,1217
204427,"2017",1512,867
204427,"2015",NA,NA
204427,"2023",NA,NA
204427,"2021",NA,NA
204427,"2020",924,515
204427,"2019",1380,782
204427,"2016",581,328
204427,"2018",865,467
205344,"2016",160,94
205344,"2017",79,57
205344,"2022",NA,NA
205344,"2018",NA,NA
205344,"2019",201,120
205723,"2017",170,117
205723,"2021",106,63
205723,"2018",NA,NA
205815,"2017",226,138
205815,"2014",211,134
205815,"2018",80,54
205815,"2022",NA,NA
205815,"2016",NA,NA
205848,"2018",116,77
205925,"2021",1963,1144
205925,"2014",NA,NA
205925,"2024",746,429
205925,"2019",1620,1018
205925,"2023",1825,1095
205925,"2020",1066,645
205925,"2013",NA,NA
205925,"2022",NA,NA
205925,"2015",NA,NA
205925,"2017",1463,899
205925,"2012",NA,NA
205925,"2018",2351,1531
205925,"2016",1038,606
206037,"2022",226,117
206037,"2019",148,95
206037,"2023",NA,NA
206037,"2014",NA,NA
206037,"2015",NA,NA
206037,"2016",NA,NA
206037,"2020",228,124
206037,"2018",207,126
206037,"2021",144,80
206037,"2024",NA,NA
206037,"2017",254,144
206107,"2023",NA,NA
206107,"2018",87,55
206107,"2017",95,66
206107,"2015",NA,NA
206107,"2019",203,117
206107,"2021",NA,NA
206107,"2016",126,74
206108,"2023",403,253
206108,"2020",1152,804
206108,"2016",317,214
206108,"2018",689,447
206108,"2019",1463,1026
206108,"2021",NA,NA
206108,"2017",904,604
206124,"2020",622,377
206124,"2018",392,215
206124,"2017",615,366
206124,"2023",1040,611
206124,"2015",210,112
206124,"2021",NA,NA
206124,"2014",NA,NA
206124,"2024",NA,NA
206124,"2019",540,331
206124,"2022",NA,NA
206124,"2016",519,298
206124,"2013",NA,NA
206136,"2018",106,59
206136,"2017",257,135
206183,"2017",110,75
206183,"2015",NA,NA
206183,"2016",175,99
206216,"2017",64,39
206219,"2019",61,46
206219,"2022",831,562
206219,"2017",1110,763
206219,"2020",544,392
206219,"2021",763,519
206219,"2015",NA,NA
206219,"2023",121,78
206219,"2018",282,191
206219,"2016",573,409
206219,"2024",361,247
206252,"2019",143,84
206252,"2023",NA,NA
206252,"2021",NA,NA
206252,"2022",NA,NA
206252,"2024",1777,1187
206252,"2014",114,73
206252,"2018",129,74
206252,"2020",702,470
206252,"2017",434,275
206252,"2015",NA,NA
206252,"2016",334,213
206255,"2019",546,350
206255,"2017",438,266
206255,"2020",686,430
206255,"2023",381,205
206255,"2016",879,540
206255,"2021",507,313
206255,"2015",NA,NA
206289,"2015",NA,NA
206289,"2022",2747,1878
206289,"2021",NA,NA
206289,"2020",1372,913
206289,"2016",921,541
206289,"2014",NA,NA
206289,"2018",1941,1236
206289,"2019",2251,1470
206289,"2017",1607,961
206289,"2024",NA,NA
206289,"2013",NA,NA
206289,"2023",2659,1789
206289,"2012",NA,NA
206292,"2021",1130,706
206292,"2023",104,66
206292,"2019",696,455
206292,"2022",635,384
206292,"2020",381,242
206292,"2024",322,203
206374,"2021",487,281
206374,"2018",1425,884
206374,"2014",179,120
206374,"2023",76,56
206374,"2019",1671,1059
206374,"2017",383,220
206374,"2016",NA,NA
206374,"2020",410,253
206374,"2015",NA,NA
206374,"2024",1308,827
206408,"2024",1464,873
206408,"2023",1457,882
206408,"2018",77,41
206408,"2016",NA,NA
206408,"2021",NA,NA
206408,"2020",604,341
206408,"2017",356,205
206408,"2022",NA,NA
206417,"2022",NA,NA
206417,"2023",336,185
206417,"2024",220,132
206420,"2016",276,191
206420,"2022",2055,1454
206420,"2019",2309,1618
206420,"2023",NA,NA
206420,"2024",2260,1574
206420,"2018",906,614
206420,"2021",NA,NA
206420,"2017",666,437
206420,"2020",1340,915
206430,"2022",172,98
206430,"2023",106,68
206430,"2021",87,61
206430,"2015",NA,NA
206430,"2019",238,144
206430,"2024",NA,NA
210672,"2016",100,57
210705,"2022",463,259
210705,"2017",NA,NA
210705,"2019",422,214
210705,"2024",240,129
210705,"2021",861,481
210705,"2020",204,121
210705,"2018",209,109
210722,"2019",2623,1716
210722,"2024",1820,1229
210722,"2022",NA,NA
210722,"2020",1893,1301
210722,"2018",2887,1888
210722,"2016",247,147
210722,"2021",NA,NA
210722,"2023",1813,1216
210722,"2017",2293,1445
210871,"2018",120,82
210871,"2016",129,69
210871,"2017",70,36
210871,"2015",NA,NA
210913,"2019",78,50
210957,"2017",245,167
210957,"2016",NA,NA
210957,"2018",155,94
211095,"2018",1151,736
211095,"2019",1600,1044
211095,"2023",1943,1214
211095,"2017",NA,NA
211095,"2020",658,436
211095,"2021",1464,905
211095,"2022",988,660
211095,"2024",1391,883
211279,"2022",NA,NA
211279,"2017",NA,NA
211279,"2015",NA,NA
211279,"2019",520,307
211279,"2023",NA,NA
211279,"2024",1070,687
211279,"2021",571,363
211279,"2018",302,183
211279,"2020",240,147
211337,"2022",474,294
211337,"2020",NA,NA
211337,"2018",267,158
211337,"2023",1114,670
211337,"2019",499,284
211337,"2024",895,502
211337,"2017",341,192
211337,"2021",463,286
211411,"2024",177,102
211411,"2019",608,389
211411,"2021",NA,NA
211411,"2016",NA,NA
211411,"2018",NA,NA
211411,"2020",292,185
211411,"2017",400,239
211456,"2022",102,58
211472,"2015",38,25
211544,"2021",20,4
211684,"2017",NA,NA
211684,"2024",NA,NA
211684,"2022",NA,NA
211684,"2020",214,123
211684,"2014",NA,NA
211684,"2015",NA,NA
211684,"2021",626,383
211684,"2019",367,224
211684,"2016",88,54
211684,"2023",1473,917
211684,"2018",672,415
211701,"2021",1813,1148
211701,"2024",NA,NA
211701,"2022",NA,NA
211701,"2014",461,286
211701,"2023",NA,NA
211701,"2013",NA,NA
211701,"2017",2222,1388
211701,"2020",797,457
211701,"2015",NA,NA
211701,"2016",1591,995
211701,"2018",2371,1530
211701,"2019",2038,1257
211702,"2021",NA,NA
211702,"2018",820,504
211702,"2019",627,412
211702,"2016",NA,NA
211702,"2022",487,280
211702,"2017",1330,788
211702,"2015",NA,NA
211702,"2020",695,430
211702,"2024",NA,NA
211702,"2023",1000,578
211736,"2017",319,202
211736,"2021",NA,NA
211736,"2018",242,138
211736,"2019",693,428
211736,"2015",NA,NA
211736,"2016",191,111
211796,"2017",643,398
211796,"2016",456,286
211796,"2014",NA,NA
211796,"2019",NA,NA
211796,"2021",132,89
211796,"2018",163,104
211796,"2015",NA,NA
211817,"2017",69,45
211817,"2024",503,325
211817,"2019",301,193
211817,"2022",1188,726
211817,"2023",628,402
211817,"2018",242,152
211817,"2020",NA,NA
211817,"2016",NA,NA
211817,"2021",661,408
211878,"2017",456,265
211878,"2020",293,180
211878,"2021",393,217
211878,"2022",NA,NA
211878,"2018",NA,NA
211880,"2024",223,141
211880,"2020",254,144
211880,"2019",663,439
211880,"2017",189,123
211880,"2018",239,151
211880,"2016",NA,NA
211880,"2023",161,97
211880,"2022",232,163
211887,"2019",79,55
211901,"2019",514,319
211901,"2020",310,176
211901,"2021",566,341
211901,"2023",211,112
211903,"2017",NA,NA
211903,"2020",180,105
211903,"2022",137,78
212001,"2019",1045,670
212001,"2015",139,93
212001,"2016",118,81
212001,"2022",NA,NA
212001,"2018",1199,757
212001,"2017",1363,883
212001,"2020",NA,NA
212001,"2021",320,200
212805,"2022",NA,NA
212805,"2017",104,79
212805,"2020",103,72
213525,"2021",NA,NA
213525,"2020",957,595
213525,"2017",122,69
213525,"2016",73,51
213525,"2018",384,256
213525,"2022",NA,NA
213525,"2019",1176,746
213525,"2024",NA,NA
213525,"2023",1253,791
213544,"2022",NA,NA
213544,"2019",319,193
213544,"2024",NA,NA
213544,"2020",178,108
213544,"2021",128,72
213544,"2017",625,415
213544,"2018",462,304
213544,"2023",189,113
213550,"2021",1054,644
213550,"2015",NA,NA
213550,"2018",1658,1047
213550,"2019",NA,NA
213550,"2022",865,523
213550,"2020",1672,1106
213550,"2017",301,190
213550,"2023",2049,1304
213550,"2024",1898,1192
213550,"2016",NA,NA
213631,"2019",661,389
213631,"2021",1745,1056
213631,"2017",NA,NA
213631,"2020",930,584
213631,"2015",NA,NA
213631,"2018",233,147
213631,"2024",NA,NA
213631,"2022",NA,NA
213631,"2023",2189,1399
213646,"2023",NA,NA
213646,"2022",NA,NA
213646,"2024",507,330
213646,"2017",108,65
213646,"2018",161,97
213646,"2019",121,87
213646,"2016",NA,NA
213646,"2021",233,143
213710,"2023",1311,734
213710,"2024",NA,NA
213710,"2021",378,196
213710,"2022",669,377
213828,"2020",70,44
213889,"2022",686,426
213889,"2023",NA,NA
213889,"2024",1398,893
213889,"2019",667,462
213889,"2020",477,292
213889,"2021",1425,925
213908,"2022",256,154
213908,"2023",78,53
213908,"2024",213,118
213926,"2021",75,40
213947,"2016",59,41
214020,"2023",103,56
214020,"2021",81,40
214032,"2019",142,76
214032,"2024",NA,NA
214032,"2020",135,74
214040,"2016",140,73
214040,"2021",214,133
214040,"2022",99,61
214040,"2018",98,64
214040,"2019",178,115
214040,"2024",NA,NA
214040,"2023",741,461
214119,"2023",1574,1049
214119,"2022",NA,NA
214119,"2024",887,542
214119,"2016",192,117
214119,"2021",170,114
214119,"2017",NA,NA
214149,"2017",118,70
214149,"2022",NA,NA
214149,"2024",NA,NA
214149,"2023",NA,NA
214149,"2018",1432,1004
214149,"2020",542,365
214149,"2021",632,425
214149,"2019",1716,1174
214181,"2021",865,507
214181,"2022",499,290
214229,"2016",115,70
214263,"2017",1431,920
214263,"2014",NA,NA
214263,"2018",620,374
214263,"2016",356,207
214263,"2015",112,73
214263,"2020",631,388
214304,"2021",NA,NA
214304,"2017",177,120
214304,"2019",533,343
214304,"2018",1021,677
214304,"2016",NA,NA
214304,"2020",115,73
214312,"2016",126,79
214405,"2022",343,205
214405,"2023",550,324
214405,"2017",NA,NA
214405,"2019",NA,NA
214405,"2020",155,93
214452,"2024",2338,1410
214452,"2017",141,92
214452,"2019",NA,NA
214452,"2021",292,174
214452,"2022",321,203
214452,"2018",604,387
214452,"2020",214,135
214452,"2023",702,465
214480,"2024",180,109
214480,"2023",152,86
214480,"2018",NA,NA
214521,"2024",132,82
214521,"2018",201,108
214521,"2020",158,86
214541,"2024",NA,NA
214541,"2017",276,187
214541,"2022",NA,NA
214541,"2019",122,71
214541,"2023",158,96
214541,"2018",685,473
214541,"2016",NA,NA
214544,"2023",NA,NA
214544,"2022",NA,NA
214544,"2018",3348,2298
214544,"2017",914,632
214544,"2020",1771,1203
214544,"2019",2506,1716
214544,"2021",NA,NA
214544,"2024",2967,2074
214593,"2024",626,335
214593,"2021",252,141
214593,"2022",254,148
214593,"2023",652,349
214621,"2016",134,70
214621,"2014",NA,NA
214621,"2017",59,31
214641,"2017",127,75
214641,"2014",NA,NA
214641,"2018",106,58
214643,"2024",NA,NA
214643,"2022",1745,1230
214643,"2019",554,353
214643,"2023",NA,NA
214643,"2021",1586,1133
214643,"2020",303,209
214694,"2022",97,62
214694,"2017",86,54
214694,"2021",NA,NA
214694,"2019",NA,NA
214694,"2018",281,194
214839,"2022",306,209
214839,"2024",156,102
214839,"2021",NA,NA
214839,"2023",820,498
214906,"2022",NA,NA
214906,"2024",226,129
214906,"2020",NA,NA
214906,"2017",NA,NA
214906,"2021",394,241
214906,"2023",1575,973
214906,"2018",593,339
214939,"2019",595,363
214939,"2023",1338,865
214939,"2016",NA,NA
214939,"2017",406,251
214939,"2022",NA,NA
214939,"2021",1170,702
214939,"2024",NA,NA
214939,"2020",270,157
214939,"2018",NA,NA
214954,"2016",66,46
214954,"2020",714,437
214954,"2019",1586,1022
214954,"2023",NA,NA
214954,"2024",NA,NA
214954,"2022",NA,NA
214954,"2018",1278,827
214954,"2021",NA,NA
214954,"2017",652,438
215016,"2020",123,82
215016,"2018",229,122
215016,"2019",NA,NA
215016,"2017",209,135
215016,"2015",NA,NA
215018,"2021",204,121
215018,"2017",183,135
215018,"2019",172,100
215018,"2022",NA,NA
215018,"2018",155,97
215018,"2024",NA,NA
215020,"2023",2030,1285
215020,"2018",857,510
215020,"2020",676,414
215020,"2022",572,368
215020,"2024",1652,943
215020,"2021",809,491
215020,"2019",1454,903
215020,"2017",342,210
215020,"2016",99,54
215035,"2019",NA,NA
215035,"2018",703,459
215035,"2022",1364,887
215035,"2023",960,566
215035,"2021",NA,NA
215035,"2017",204,103
215035,"2024",1602,978
215035,"2016",NA,NA
215035,"2020",1230,834
215091,"2020",92,45
215096,"2018",179,112
215096,"2017",211,124
215096,"2022",NA,NA
215096,"2019",157,89
215096,"2023",240,128
215138,"2024",832,596
215138,"2022",198,120
215151,"2024",105,77
215151,"2023",NA,NA
215151,"2020",137,101
215151,"2022",181,115
215151,"2019",147,92
215219,"2021",1006,634
215219,"2019",492,304
215219,"2023",NA,NA
215219,"2018",86,55
215219,"2022",NA,NA
215219,"2017",NA,NA
215219,"2024",64,34
215219,"2020",690,371
215259,"2020",365,220
215259,"2021",260,153
215259,"2018",NA,NA
215337,"2021",NA,NA
215337,"2022",NA,NA
215337,"2018",414,290
215337,"2023",NA,NA
215337,"2019",240,152
215337,"2024",960,592
215337,"2020",100,58
215370,"2022",NA,NA
215370,"2018",381,232
215370,"2017",492,326
215370,"2021",1484,969
215370,"2019",NA,NA
215370,"2024",946,598
215370,"2023",1486,937
215371,"2018",105,57
215371,"2019",320,207
215371,"2020",NA,NA
215371,"2022",NA,NA
215371,"2021",249,145
215395,"2020",230,130
215571,"2024",86,50
215613,"2020",NA,NA
215613,"2023",1259,760
215613,"2024",3197,2035
215613,"2021",200,115
215613,"2019",NA,NA
215613,"2022",175,92
215627,"2022",175,117
215672,"2018",136,77
215713,"2019",1150,721
215713,"2021",NA,NA
215713,"2020",403,259
215713,"2018",641,420
215713,"2024",1987,1297
215713,"2017",NA,NA
215713,"2023",2249,1417
215713,"2022",NA,NA
215785,"2022",1568,927
215785,"2016",NA,NA
215785,"2017",160,91
215785,"2018",NA,NA
215785,"2024",NA,NA
215785,"2020",127,68
215785,"2021",NA,NA
215785,"2019",368,234
215785,"2023",1560,940
215832,"2021",70,48
215859,"2016",32,14
215869,"2016",120,70
215869,"2017",193,108
215872,"2019",NA,NA
215872,"2022",NA,NA
215872,"2023",973,605
215872,"2024",1147,696
215872,"2021",725,435
215872,"2020",75,46
215899,"2023",239,129
215899,"2019",86,55
215899,"2024",192,105
215899,"2022",324,202
215899,"2021",NA,NA
215910,"2024",126,90
215910,"2018",NA,NA
215910,"2023",519,288
215910,"2022",NA,NA
215910,"2021",129,86
215936,"2021",290,182
215936,"2023",117,82
215936,"2024",NA,NA
215983,"2021",1205,770
215983,"2024",543,353
215983,"2020",309,186
215983,"2022",NA,NA
215983,"2023",213,134
215996,"2021",122,75
215996,"2022",305,177
215996,"2023",238,149
215996,"2024",251,163
216016,"2024",NA,NA
216016,"2022",NA,NA
216016,"2017",81,50
216016,"2019",333,195
216016,"2021",842,563
216016,"2020",396,281
216016,"2018",168,86
216016,"2023",2007,1363
216055,"2024",NA,NA
216055,"2019",182,108
216055,"2023",NA,NA
216055,"2018",110,53
216055,"2020",207,118
216074,"2023",60,38
216081,"2024",173,95
216081,"2023",NA,NA
216081,"2022",200,118
216083,"2024",NA,NA
216083,"2020",319,198
216083,"2019",472,292
216083,"2022",631,377
216083,"2023",1026,605
216083,"2021",798,479
216097,"2022",195,116
216097,"2023",568,346
216097,"2024",NA,NA
216133,"2019",266,168
216133,"2018",145,94
216133,"2020",NA,NA
216133,"2021",733,477
216133,"2023",1905,1189
216133,"2022",NA,NA
216133,"2024",2537,1592
216139,"2023",131,73
216146,"2020",333,212
216146,"2019",288,176
216146,"2021",1604,991
216146,"2023",NA,NA
216146,"2024",NA,NA
216146,"2022",NA,NA
216146,"2018",415,273
216150,"2020",126,65
216153,"2019",1572,982
216153,"2018",827,540
216153,"2024",NA,NA
216153,"2023",423,257
216153,"2021",1323,840
216153,"2020",921,553
216153,"2022",NA,NA
216153,"2017",NA,NA
216180,"2022",136,65
216262,"2021",809,492
216262,"2019",NA,NA
216262,"2022",699,440
216262,"2024",NA,NA
216262,"2020",320,181
216262,"2023",1078,666
216265,"2022",NA,NA
216265,"2021",265,174
216265,"2024",562,367
216265,"2023",234,155
216462,"2016",174,82
216475,"2016",70,30
219422,"2017",115,64
219875,"2024",NA,NA
219875,"2019",216,135
219875,"2022",1207,683
219875,"2021",1574,941
219875,"2020",335,202
219875,"2023",2040,1331
219917,"2024",510,338
219917,"2021",195,133
219917,"2023",1312,917
219917,"2022",273,185
220272,"2022",152,80
220332,"2024",742,421
220332,"2022",NA,NA
220332,"2023",744,421
220339,"2018",111,65
220395,"2016",58,33
220465,"2019",NA,NA
220465,"2022",476,243
220465,"2024",1808,1033
220465,"2023",995,564
220465,"2021",NA,NA
220465,"2020",109,73
220520,"2024",815,519
220548,"2024",2182,1320
220548,"2023",1558,920
220548,"2022",NA,NA
220589,"2024",2424,1403
220589,"2023",1051,609
220589,"2022",392,223
220750,"2022",186,110
220750,"2024",212,139
220750,"2023",314,170
220946,"2022",176,93
221024,"2020",NA,NA
221024,"2024",810,563
221024,"2023",246,174
221024,"2021",319,212
221024,"2022",387,253
221024,"2019",98,69
221054,"2024",NA,NA
221054,"2022",1687,1037
221054,"2023",393,257
221054,"2021",786,541
221105,"2020",109,73
221236,"2024",310,209
221236,"2023",292,188
221237,"2024",472,286
221237,"2023",365,219
221247,"2024",223,118
221247,"2022",82,45
221247,"2021",NA,NA
221247,"2023",177,87
221818,"2017",191,88
221824,"2017",140,72
221828,"2017",123,81
221831,"2018",113,55
221837,"2018",85,50
221844,"2018",67,34
221852,"2018",83,48
221911,"2024",98,69
221911,"2023",149,96
221911,"2019",NA,NA
222233,"2024",522,316
222233,"2022",93,57
222233,"2023",163,98
222258,"2024",554,349
222258,"2023",1650,1063
222258,"2022",733,472
222258,"2020",NA,NA
222258,"2021",216,136
222296,"2023",336,210
222296,"2024",499,295
222328,"2022",377,250
222328,"2023",NA,NA
222328,"2024",1945,1359
222513,"2022",190,98
222559,"2024",198,125
222601,"2024",851,496
222601,"2023",222,134
222965,"2024",1111,727
222965,"2022",120,73
222965,"2023",661,399
222966,"2024",69,42
222966,"2022",48,26
223131,"2020",82,43
223132,"2020",138,80
223133,"2020",135,78
223134,"2020",174,96
223135,"2020",59,39
223159,"2022",105,60
223331,"2024",286,182
223333,"2024",152,85
223333,"2023",273,166
223335,"2022",80,49
232447,"2024",210,137
232447,"2023",420,268
233741,"2024",130,78
239389,"2024",164,98
252499,"2023",93,56
252499,"2024",227,139
252587,"2024",119,65
256684,"2024",318,184
259799,"2023",923,596
259799,"2024",2109,1353
259799,"2022",NA,NA
260170,"2024",233,149
260300,"2024",84,52
260847,"2024",NA,NA
260848,"2024",NA,NA
260913,"2024",NA,NA
261963,"2024",NA,NA
263847,"2023",NA,NA
263848,"2023",NA,NA
263849,"2023",NA,NA
263850,"2023",NA,NA
263852,"2023",NA,NA
263853,"2023",NA,NA
263857,"2024",757,443
264205,"2023",NA,NA
266671,"2024",232,132
