"player_id","year","first_return","first_won"
102093,"2024",148,40
102143,"2003",400,102
102143,"2005",133,39
102143,"2002",327,73
102143,"1997",NA,NA
102143,"2001",371,107
102143,"2006",NA,NA
102143,"2004",208,42
102143,"2000",180,45
102179,"2000",824,207
102179,"1996",79,16
102179,"2001",1563,411
102179,"2004",1884,467
102179,"2002",NA,NA
102179,"1999",NA,NA
102179,"2005",871,209
102179,"2007",292,72
102179,"2003",1759,475
102179,"2006",157,40
102269,"2002",NA,NA
102269,"2005",221,65
102269,"2006",152,41
102269,"1997",598,146
102269,"2001",106,19
102269,"1996",124,25
102269,"2003",323,95
102269,"1995",NA,NA
102269,"2000",169,46
102269,"1998",NA,NA
102269,"2004",699,186
102287,"2000",1905,539
102287,"1995",268,90
102287,"2001",2711,852
102287,"2003",1240,370
102287,"1993",NA,NA
102287,"1996",NA,NA
102287,"2002",NA,NA
102287,"2007",NA,NA
102287,"2006",882,253
102287,"1998",1566,438
102287,"2005",328,96
102287,"2004",830,217
102287,"1999",NA,NA
102287,"1997",1900,579
102456,"2001",2106,624
102456,"2003",NA,NA
102456,"2005",1286,418
102456,"2002",1993,576
102456,"1998",NA,NA
102456,"2007",178,55
102456,"1997",NA,NA
102456,"1996",3492,1150
102456,"2000",1168,365
102456,"1995",676,238
102456,"2004",1614,535
102456,"1999",NA,NA
102456,"1994",NA,NA
102494,"2000",837,259
102494,"2004",508,135
102494,"2005",970,264
102494,"2003",NA,NA
102494,"1999",66,25
102494,"2006",671,190
102494,"1997",73,22
102494,"2001",555,195
102494,"2002",239,82
102565,"2007",414,80
102565,"2002",571,119
102565,"2005",955,222
102565,"2006",NA,NA
102565,"2004",250,69
102565,"2003",916,222
102642,"2006",568,142
102642,"2003",1377,334
102642,"2001",NA,NA
102642,"2002",478,141
102642,"1999",195,49
102642,"2004",2469,645
102642,"2007",61,16
102642,"2005",1839,477
102642,"2000",795,165
102694,"2005",1094,271
102694,"2001",1582,455
102694,"2007",NA,NA
102694,"1994",NA,NA
102694,"2004",1238,325
102694,"1997",220,51
102694,"2003",NA,NA
102694,"1995",300,92
102694,"2006",552,143
102694,"1996",559,180
102694,"1999",737,228
102694,"1998",764,246
102694,"2000",251,68
102694,"2002",1552,503
102788,"2003",709,188
102788,"2008",91,23
102788,"2006",115,26
102788,"2004",691,171
102788,"2001",791,245
102788,"2007",72,14
102788,"2005",73,26
102788,"2002",NA,NA
102834,"2003",361,126
102834,"1994",NA,NA
102834,"1995",NA,NA
102834,"2001",552,175
102834,"2002",191,52
102834,"1996",NA,NA
102834,"2007",941,292
102834,"1998",259,62
102834,"2000",1823,547
102834,"2004",437,117
102834,"2006",1568,482
102834,"2005",1186,376
102834,"1993",NA,NA
102834,"1999",1471,459
102869,"1995",330,104
102869,"2003",846,291
102869,"1998",2000,601
102869,"2005",NA,NA
102869,"2001",1832,497
102869,"1999",1443,383
102869,"1997",1653,426
102869,"1996",NA,NA
102869,"2006",119,40
102869,"2002",1051,265
102869,"2004",971,273
102869,"2000",1344,355
102869,"1994",NA,NA
102880,"2002",713,230
102880,"2000",1015,317
102880,"1999",NA,NA
102880,"2001",607,170
102880,"2003",988,284
102880,"2004",1173,318
102880,"2005",777,181
102881,"2007",NA,NA
102881,"1995",66,19
102881,"1993",76,24
102881,"1994",63,17
102881,"1997",130,38
102881,"2006",NA,NA
102881,"2008",NA,NA
102881,"1996",166,42
102886,"2010",NA,NA
102886,"2006",87,28
102886,"2003",446,144
102886,"2012",NA,NA
102886,"2005",200,61
102886,"2004",135,33
102886,"2001",NA,NA
102904,"2006",165,60
102904,"2000",146,48
102904,"2001",NA,NA
102925,"2007",483,96
102925,"2005",897,247
102925,"2004",258,69
102925,"1999",1920,533
102925,"2000",1414,381
102925,"1997",1974,524
102925,"2001",708,199
102925,"2002",531,145
102925,"1998",NA,NA
102925,"2003",1231,350
102925,"2006",1490,428
102925,"1996",469,118
102925,"1995",162,33
102967,"2002",58,11
102967,"2011",NA,NA
102967,"2013",NA,NA
102967,"2009",2087,597
102967,"2006",1392,385
102967,"2004",163,48
102967,"2014",169,52
102967,"2008",2022,580
102967,"2012",NA,NA
102967,"2010",659,168
102967,"2005",192,55
102967,"2007",2104,567
102999,"2003",185,62
102999,"2006",795,238
102999,"2002",NA,NA
102999,"2001",109,36
102999,"2007",498,159
102999,"2011",NA,NA
102999,"2008",150,50
102999,"2010",NA,NA
103032,"2005",137,44
103105,"2006",NA,NA
103105,"2005",388,126
103105,"2013",299,85
103105,"2010",191,51
103105,"2002",NA,NA
103105,"2009",602,149
103105,"2008",286,95
103105,"2004",NA,NA
103105,"2014",NA,NA
103105,"2003",728,222
103105,"2012",717,187
103105,"2011",898,245
103105,"2001",59,12
103105,"2007",NA,NA
103169,"2007",NA,NA
103169,"2008",1760,524
103169,"2005",949,295
103169,"2009",1824,510
103169,"2006",379,101
103169,"2003",406,115
103169,"2010",612,134
103169,"2004",1172,307
103175,"2006",NA,NA
103175,"2007",93,28
103175,"2005",101,32
103181,"2005",1231,332
103181,"2006",1220,372
103181,"2003",653,183
103181,"2000",NA,NA
103181,"2008",NA,NA
103181,"2007",868,225
103181,"1995",77,21
103181,"2004",581,182
103181,"2002",225,55
103181,"2009",NA,NA
103181,"2001",1551,419
103185,"1997",NA,NA
103185,"2008",NA,NA
103185,"2002",118,29
103185,"2003",120,34
103185,"2001",125,36
103185,"2007",NA,NA
103185,"2000",134,28
103188,"2010",1587,436
103188,"2006",NA,NA
103188,"2001",1211,353
103188,"2012",1072,331
103188,"2013",950,246
103188,"2007",1238,345
103188,"2011",1307,367
103188,"2009",317,80
103188,"2014",850,238
103188,"2000",333,98
103188,"2008",273,84
103188,"2003",88,24
103188,"2002",827,264
103188,"2015",NA,NA
103188,"1998",NA,NA
103204,"2002",NA,NA
103204,"2005",272,80
103204,"2003",NA,NA
103204,"2001",424,126
103204,"2006",158,30
103204,"2004",288,63
103204,"2007",165,55
103204,"2008",104,36
103204,"2000",NA,NA
103240,"2009",1001,257
103240,"1999",NA,NA
103240,"2001",135,39
103240,"2006",1195,361
103240,"2010",137,42
103240,"2005",2138,600
103240,"1996",NA,NA
103240,"2004",184,57
103240,"2002",163,45
103240,"2000",350,109
103240,"2003",NA,NA
103240,"2007",714,187
103240,"2008",NA,NA
103252,"2010",378,125
103252,"2003",NA,NA
103252,"2007",672,204
103252,"1998",279,86
103252,"2004",2242,662
103252,"2009",1191,328
103252,"2000",NA,NA
103252,"1996",171,43
103252,"2002",NA,NA
103252,"1999",NA,NA
103252,"2001",2680,860
103252,"1997",NA,NA
103252,"2005",2431,773
103252,"2006",1731,552
103252,"2008",320,95
103305,"2000",369,103
103305,"2004",351,90
103305,"2005",96,33
103305,"2002",NA,NA
103305,"1997",NA,NA
103305,"2001",451,107
103339,"1998",NA,NA
103339,"2007",111,26
103339,"2004",107,31
103339,"2006",192,44
103373,"2009",261,67
103373,"2007",NA,NA
103373,"2000",107,30
103373,"2008",1232,374
103373,"2005",NA,NA
103373,"2003",293,80
103373,"2006",462,156
103401,"2007",954,281
103401,"2011",395,118
103401,"2005",NA,NA
103401,"2014",201,56
103401,"2015",168,42
103401,"2004",895,259
103401,"2009",NA,NA
103401,"2016",NA,NA
103401,"2010",NA,NA
103401,"2006",NA,NA
103401,"2002",NA,NA
103401,"2000",NA,NA
103401,"2013",422,110
103401,"2008",598,181
103401,"2012",168,62
103408,"2002",728,198
103408,"2006",80,15
103408,"2003",1519,411
103408,"2004",513,126
103408,"2005",129,37
103420,"1996",154,52
103420,"1997",NA,NA
103420,"2001",NA,NA
103420,"2005",749,215
103420,"2004",NA,NA
103420,"1998",88,26
103420,"2008",NA,NA
103420,"2002",417,114
103420,"2000",342,106
103420,"1999",150,55
103424,"2006",230,55
103448,"2008",68,18
103451,"2010",953,297
103451,"2002",320,104
103451,"2006",1911,567
103451,"1999",173,48
103451,"2007",684,203
103451,"2009",1244,348
103451,"2011",412,109
103451,"1998",NA,NA
103451,"2014",194,59
103451,"2004",358,122
103451,"2012",1049,299
103451,"2001",264,69
103451,"2008",361,106
103451,"2005",1154,359
103451,"2013",265,69
103451,"2003",273,71
103451,"2000",NA,NA
103470,"2011",597,148
103470,"2012",NA,NA
103470,"2005",NA,NA
103470,"2009",1134,284
103470,"2007",1077,279
103470,"2008",698,166
103470,"2003",800,209
103470,"2004",336,84
103470,"2010",NA,NA
103470,"2006",458,133
103487,"2002",287,70
103487,"2007",NA,NA
103487,"2001",NA,NA
103487,"2005",388,119
103487,"2000",234,81
103487,"2006",218,75
103487,"1998",NA,NA
103490,"2009",567,178
103490,"2007",316,102
103490,"2006",127,33
103490,"2010",648,200
103490,"2004",NA,NA
103490,"2005",1138,345
103490,"2008",1056,324
103516,"2005",238,68
103516,"2006",344,98
103516,"2004",NA,NA
103516,"2007",220,66
103534,"2004",93,22
103534,"2012",155,58
103534,"2009",968,290
103534,"2007",1098,316
103534,"2008",640,173
103534,"2011",NA,NA
103534,"2005",NA,NA
103534,"2006",125,34
103538,"2006",134,32
103543,"2010",137,31
103543,"2008",364,101
103565,"2010",1323,409
103565,"2020",NA,NA
103565,"2011",331,63
103565,"2018",151,34
103565,"2015",320,90
103565,"2004",142,51
103565,"2017",456,104
103565,"2016",1562,490
103565,"2014",754,201
103565,"2012",NA,NA
103565,"2013",248,70
103566,"2013",NA,NA
103566,"2000",610,184
103566,"2014",436,111
103566,"2008",NA,NA
103566,"2003",642,166
103566,"2006",NA,NA
103566,"2010",NA,NA
103566,"2009",1384,345
103566,"2001",893,236
103566,"2002",NA,NA
103566,"2005",1499,378
103566,"2007",1673,463
103566,"2004",1492,440
103566,"2011",NA,NA
103566,"2012",1375,371
103582,"2016",646,180
103582,"2007",1250,343
103582,"2010",2172,551
103582,"2005",98,23
103582,"2014",410,100
103582,"2015",794,210
103582,"2013",236,86
103582,"2011",1875,537
103582,"2012",819,243
103582,"2004",NA,NA
103582,"2006",799,226
103582,"2008",NA,NA
103582,"2009",683,203
103656,"2005",1364,360
103656,"2010",NA,NA
103656,"2007",NA,NA
103656,"2006",1309,411
103656,"2008",2078,586
103656,"2012",954,291
103656,"2004",1051,284
103656,"2014",1109,285
103656,"2003",1029,309
103656,"2017",63,23
103656,"2001",948,291
103656,"2011",2227,703
103656,"2002",1845,477
103656,"2009",NA,NA
103656,"2013",1658,491
103656,"2015",657,216
103656,"2016",656,167
103675,"2006",192,63
103675,"2007",NA,NA
103675,"2009",931,274
103675,"2008",125,35
103675,"2010",NA,NA
103675,"2012",156,49
103675,"2011",283,71
103693,"2010",NA,NA
103693,"2006",437,129
103693,"2003",336,106
103693,"2008",400,95
103693,"2009",156,31
103693,"2007",331,76
103693,"2005",238,67
103693,"2002",NA,NA
103693,"2004",NA,NA
103700,"2002",NA,NA
103700,"2004",166,47
103700,"2007",NA,NA
103700,"2006",250,81
103700,"2005",139,36
103701,"2008",364,107
103701,"2007",NA,NA
103701,"2006",276,80
103702,"2006",56,13
103722,"2011",637,127
103722,"2010",2306,659
103722,"2004",282,105
103722,"2009",2411,641
103722,"2003",NA,NA
103722,"2014",NA,NA
103722,"2006",2361,712
103722,"2005",1021,335
103722,"2007",NA,NA
103722,"2013",NA,NA
103722,"2002",NA,NA
103722,"2012",623,160
103722,"2008",1932,558
103737,"2005",227,81
103737,"2006",548,159
103737,"2002",NA,NA
103737,"2003",80,26
103747,"2009",NA,NA
103747,"2011",NA,NA
103747,"2008",116,23
103747,"2006",35,5
103747,"2007",205,53
103747,"2010",96,27
103761,"2004",78,15
103761,"2007",120,25
103761,"2008",NA,NA
103761,"2006",NA,NA
103761,"2005",131,29
103763,"2008",163,50
103794,"2007",NA,NA
103794,"2006",975,247
103794,"2011",569,133
103794,"2008",1231,291
103794,"2015",NA,NA
103794,"2010",NA,NA
103794,"2016",1162,328
103794,"2014",2349,626
103794,"2012",1105,290
103794,"2013",1406,340
103794,"2017",NA,NA
103794,"2009",1401,345
103823,"2006",821,269
103823,"2009",474,131
103823,"2008",NA,NA
103823,"2012",64,17
103823,"2011",612,159
103823,"2002",NA,NA
103823,"2007",NA,NA
103823,"2005",193,60
103850,"2008",231,66
103850,"2009",106,28
103850,"2011",NA,NA
103868,"2008",917,257
103868,"2006",403,106
103868,"2007",NA,NA
103868,"2011",114,30
103868,"2010",389,95
103868,"2004",NA,NA
103868,"2005",218,73
103868,"2009",1493,376
103868,"2012",78,28
103893,"2014",1089,359
103893,"2017",NA,NA
103893,"2011",217,62
103893,"2010",NA,NA
103893,"2016",2389,718
103893,"2015",NA,NA
103893,"2007",84,25
103893,"2012",1291,359
103893,"2013",NA,NA
103893,"2019",962,247
103893,"2006",NA,NA
103893,"2009",NA,NA
103893,"2021",NA,NA
103893,"2018",1082,276
103893,"2020",224,57
103898,"2004",1330,377
103898,"2018",1077,282
103898,"2006",2332,732
103898,"2014",NA,NA
103898,"2009",2679,786
103898,"2002",NA,NA
103898,"2013",NA,NA
103898,"2001",67,21
103898,"2016",1026,255
103898,"2008",NA,NA
103898,"2015",228,48
103898,"2017",1175,294
103898,"2005",861,224
103898,"2003",481,144
103898,"2011",1988,559
103898,"2012",NA,NA
103898,"2010",NA,NA
103898,"2007",2326,691
103917,"2019",472,124
103917,"2006",1347,366
103917,"2010",787,169
103917,"2011",NA,NA
103917,"2016",1991,539
103917,"2017",1625,416
103917,"2003",512,142
103917,"2018",669,170
103917,"2021",NA,NA
103917,"2009",356,95
103917,"2012",1683,442
103917,"2007",2055,531
103917,"2001",265,69
103917,"2015",NA,NA
103917,"2002",NA,NA
103917,"2005",242,48
103917,"2000",NA,NA
103917,"2008",2002,489
103917,"2013",1120,335
103917,"2004",NA,NA
103917,"2014",1722,500
104023,"2011",68,18
104025,"2006",295,89
104025,"2008",789,207
104025,"2012",NA,NA
104025,"2005",230,69
104025,"2004",270,80
104025,"2009",546,120
104025,"2011",NA,NA
104025,"2010",NA,NA
104025,"2003",263,63
104025,"2007",1534,355
104035,"2010",NA,NA
104035,"2012",495,128
104035,"2005",693,182
104035,"2008",1710,441
104035,"2006",510,108
104035,"2011",NA,NA
104035,"2013",277,55
104035,"2004",NA,NA
104035,"2007",NA,NA
104035,"2009",701,175
104035,"2003",NA,NA
104043,"2016",NA,NA
104043,"2010",NA,NA
104043,"2008",156,51
104043,"2005",256,79
104043,"2007",NA,NA
104043,"2001",283,88
104043,"2013",NA,NA
104043,"2014",NA,NA
104043,"2003",310,95
104043,"2004",960,325
104043,"2002",174,59
104068,"2003",NA,NA
104068,"2002",730,196
104068,"2011",312,84
104068,"2005",2640,749
104068,"2010",1281,339
104068,"2006",NA,NA
104068,"2008",NA,NA
104068,"2007",1654,492
104068,"2013",135,41
104068,"2009",1698,482
104068,"2014",442,106
104068,"2001",394,106
104068,"2004",NA,NA
104068,"2012",294,84
104091,"2008",186,45
104149,"2008",101,30
104166,"2001",NA,NA
104166,"2003",577,167
104166,"2012",NA,NA
104166,"2011",2267,670
104166,"2009",203,61
104166,"2005",NA,NA
104166,"2008",NA,NA
104166,"2004",1122,309
104166,"2013",NA,NA
104166,"2006",212,49
104166,"2010",NA,NA
104166,"2014",304,78
104166,"2002",160,45
104167,"2009",235,57
104167,"2004",NA,NA
104167,"2005",94,18
104167,"2006",101,30
104173,"2006",118,32
104173,"2007",121,20
104173,"2008",471,131
104196,"2001",65,18
104196,"2002",NA,NA
104196,"2006",212,66
104198,"2014",2547,821
104198,"2009",2441,741
104198,"2008",NA,NA
104198,"2013",NA,NA
104198,"2016",2522,718
104198,"2010",2603,759
104198,"2017",878,233
104198,"2004",520,155
104198,"2018",2016,552
104198,"2011",2491,721
104198,"2005",2009,634
104198,"2019",626,135
104198,"2007",1840,574
104198,"2006",1778,556
104198,"2015",NA,NA
104198,"2012",2123,655
104198,"2003",NA,NA
104216,"2009",NA,NA
104216,"2013",134,41
104216,"2015",NA,NA
104216,"2008",455,147
104216,"2014",339,91
104216,"2016",317,90
104216,"2011",782,231
104216,"2012",NA,NA
104216,"2010",570,154
104216,"2007",NA,NA
104216,"2017",113,37
104224,"2005",111,25
104224,"2006",75,16
104230,"2008",164,53
104230,"2009",1387,404
104230,"2007",72,24
104230,"2003",NA,NA
104230,"2005",143,38
104230,"2010",NA,NA
104230,"2004",133,48
104256,"2012",87,16
104262,"2006",NA,NA
104262,"2011",671,187
104262,"2012",1696,569
104262,"2009",NA,NA
104262,"2010",NA,NA
104262,"2008",706,235
104262,"2013",354,111
104262,"2007",116,35
104269,"2022",888,273
104269,"2017",2712,826
104269,"2002",120,43
104269,"2007",NA,NA
104269,"2008",NA,NA
104269,"2015",2725,736
104269,"2014",2506,752
104269,"2004",2365,673
104269,"2019",2750,786
104269,"2016",2733,853
104269,"2020",658,187
104269,"2023",NA,NA
104269,"2005",NA,NA
104269,"2012",2556,790
104269,"2010",NA,NA
104269,"2011",NA,NA
104269,"2018",3277,1027
104269,"2006",NA,NA
104269,"2021",439,122
104269,"2013",NA,NA
104269,"2003",NA,NA
104269,"2009",NA,NA
104273,"2011",881,237
104273,"2009",225,56
104273,"2007",688,222
104273,"2013",2426,695
104273,"2010",457,118
104273,"2008",301,76
104273,"2004",93,11
104273,"2012",1831,525
104273,"2015",903,273
104273,"2014",2233,577
104273,"2016",285,84
104291,"2017",1761,466
104291,"2011",NA,NA
104291,"2023",NA,NA
104291,"2015",1524,401
104291,"2019",1051,298
104291,"2022",160,39
104291,"2012",849,215
104291,"2003",NA,NA
104291,"2004",NA,NA
104291,"2021",188,52
104291,"2014",740,174
104291,"2016",2074,549
104291,"2013",NA,NA
104291,"2020",NA,NA
104291,"2018",2064,554
104291,"2008",NA,NA
104314,"2009",712,199
104314,"2011",419,99
104314,"2008",401,128
104314,"2010",349,96
104330,"2012",636,162
104330,"2016",NA,NA
104330,"2009",648,163
104330,"2006",NA,NA
104330,"2004",186,37
104330,"2005",212,51
104330,"2003",52,15
104330,"2011",185,47
104330,"2013",709,184
104330,"2007",142,42
104330,"2008",219,59
104330,"2002",NA,NA
104330,"2010",1108,269
104330,"2017",157,38
104330,"2014",431,112
104330,"2015",690,166
104332,"2007",NA,NA
104332,"2009",1975,513
104332,"2012",NA,NA
104332,"2014",148,33
104332,"2013",327,98
104332,"2008",1033,308
104332,"2003",199,53
104332,"2011",NA,NA
104332,"2010",1975,550
104332,"2005",NA,NA
104332,"2004",84,28
104460,"2013",385,104
104460,"2011",709,193
104460,"2015",NA,NA
104460,"2003",NA,NA
104460,"2017",1346,346
104460,"2018",NA,NA
104460,"2016",1287,382
104460,"2019",192,39
104460,"2014",1339,349
104460,"2010",797,182
104460,"2021",NA,NA
104460,"2012",512,138
104515,"2008",158,46
104515,"2007",257,75
104515,"2009",94,35
104515,"2006",128,46
104547,"2016",874,190
104547,"2009",530,122
104547,"2012",581,159
104547,"2015",263,66
104547,"2014",637,144
104547,"2018",1273,313
104547,"2017",2050,450
104547,"2013",NA,NA
104547,"2011",501,139
104547,"2010",NA,NA
104548,"2012",1274,363
104548,"2004",338,82
104548,"2002",NA,NA
104548,"2016",624,142
104548,"2005",309,71
104548,"2013",398,124
104548,"2003",NA,NA
104593,"2012",964,266
104593,"2015",1464,417
104593,"2016",816,238
104593,"2009",1353,363
104593,"2011",1690,493
104593,"2018",NA,NA
104593,"2005",NA,NA
104593,"2014",1447,428
104593,"2006",273,73
104593,"2010",1974,536
104593,"2004",NA,NA
104593,"2013",2066,610
104593,"2017",NA,NA
104593,"2008",620,195
104628,"2014",157,41
104628,"2013",69,17
104628,"2010",NA,NA
104628,"2016",NA,NA
104628,"2012",NA,NA
104628,"2011",55,17
104628,"2015",NA,NA
104628,"2007",117,36
104628,"2008",278,69
104629,"2015",249,56
104629,"2012",NA,NA
104629,"2018",282,75
104629,"2013",NA,NA
104629,"2019",181,56
104629,"2017",312,82
104633,"2011",82,22
104651,"2014",135,27
104651,"2013",815,263
104665,"2014",NA,NA
104665,"2018",661,226
104665,"2023",NA,NA
104665,"2016",349,82
104665,"2019",NA,NA
104665,"2008",532,180
104665,"2015",NA,NA
104665,"2020",821,248
104665,"2021",NA,NA
104665,"2012",2279,698
104665,"2013",2217,641
104665,"2007",240,82
104665,"2009",593,177
104665,"2011",2167,691
104665,"2010",814,254
104665,"2022",1003,327
104672,"2018",69,23
104672,"2009",NA,NA
104672,"2011",NA,NA
104672,"2016",266,58
104672,"2017",333,94
104672,"2014",189,57
104672,"2012",76,21
104672,"2015",NA,NA
104714,"2012",118,31
104714,"2010",579,163
104714,"2006",NA,NA
104714,"2015",159,56
104714,"2011",480,144
104714,"2007",NA,NA
104714,"2013",538,163
104714,"2014",577,176
104717,"2004",NA,NA
104717,"2005",NA,NA
104717,"2009",343,96
104717,"2010",198,46
104717,"2008",322,91
104719,"2007",180,60
104719,"2006",NA,NA
104719,"2008",1491,441
104719,"2017",1034,297
104719,"2014",2098,608
104719,"2015",1454,408
104719,"2019",903,244
104719,"2011",2272,722
104719,"2016",NA,NA
104719,"2018",405,118
104719,"2013",NA,NA
104719,"2010",2030,659
104719,"2009",1903,600
104719,"2012",NA,NA
104721,"2010",428,96
104721,"2013",NA,NA
104721,"2009",525,120
104721,"2008",287,57
104731,"2016",1843,429
104731,"2009",354,63
104731,"2012",NA,NA
104731,"2022",332,59
104731,"2015",3558,903
104731,"2007",NA,NA
104731,"2013",3019,843
104731,"2014",NA,NA
104731,"2018",NA,NA
104731,"2020",1048,271
104731,"2019",701,210
104731,"2008",NA,NA
104731,"2017",2857,784
104731,"2011",NA,NA
104731,"2010",1612,407
104731,"2021",1378,314
104731,"2023",176,46
104735,"2013",NA,NA
104735,"2010",708,206
104735,"2008",NA,NA
104735,"2019",NA,NA
104735,"2016",405,126
104735,"2007",NA,NA
104735,"2017",182,48
104735,"2011",1682,518
104735,"2014",NA,NA
104735,"2015",312,85
104735,"2012",1208,405
104812,"2009",83,29
104812,"2005",336,91
104812,"2007",200,40
104812,"2008",NA,NA
104812,"2006",236,64
104812,"2004",NA,NA
104851,"2013",NA,NA
104851,"2006",29,8
104851,"2008",411,111
104851,"2011",108,30
104851,"2005",NA,NA
104871,"2017",NA,NA
104871,"2012",2113,599
104871,"2019",2798,754
104871,"2023",218,51
104871,"2016",1924,572
104871,"2013",2659,739
104871,"2015",2753,736
104871,"2008",1140,293
104871,"2020",419,114
104871,"2010",2420,695
104871,"2006",212,77
104871,"2007",NA,NA
104871,"2009",NA,NA
104871,"2014",2933,796
104871,"2011",NA,NA
104871,"2018",2563,648
104871,"2021",NA,NA
104897,"2015",347,86
104897,"2007",117,36
104897,"2014",312,85
104897,"2013",282,72
104897,"2008",NA,NA
104897,"2021",NA,NA
104897,"2012",1339,376
104897,"2016",NA,NA
104897,"2018",459,134
104897,"2011",664,191
104897,"2019",338,87
104897,"2010",175,50
104932,"2015",743,179
104932,"2014",1149,238
104932,"2018",NA,NA
104932,"2016",343,92
104932,"2017",419,136
104932,"2013",NA,NA
104932,"2011",NA,NA
104932,"2012",252,46
104948,"2010",83,15
104976,"2011",1474,416
104976,"2009",403,111
104976,"2005",NA,NA
104976,"2007",284,75
104976,"2012",919,234
104976,"2013",NA,NA
104976,"2006",182,39
104976,"2008",154,46
104976,"2010",611,168
104978,"2010",1486,348
104978,"2007",85,17
104978,"2011",740,170
104978,"2017",224,65
104978,"2019",95,23
104978,"2015",127,33
104978,"2013",NA,NA
104978,"2012",843,199
104978,"2018",NA,NA
104978,"2009",622,155
104978,"2008",201,47
104978,"2014",NA,NA
104978,"2016",346,84
104999,"2015",793,213
104999,"2013",433,129
104999,"2017",3179,908
104999,"2021",NA,NA
104999,"2011",856,237
104999,"2010",NA,NA
104999,"2016",1216,378
104999,"2012",NA,NA
104999,"2018",2237,647
104999,"2006",301,76
104999,"2008",NA,NA
104999,"2007",793,240
104999,"2019",567,136
104999,"2009",1956,592
104999,"2020",101,26
105023,"2006",802,214
105023,"2016",2546,660
105023,"2009",NA,NA
105023,"2022",704,169
105023,"2011",1437,411
105023,"2018",2453,621
105023,"2013",NA,NA
105023,"2010",NA,NA
105023,"2017",NA,NA
105023,"2007",2063,561
105023,"2014",NA,NA
105023,"2012",NA,NA
105023,"2008",NA,NA
105023,"2019",2120,556
105023,"2021",NA,NA
105023,"2020",514,118
105023,"2015",2209,603
105028,"2013",920,251
105028,"2008",NA,NA
105028,"2010",232,59
105028,"2011",NA,NA
105028,"2006",NA,NA
105028,"2007",156,46
105028,"2012",1177,320
105028,"2009",743,204
105032,"2015",NA,NA
105032,"2016",900,221
105032,"2008",105,30
105032,"2009",136,30
105032,"2014",NA,NA
105032,"2013",361,94
105032,"2017",366,77
105051,"2016",NA,NA
105051,"2012",NA,NA
105051,"2013",NA,NA
105051,"2024",NA,NA
105051,"2017",678,206
105051,"2021",446,128
105051,"2019",989,266
105051,"2010",118,29
105051,"2014",1065,275
105051,"2022",NA,NA
105051,"2011",874,257
105051,"2015",387,92
105051,"2018",1933,529
105065,"2017",343,85
105065,"2015",773,206
105065,"2014",794,212
105065,"2010",209,45
105065,"2012",429,126
105065,"2016",898,271
105065,"2018",846,219
105065,"2013",1049,301
105065,"2011",484,155
105065,"2008",NA,NA
105065,"2019",153,34
105077,"2017",3465,1024
105077,"2018",2394,624
105077,"2021",2560,771
105077,"2011",1401,407
105077,"2016",3184,964
105077,"2012",NA,NA
105077,"2020",1186,357
105077,"2023",2012,582
105077,"2024",475,115
105077,"2022",NA,NA
105077,"2015",1750,489
105077,"2010",299,91
105077,"2019",2303,690
105077,"2013",NA,NA
105077,"2014",1520,468
105113,"2017",150,41
105113,"2012",67,16
105113,"2014",NA,NA
105128,"2011",102,27
105128,"2013",123,31
105137,"2007",77,22
105137,"2015",NA,NA
105137,"2016",NA,NA
105137,"2010",1010,301
105137,"2012",358,93
105137,"2013",NA,NA
105137,"2011",1387,365
105137,"2009",204,64
105137,"2014",NA,NA
105154,"2010",197,63
105154,"2014",190,60
105154,"2017",150,30
105154,"2015",NA,NA
105154,"2016",124,26
105154,"2013",176,35
105154,"2011",691,224
105154,"2012",NA,NA
105173,"2015",NA,NA
105173,"2014",1793,515
105173,"2023",NA,NA
105173,"2022",NA,NA
105173,"2020",1559,470
105173,"2016",2451,715
105173,"2008",235,59
105173,"2011",1886,536
105173,"2019",2329,698
105173,"2021",1822,502
105173,"2024",NA,NA
105173,"2010",355,88
105173,"2018",2861,784
105173,"2017",2735,829
105173,"2013",1236,297
105173,"2009",NA,NA
105173,"2012",304,72
105181,"2017",115,27
105332,"2014",1579,444
105332,"2016",2783,870
105332,"2010",343,89
105332,"2024",286,82
105332,"2023",NA,NA
105332,"2018",3031,965
105332,"2013",2946,941
105332,"2019",3192,1003
105332,"2011",795,240
105332,"2012",2911,956
105332,"2020",1316,390
105332,"2021",2072,633
105332,"2017",2978,977
105332,"2015",2183,712
105332,"2022",1397,402
105357,"2016",2006,583
105357,"2019",2315,639
105357,"2010",NA,NA
105357,"2011",NA,NA
105357,"2022",1279,331
105357,"2023",275,81
105357,"2015",652,154
105357,"2012",132,34
105357,"2018",1986,589
105357,"2017",504,140
105357,"2020",1708,497
105357,"2013",179,57
105357,"2021",NA,NA
105359,"2017",NA,NA
105359,"2022",NA,NA
105359,"2023",118,32
105359,"2018",251,64
105359,"2021",214,58
105359,"2020",461,141
105359,"2019",NA,NA
105376,"2010",NA,NA
105376,"2018",2259,613
105376,"2019",1401,379
105376,"2012",NA,NA
105376,"2017",1093,302
105376,"2013",347,107
105376,"2015",164,49
105376,"2014",NA,NA
105376,"2022",NA,NA
105376,"2021",1206,342
105376,"2016",148,28
105376,"2020",238,71
105379,"2013",1276,332
105379,"2017",1855,536
105379,"2012",NA,NA
105379,"2015",1530,400
105379,"2018",NA,NA
105379,"2014",493,130
105379,"2020",1092,263
105379,"2010",NA,NA
105379,"2011",NA,NA
105379,"2022",NA,NA
105379,"2016",1660,463
105379,"2019",NA,NA
105379,"2021",1545,456
105406,"2021",114,22
105406,"2017",NA,NA
105406,"2020",81,16
105430,"2009",NA,NA
105430,"2016",750,222
105430,"2021",1061,313
105430,"2017",1385,382
105430,"2019",2658,747
105430,"2024",652,198
105430,"2023",879,263
105430,"2018",1921,558
105430,"2022",988,272
105430,"2015",NA,NA
105430,"2012",NA,NA
105430,"2020",NA,NA
105430,"2013",NA,NA
105430,"2014",NA,NA
105432,"2017",91,16
105432,"2018",331,78
105432,"2023",NA,NA
105432,"2020",247,62
105432,"2022",NA,NA
105432,"2019",801,178
105432,"2021",120,22
105449,"2011",NA,NA
105449,"2017",NA,NA
105449,"2021",1205,306
105449,"2020",808,188
105449,"2010",NA,NA
105449,"2015",NA,NA
105449,"2012",386,74
105449,"2014",NA,NA
105449,"2019",1701,441
105449,"2023",285,70
105449,"2013",731,172
105449,"2024",NA,NA
105449,"2016",2708,708
105449,"2018",2390,636
105449,"2022",NA,NA
105472,"2013",121,31
105477,"2019",216,64
105477,"2023",NA,NA
105477,"2018",429,146
105477,"2020",NA,NA
105477,"2021",260,77
105477,"2022",NA,NA
105477,"2024",266,81
105477,"2012",112,47
105477,"2016",375,112
105477,"2013",61,18
105477,"2017",150,34
105487,"2021",NA,NA
105487,"2022",1027,297
105487,"2024",388,135
105487,"2015",270,80
105487,"2012",128,30
105487,"2014",290,77
105487,"2011",NA,NA
105487,"2019",241,59
105487,"2017",777,203
105487,"2018",349,93
105487,"2020",247,77
105487,"2016",727,220
105487,"2023",NA,NA
105512,"2016",110,32
105512,"2015",71,14
105512,"2021",NA,NA
105526,"2018",2504,640
105526,"2020",1457,421
105526,"2017",2694,723
105526,"2015",NA,NA
105526,"2016",1597,476
105526,"2023",1938,508
105526,"2022",NA,NA
105526,"2014",1460,373
105526,"2019",3245,917
105526,"2013",650,162
105526,"2024",NA,NA
105526,"2021",NA,NA
105542,"2015",124,29
105550,"2019",3172,896
105550,"2020",979,286
105550,"2021",1118,320
105550,"2012",NA,NA
105550,"2015",261,54
105550,"2017",NA,NA
105550,"2013",951,239
105550,"2016",2175,596
105550,"2014",311,64
105550,"2023",1187,296
105550,"2018",NA,NA
105558,"2013",NA,NA
105558,"2011",122,40
105558,"2010",357,92
105558,"2012",666,172
105558,"2009",109,33
105561,"2023",NA,NA
105561,"2012",275,99
105561,"2014",NA,NA
105561,"2016",127,31
105561,"2017",760,208
105561,"2022",NA,NA
105561,"2011",139,46
105561,"2019",186,60
105561,"2021",165,38
105561,"2018",95,22
105577,"2014",NA,NA
105577,"2020",1241,324
105577,"2008",NA,NA
105577,"2015",NA,NA
105577,"2013",NA,NA
105577,"2022",NA,NA
105577,"2011",NA,NA
105577,"2023",189,53
105577,"2021",1080,263
105577,"2019",646,138
105577,"2018",1136,272
105577,"2012",NA,NA
105577,"2024",48,21
105577,"2017",1043,273
105577,"2016",1536,362
105643,"2018",1571,478
105643,"2022",1461,422
105643,"2017",917,255
105643,"2020",1104,318
105643,"2021",NA,NA
105643,"2013",951,286
105643,"2009",NA,NA
105643,"2014",2165,577
105643,"2015",NA,NA
105643,"2010",NA,NA
105643,"2011",198,70
105643,"2012",623,198
105643,"2016",2705,760
105643,"2019",1860,537
105643,"2023",130,41
105649,"2016",NA,NA
105649,"2011",416,151
105649,"2012",NA,NA
105649,"2017",540,188
105649,"2019",814,225
105649,"2018",NA,NA
105649,"2013",129,39
105649,"2021",195,59
105649,"2022",124,27
105649,"2020",265,78
105650,"2016",101,33
105655,"2022",127,42
105655,"2016",NA,NA
105655,"2015",204,47
105655,"2014",NA,NA
105655,"2012",167,35
105677,"2016",66,12
105678,"2014",173,70
105732,"2020",1089,333
105732,"2022",206,62
105732,"2014",764,189
105732,"2013",168,41
105732,"2019",1972,513
105732,"2017",1511,368
105732,"2016",1080,270
105732,"2018",2533,672
105732,"2023",220,58
105732,"2015",640,160
105732,"2024",239,57
105732,"2021",1282,377
105807,"2013",639,196
105807,"2015",1905,544
105807,"2011",NA,NA
105807,"2019",2688,700
105807,"2021",NA,NA
105807,"2017",NA,NA
105807,"2014",NA,NA
105807,"2023",282,65
105807,"2016",2931,888
105807,"2022",NA,NA
105807,"2018",2513,718
105807,"2020",1644,465
105807,"2024",666,199
105815,"2018",1852,507
105815,"2021",NA,NA
105815,"2019",1593,432
105815,"2017",377,87
105815,"2020",1295,316
105815,"2022",NA,NA
105815,"2024",NA,NA
105819,"2023",143,45
105819,"2019",940,259
105819,"2018",461,118
105819,"2024",NA,NA
105819,"2016",NA,NA
105819,"2015",76,20
105819,"2012",NA,NA
105819,"2017",174,48
105826,"2015",72,17
105870,"2019",NA,NA
105870,"2021",NA,NA
105870,"2020",377,131
105870,"2024",1934,538
105870,"2023",NA,NA
105870,"2022",576,170
105870,"2018",411,116
105870,"2017",598,172
105874,"2016",NA,NA
105874,"2013",156,29
105874,"2012",157,24
105874,"2014",302,69
105881,"2017",85,11
105881,"2016",362,72
105882,"2020",868,236
105882,"2018",522,143
105882,"2021",1465,464
105882,"2023",NA,NA
105882,"2017",288,86
105882,"2022",416,108
105882,"2014",NA,NA
105882,"2019",603,168
105902,"2023",376,97
105902,"2015",1144,297
105902,"2021",NA,NA
105902,"2020",614,133
105902,"2012",233,65
105902,"2018",436,103
105902,"2022",1132,248
105902,"2014",411,62
105902,"2013",743,200
105902,"2019",NA,NA
105902,"2024",1135,234
105902,"2017",NA,NA
105902,"2016",615,156
105948,"2022",1571,519
105948,"2023",975,326
105948,"2024",1029,328
105948,"2018",92,25
105948,"2021",NA,NA
105948,"2020",847,267
105952,"2022",NA,NA
105952,"2021",NA,NA
105952,"2020",257,89
105952,"2018",NA,NA
105952,"2017",1092,343
105952,"2015",214,63
105952,"2016",889,239
105952,"2014",93,29
105963,"2017",313,84
105963,"2019",NA,NA
105963,"2015",80,24
105992,"2020",86,28
105992,"2008",48,15
105992,"2019",366,87
105992,"2015",NA,NA
105992,"2017",NA,NA
105992,"2012",NA,NA
105992,"2014",704,201
105992,"2011",1598,462
105992,"2018",NA,NA
105992,"2021",NA,NA
105992,"2016",1084,281
105992,"2013",1540,371
105992,"2010",650,174
106034,"2022",NA,NA
106034,"2014",NA,NA
106034,"2015",NA,NA
106034,"2024",160,43
106034,"2018",153,39
106034,"2019",211,50
106034,"2020",456,112
106034,"2021",645,151
106034,"2017",175,44
106034,"2013",NA,NA
106044,"2022",NA,NA
106044,"2021",NA,NA
106044,"2018",973,311
106044,"2017",994,282
106044,"2016",161,48
106045,"2014",418,135
106045,"2020",NA,NA
106045,"2019",1625,478
106045,"2012",528,149
106045,"2022",1188,288
106045,"2017",77,25
106045,"2023",NA,NA
106045,"2018",1285,303
106045,"2016",1252,336
106045,"2011",180,56
106045,"2024",206,64
106045,"2021",1043,234
106045,"2010",111,35
106045,"2013",701,158
106045,"2015",NA,NA
106058,"2017",NA,NA
106058,"2021",665,178
106058,"2016",3101,880
106058,"2023",292,77
106058,"2014",2068,527
106058,"2012",588,160
106058,"2022",NA,NA
106058,"2019",NA,NA
106058,"2010",NA,NA
106058,"2011",162,40
106058,"2018",NA,NA
106058,"2020",461,135
106058,"2015",NA,NA
106058,"2013",1053,266
106065,"2020",1140,332
106065,"2015",NA,NA
106065,"2023",1101,314
106065,"2022",550,148
106065,"2018",NA,NA
106065,"2019",NA,NA
106065,"2021",1793,546
106065,"2013",NA,NA
106065,"2014",NA,NA
106065,"2017",262,71
106065,"2016",576,143
106075,"2016",729,204
106075,"2017",400,99
106075,"2020",359,89
106075,"2019",434,99
106075,"2021",562,188
106075,"2018",596,183
106075,"2022",196,49
106075,"2023",NA,NA
106075,"2024",439,114
106099,"2017",NA,NA
106099,"2019",518,167
106099,"2022",NA,NA
106099,"2021",1161,302
106099,"2020",1003,258
106099,"2018",257,70
106099,"2016",NA,NA
106109,"2022",NA,NA
106109,"2020",353,90
106109,"2023",127,35
106109,"2024",242,69
106109,"2021",616,172
106109,"2018",464,104
106109,"2017",NA,NA
106109,"2019",415,123
106109,"2015",NA,NA
106120,"2018",207,59
106121,"2015",NA,NA
106121,"2018",1635,408
106121,"2024",1524,384
106121,"2017",798,217
106121,"2020",272,65
106121,"2023",1339,382
106121,"2016",1281,367
106121,"2022",1558,473
106121,"2014",NA,NA
106121,"2021",NA,NA
106121,"2019",1342,406
106137,"2021",88,26
106137,"2016",166,47
106137,"2017",NA,NA
106137,"2019",83,32
106148,"2019",1756,566
106148,"2024",2467,737
106148,"2014",260,86
106148,"2018",1477,401
106148,"2020",624,180
106148,"2017",205,55
106148,"2021",NA,NA
106148,"2022",1384,393
106148,"2023",1937,534
106148,"2016",666,195
106148,"2015",114,29
106148,"2013",NA,NA
106162,"2022",273,96
106186,"2022",NA,NA
106186,"2010",NA,NA
106186,"2018",322,104
106186,"2021",100,31
106186,"2014",109,37
106186,"2019",NA,NA
106186,"2024",206,63
106186,"2023",1339,356
106214,"2023",NA,NA
106214,"2021",631,167
106214,"2022",NA,NA
106214,"2020",164,59
106214,"2018",137,18
106214,"2024",NA,NA
106214,"2019",207,52
106216,"2018",390,117
106216,"2022",NA,NA
106216,"2021",339,82
106216,"2015",NA,NA
106216,"2016",729,176
106216,"2023",NA,NA
106216,"2019",437,110
106216,"2017",912,226
106218,"2014",NA,NA
106218,"2022",2169,583
106218,"2024",2550,714
106218,"2023",2757,795
106218,"2020",933,241
106218,"2018",85,23
106218,"2019",321,80
106218,"2021",NA,NA
106225,"2017",221,48
106225,"2016",93,22
106234,"2016",NA,NA
106234,"2023",2022,554
106234,"2015",89,29
106234,"2021",NA,NA
106234,"2020",246,72
106234,"2024",649,170
106234,"2022",2475,748
106234,"2013",NA,NA
106234,"2014",NA,NA
106249,"2019",NA,NA
106249,"2015",NA,NA
106249,"2020",155,43
106249,"2018",144,42
106249,"2017",175,59
106261,"2016",429,109
106261,"2017",177,41
106261,"2012",154,34
106261,"2015",NA,NA
106283,"2019",NA,NA
106283,"2020",107,25
106283,"2021",NA,NA
106283,"2024",392,110
106283,"2023",76,22
106283,"2014",NA,NA
106283,"2022",390,106
106283,"2017",184,49
106283,"2018",211,46
106290,"2014",137,40
106290,"2015",NA,NA
106290,"2013",102,33
106296,"2021",394,115
106296,"2017",NA,NA
106296,"2022",279,76
106296,"2023",2357,668
106296,"2020",717,186
106296,"2024",588,166
106296,"2018",NA,NA
106296,"2016",NA,NA
106296,"2019",731,195
106298,"2018",2500,676
106298,"2016",NA,NA
106298,"2024",NA,NA
106298,"2019",2239,581
106298,"2023",102,33
106298,"2013",222,49
106298,"2015",1103,282
106298,"2017",2938,800
106298,"2022",509,154
106298,"2021",999,299
106298,"2014",298,101
106328,"2021",177,62
106328,"2013",122,29
106328,"2016",NA,NA
106328,"2017",NA,NA
106328,"2022",101,25
106328,"2018",156,34
106329,"2019",NA,NA
106329,"2017",1836,462
106329,"2022",NA,NA
106329,"2020",1005,260
106329,"2016",497,119
106329,"2018",974,240
106329,"2023",NA,NA
106329,"2021",NA,NA
106329,"2024",1206,292
106331,"2020",184,40
106331,"2023",2195,584
106331,"2017",NA,NA
106331,"2022",977,259
106331,"2024",1821,463
106331,"2021",877,216
106361,"2016",316,100
106361,"2018",169,48
106361,"2017",268,79
106390,"2015",83,24
106398,"2019",115,32
106398,"2022",703,200
106398,"2023",NA,NA
106398,"2024",788,212
106398,"2020",68,25
106398,"2018",NA,NA
106398,"2016",NA,NA
106415,"2018",1054,278
106415,"2021",NA,NA
106415,"2016",945,237
106415,"2023",2101,561
106415,"2020",1349,408
106415,"2024",NA,NA
106415,"2022",1699,442
106415,"2015",336,86
106415,"2019",NA,NA
106415,"2014",NA,NA
106415,"2017",770,218
106420,"2017",239,63
106421,"2024",3632,1174
106421,"2016",481,167
106421,"2020",2019,634
106421,"2018",NA,NA
106421,"2017",NA,NA
106421,"2022",3292,1047
106421,"2023",NA,NA
106421,"2019",3721,1143
106421,"2021",NA,NA
109303,"2023",NA,NA
109303,"2017",197,56
109303,"2024",255,71
109686,"2023",124,29
110602,"2023",NA,NA
110602,"2019",NA,NA
110602,"2017",107,30
110602,"2015",116,28
110602,"2022",NA,NA
110602,"2021",738,171
110602,"2020",961,259
110602,"2013",NA,NA
110602,"2016",247,57
110602,"2018",617,179
110748,"2022",156,37
110748,"2019",57,22
110748,"2014",102,28
110748,"2021",106,36
110748,"2020",308,97
111153,"2016",NA,NA
111153,"2017",227,53
111153,"2015",NA,NA
111153,"2023",2249,504
111153,"2022",492,110
111153,"2019",490,122
111153,"2020",NA,NA
111153,"2018",NA,NA
111153,"2021",271,66
111153,"2024",1474,324
111197,"2018",137,29
111202,"2019",729,185
111202,"2013",NA,NA
111202,"2017",2204,707
111202,"2016",918,258
111202,"2015",NA,NA
111202,"2014",NA,NA
111202,"2018",2307,737
111442,"2023",2094,582
111442,"2014",NA,NA
111442,"2021",2189,611
111442,"2022",NA,NA
111442,"2019",2415,682
111442,"2016",673,169
111442,"2024",NA,NA
111442,"2018",703,198
111442,"2017",1505,451
111442,"2020",1154,319
111442,"2015",NA,NA
111456,"2022",2655,796
111456,"2016",NA,NA
111456,"2023",NA,NA
111456,"2021",NA,NA
111456,"2024",912,268
111456,"2019",1069,290
111456,"2018",1270,323
111456,"2013",NA,NA
111456,"2020",654,189
111460,"2022",841,210
111460,"2017",433,90
111460,"2024",980,241
111460,"2018",336,99
111460,"2015",NA,NA
111460,"2021",NA,NA
111460,"2023",1762,438
111460,"2019",NA,NA
111460,"2016",484,125
111460,"2020",NA,NA
111575,"2020",1971,557
111575,"2018",3354,956
111575,"2013",NA,NA
111575,"2017",3070,878
111575,"2024",3060,838
111575,"2023",2556,774
111575,"2016",1118,332
111575,"2014",NA,NA
111575,"2019",3204,890
111575,"2022",NA,NA
111575,"2015",NA,NA
111575,"2021",NA,NA
111577,"2014",NA,NA
111577,"2018",1556,416
111577,"2019",103,31
111577,"2016",727,190
111577,"2017",NA,NA
111577,"2015",485,110
111581,"2021",304,89
111581,"2020",323,95
111581,"2019",NA,NA
111581,"2018",659,163
111581,"2017",NA,NA
111581,"2023",1374,370
111581,"2022",NA,NA
111581,"2024",298,79
111581,"2016",NA,NA
111815,"2022",NA,NA
111815,"2021",3586,1141
111815,"2023",3092,953
111815,"2024",NA,NA
111815,"2017",254,64
111815,"2018",1909,607
111815,"2019",2147,603
111815,"2020",1170,358
117358,"2021",77,16
117360,"2019",180,45
117360,"2024",NA,NA
117360,"2021",471,153
117360,"2017",NA,NA
117360,"2020",478,147
117360,"2023",52,15
120424,"2017",138,42
120424,"2019",421,117
120424,"2016",NA,NA
120424,"2020",NA,NA
120424,"2018",678,217
120798,"2016",141,45
122298,"2023",2563,790
122298,"2024",2092,587
122298,"2021",1598,485
122298,"2022",NA,NA
122298,"2019",NA,NA
122330,"2024",NA,NA
122330,"2022",NA,NA
122330,"2018",227,63
122330,"2017",269,71
122330,"2020",1471,419
122330,"2023",NA,NA
122330,"2016",198,77
122330,"2021",NA,NA
122330,"2019",1714,466
122554,"2024",97,31
123755,"2020",401,133
123755,"2018",235,70
123755,"2015",92,14
123755,"2019",339,108
123755,"2023",NA,NA
123755,"2021",NA,NA
123755,"2022",NA,NA
123755,"2024",1196,345
123828,"2016",NA,NA
123828,"2023",241,62
123828,"2024",286,71
123896,"2023",75,19
123961,"2024",82,33
123961,"2022",NA,NA
123961,"2021",101,36
124014,"2023",NA,NA
124014,"2024",NA,NA
124014,"2017",1204,303
124014,"2020",119,27
124014,"2019",NA,NA
124014,"2022",NA,NA
124014,"2016",260,55
124014,"2018",464,87
124014,"2021",333,100
124079,"2023",755,220
124079,"2024",2009,582
124079,"2019",NA,NA
124079,"2021",1731,529
124079,"2020",771,240
124079,"2018",NA,NA
124079,"2022",2320,724
124116,"2018",122,20
124116,"2021",189,30
124116,"2022",154,40
124116,"2023",NA,NA
124116,"2024",2215,616
124116,"2017",356,86
124116,"2020",114,40
124116,"2019",NA,NA
124186,"2017",NA,NA
124186,"2019",NA,NA
124186,"2024",1718,470
124186,"2021",212,61
124186,"2023",1079,321
124187,"2019",2802,582
124187,"2024",773,162
124187,"2016",490,81
124187,"2018",217,51
124187,"2022",1874,403
124187,"2020",990,222
124187,"2021",NA,NA
124187,"2017",462,82
125802,"2019",NA,NA
125802,"2022",2212,640
125802,"2017",321,108
125802,"2018",NA,NA
125802,"2020",429,103
125802,"2021",NA,NA
125802,"2023",1369,405
125802,"2016",392,155
126094,"2019",2688,803
126094,"2016",305,79
126094,"2021",NA,NA
126094,"2014",NA,NA
126094,"2018",NA,NA
126094,"2017",2067,608
126094,"2023",4350,1300
126094,"2020",2532,812
126094,"2015",NA,NA
126094,"2024",NA,NA
126094,"2022",3603,1077
126106,"2022",489,138
126106,"2023",148,28
126127,"2017",99,26
126127,"2022",NA,NA
126127,"2021",519,146
126127,"2024",572,176
126127,"2018",NA,NA
126127,"2023",NA,NA
126127,"2020",193,66
126128,"2017",NA,NA
126128,"2023",1869,535
126128,"2021",415,118
126128,"2024",2361,699
126128,"2022",NA,NA
126128,"2020",94,33
126129,"2023",116,27
126129,"2024",608,153
126149,"2021",1920,517
126149,"2020",658,188
126149,"2017",NA,NA
126149,"2022",290,61
126149,"2019",98,36
126174,"2018",109,41
126203,"2020",1634,437
126203,"2016",1721,436
126203,"2024",3868,1061
126203,"2017",1242,334
126203,"2022",NA,NA
126203,"2019",NA,NA
126203,"2021",2901,797
126203,"2015",70,18
126203,"2018",2246,577
126203,"2023",NA,NA
126205,"2024",3258,1113
126205,"2023",NA,NA
126205,"2015",NA,NA
126205,"2022",NA,NA
126205,"2017",509,132
126205,"2021",NA,NA
126205,"2019",274,76
126205,"2016",225,53
126205,"2020",1407,398
126205,"2018",187,49
126207,"2022",NA,NA
126207,"2014",NA,NA
126207,"2017",NA,NA
126207,"2021",NA,NA
126207,"2015",327,70
126207,"2019",2675,712
126207,"2024",3290,895
126207,"2018",NA,NA
126207,"2023",2954,803
126207,"2020",1076,306
126207,"2016",385,96
126214,"2021",232,65
126214,"2022",NA,NA
126214,"2024",NA,NA
126214,"2023",396,116
126214,"2020",357,89
126409,"2024",513,152
126409,"2021",NA,NA
126409,"2023",286,70
126409,"2022",484,122
126523,"2022",1246,413
126523,"2024",375,109
126523,"2019",NA,NA
126523,"2018",57,21
126523,"2021",839,247
126523,"2023",2062,673
126530,"2018",75,27
126535,"2022",653,188
126535,"2018",138,23
126535,"2023",NA,NA
126535,"2021",723,213
126535,"2024",NA,NA
126535,"2020",152,41
126623,"2021",80,28
126846,"2020",NA,NA
126846,"2021",296,80
126846,"2024",2262,553
126846,"2018",NA,NA
126846,"2023",1464,383
126846,"2022",600,143
127157,"2019",NA,NA
127157,"2023",NA,NA
127157,"2020",366,126
127157,"2024",1811,526
127157,"2022",1303,337
127157,"2021",651,187
127157,"2017",233,51
128034,"2018",NA,NA
128034,"2019",2258,612
128034,"2023",4068,1103
128034,"2016",280,70
128034,"2020",1432,401
128034,"2017",NA,NA
128034,"2022",3324,899
128034,"2024",3402,930
128034,"2021",NA,NA
131934,"2023",535,160
131934,"2022",NA,NA
131934,"2024",426,120
131934,"2021",69,17
133297,"2022",247,78
133297,"2021",113,32
133297,"2018",167,46
133297,"2019",NA,NA
133297,"2024",302,85
133297,"2023",1066,285
133430,"2023",1544,460
133430,"2017",NA,NA
133430,"2019",NA,NA
133430,"2024",2598,797
133430,"2022",NA,NA
133430,"2020",1884,563
133430,"2016",196,49
133430,"2018",3283,891
133430,"2021",NA,NA
133835,"2024",222,61
133835,"2023",771,202
133835,"2022",218,70
133933,"2024",145,45
134770,"2022",NA,NA
134770,"2019",NA,NA
134770,"2017",701,198
134770,"2023",3108,941
134770,"2024",NA,NA
134770,"2020",1681,487
134770,"2016",128,30
134770,"2021",NA,NA
134770,"2018",767,198
136440,"2024",1813,497
136440,"2019",487,141
136440,"2017",NA,NA
136440,"2021",NA,NA
136440,"2022",632,161
136440,"2020",663,234
136440,"2018",132,33
136440,"2023",605,168
144707,"2019",NA,NA
144707,"2015",NA,NA
144707,"2023",NA,NA
144707,"2022",NA,NA
144707,"2021",1870,587
144707,"2018",359,111
144707,"2020",635,199
144707,"2016",95,25
144707,"2017",362,121
144719,"2024",1888,657
144719,"2021",1581,508
144719,"2016",NA,NA
144719,"2023",1564,513
144719,"2018",1440,427
144719,"2020",662,201
144719,"2015",96,25
144719,"2019",1924,607
144719,"2022",2239,756
144719,"2017",NA,NA
144750,"2019",NA,NA
144750,"2018",240,74
144750,"2024",354,81
144750,"2022",865,212
144750,"2023",1036,256
144750,"2020",1154,315
144750,"2017",361,115
144750,"2016",171,56
144750,"2021",NA,NA
144797,"2016",84,26
144821,"2023",237,68
144869,"2021",154,46
144869,"2024",3071,862
144869,"2022",807,200
144869,"2023",NA,NA
144870,"2024",108,24
144895,"2020",NA,NA
144895,"2022",1366,414
144895,"2024",NA,NA
144895,"2021",1324,391
144895,"2019",856,276
144895,"2023",1241,349
144895,"2018",709,190
200059,"2017",186,57
200059,"2024",176,51
200059,"2019",NA,NA
200059,"2022",214,74
200059,"2023",1381,387
200059,"2018",398,126
200095,"2022",NA,NA
200095,"2021",150,43
200095,"2019",185,65
200095,"2018",82,29
200095,"2017",NA,NA
200116,"2023",107,33
200116,"2022",157,55
200116,"2024",303,88
200221,"2019",638,195
200221,"2021",NA,NA
200221,"2022",2593,825
200221,"2024",NA,NA
200221,"2023",2814,857
200221,"2020",1279,430
200240,"2024",382,92
200240,"2021",149,56
200240,"2022",205,67
200259,"2024",195,56
200267,"2022",NA,NA
200267,"2021",175,49
200267,"2020",110,33
200267,"2023",NA,NA
200267,"2024",1965,559
200297,"2021",58,17
200303,"2022",290,88
200303,"2020",NA,NA
200303,"2024",2094,574
200303,"2021",NA,NA
200303,"2023",1397,384
200374,"2022",136,44
200384,"2023",601,175
200384,"2020",487,175
200384,"2018",NA,NA
200384,"2022",1414,434
200384,"2024",1557,483
200384,"2021",879,286
200443,"2024",762,189
200553,"2019",73,31
200587,"2022",234,70
200587,"2023",230,59
200587,"2024",NA,NA
200615,"2022",1150,279
200615,"2019",1535,391
200615,"2021",2329,616
200615,"2023",NA,NA
200615,"2018",260,57
200615,"2020",364,88
200615,"2024",NA,NA
200670,"2020",249,79
200670,"2023",2445,680
200670,"2022",1328,388
200670,"2021",NA,NA
200670,"2024",450,114
200677,"2022",84,15
200702,"2024",96,27
202058,"2023",186,55
202058,"2024",650,187
202058,"2021",NA,NA
202195,"2022",2819,685
202195,"2024",263,77
202195,"2023",1568,362
202195,"2021",723,187
202195,"2020",127,29
202235,"2023",56,12
202269,"2021",69,21
202358,"2020",69,15
202358,"2022",680,165
202358,"2023",296,56
202358,"2024",NA,NA
202358,"2018",70,27
202358,"2019",NA,NA
205734,"2020",467,149
205734,"2022",138,34
205734,"2018",NA,NA
205734,"2019",231,65
205734,"2021",309,85
205734,"2024",2091,561
205734,"2023",NA,NA
206499,"2022",203,56
206499,"2024",1637,403
206499,"2023",533,141
206748,"2020",NA,NA
206748,"2022",362,93
206748,"2023",256,80
206748,"2021",NA,NA
206748,"2024",478,126
206909,"2020",281,77
206909,"2022",2886,804
206909,"2021",1416,370
206909,"2023",1756,454
206909,"2024",NA,NA
207182,"2021",NA,NA
207182,"2022",258,69
207182,"2023",209,40
207182,"2019",NA,NA
207182,"2024",255,63
207352,"2022",NA,NA
207352,"2024",707,208
207352,"2023",96,29
207678,"2022",346,96
207678,"2023",915,284
207678,"2024",140,44
207678,"2021",569,201
207681,"2024",671,188
207733,"2022",1490,415
207733,"2021",256,68
207733,"2023",1383,401
207733,"2024",3062,909
207834,"2022",114,28
207925,"2023",554,181
207925,"2021",121,41
207925,"2022",NA,NA
207925,"2024",3134,837
207985,"2024",305,75
207989,"2024",3472,1195
207989,"2020",168,65
207989,"2023",3949,1377
207989,"2021",2382,789
207989,"2022",NA,NA
208004,"2024",581,151
208004,"2020",NA,NA
208004,"2023",332,96
208010,"2023",110,34
208010,"2024",290,87
208013,"2023",94,25
208013,"2024",NA,NA
208013,"2021",83,25
208014,"2023",1112,340
208014,"2022",160,45
208014,"2024",NA,NA
208134,"2020",NA,NA
208134,"2022",232,61
208134,"2024",748,183
208134,"2023",395,97
208144,"2024",74,20
208279,"2024",121,26
208286,"2022",NA,NA
208286,"2024",2820,880
208286,"2023",1765,481
208363,"2024",2082,725
208502,"2023",1087,266
208502,"2022",635,154
208502,"2021",396,108
208502,"2024",537,122
208859,"2024",258,48
208859,"2022",321,81
208859,"2023",252,68
209070,"2023",NA,NA
209070,"2024",1150,297
209070,"2021",165,47
209113,"2022",NA,NA
209113,"2024",980,351
209113,"2023",411,93
209209,"2023",393,102
209209,"2022",NA,NA
209209,"2024",186,52
209263,"2024",95,31
209279,"2024",513,138
209279,"2023",168,45
209318,"2024",82,25
209414,"2023",1713,495
209414,"2022",NA,NA
209414,"2024",1382,383
210097,"2024",3744,933
210097,"2023",2735,705
210097,"2022",372,95
210136,"2022",NA,NA
210136,"2024",174,51
210136,"2023",84,17
210150,"2023",215,51
210150,"2024",2366,643
210319,"2023",152,46
210319,"2024",221,66
210340,"2023",164,43
210460,"2024",136,31
210506,"2023",761,195
210506,"2024",2950,847
211514,"2024",87,24
212720,"2024",61,22
201389,"2011",504,178
201389,"2013",109,45
201389,"2004",NA,NA
201389,"2008",71,20
201389,"2010",NA,NA
201483,"2009",142,57
201483,"2018",683,258
201483,"2021",949,364
201483,"2019",678,262
201483,"2023",862,327
201483,"2016",1711,629
201483,"2007",122,36
201483,"2015",NA,NA
201483,"2008",NA,NA
201483,"2010",NA,NA
201483,"2022",NA,NA
201483,"2017",1326,489
201483,"2020",263,99
201483,"2012",NA,NA
201483,"2014",NA,NA
201483,"2011",81,30
201514,"2012",NA,NA
201514,"2013",NA,NA
201514,"2021",1691,621
201514,"2016",872,319
201514,"2018",1702,656
201514,"2007",NA,NA
201514,"2020",590,202
201514,"2019",1692,641
201514,"2006",NA,NA
201514,"2015",212,73
201514,"2023",1955,692
201514,"2014",NA,NA
201514,"2008",NA,NA
201514,"2022",1774,651
201514,"2009",NA,NA
201514,"2017",2200,832
201514,"2010",NA,NA
201514,"2011",NA,NA
201514,"2024",1296,469
201516,"2023",364,117
201516,"2011",NA,NA
201516,"2019",661,217
201516,"2017",1011,370
201516,"2013",NA,NA
201516,"2018",1066,360
201516,"2007",NA,NA
201516,"2010",NA,NA
201516,"2009",204,68
201516,"2008",NA,NA
201516,"2012",79,26
201516,"2015",NA,NA
201516,"2016",856,338
201516,"2022",163,64
201516,"2005",NA,NA
201527,"2014",1596,575
201527,"2020",297,107
201527,"2021",731,254
201527,"2008",NA,NA
201527,"2019",852,296
201527,"2013",NA,NA
201527,"2016",986,387
201527,"2022",203,67
201527,"2009",NA,NA
201527,"2011",91,38
201527,"2010",NA,NA
201527,"2018",1242,438
201527,"2015",NA,NA
201527,"2017",322,120
201527,"2005",NA,NA
201527,"2012",NA,NA
201527,"2006",NA,NA
201529,"2018",261,85
201529,"2017",382,141
201529,"2019",650,220
201529,"2021",257,74
201529,"2020",NA,NA
201529,"2014",NA,NA
201529,"2008",NA,NA
201535,"2023",152,46
201535,"2022",385,114
201535,"2013",610,216
201535,"2012",NA,NA
201535,"2011",801,263
201535,"2019",133,36
201535,"2006",NA,NA
201535,"2007",NA,NA
201535,"2020",NA,NA
201535,"2008",NA,NA
201535,"2010",NA,NA
201535,"2017",2273,807
201535,"2021",583,175
201535,"2009",98,34
201535,"2015",NA,NA
201535,"2016",1852,643
201535,"2018",1242,408
201535,"2014",1672,548
201540,"2014",1588,521
201540,"2022",598,219
201540,"2011",NA,NA
201540,"2016",2974,1019
201540,"2009",NA,NA
201540,"2023",NA,NA
201540,"2020",557,203
201540,"2024",137,35
201540,"2015",NA,NA
201540,"2018",2144,729
201540,"2017",3024,1145
201540,"2012",380,118
201540,"2019",2218,834
201540,"2013",NA,NA
201540,"2010",121,56
201540,"2021",NA,NA
201554,"2020",NA,NA
201554,"2016",NA,NA
201554,"2017",NA,NA
201554,"2009",242,81
201554,"2010",NA,NA
201554,"2014",124,50
201554,"2021",252,76
201554,"2015",387,126
201554,"2012",62,15
201554,"2018",231,82
201554,"2019",NA,NA
201554,"2011",364,146
201554,"2022",202,77
201568,"2023",NA,NA
201568,"2010",NA,NA
201568,"2014",NA,NA
201568,"2008",NA,NA
201568,"2022",504,171
201568,"2020",NA,NA
201568,"2009",176,55
201568,"2018",253,91
201568,"2013",NA,NA
201568,"2019",204,59
201568,"2011",174,63
201568,"2015",NA,NA
201568,"2021",855,349
201568,"2017",628,216
201568,"2016",1005,401
201572,"2010",NA,NA
201572,"2011",195,76
201572,"2009",193,68
201572,"2008",103,27
201585,"2023",NA,NA
201585,"2017",1083,376
201585,"2019",1867,707
201585,"2013",NA,NA
201585,"2011",659,256
201585,"2014",NA,NA
201585,"2012",NA,NA
201585,"2016",1426,564
201585,"2020",705,233
201585,"2022",1596,601
201585,"2024",1733,656
201585,"2010",196,73
201585,"2018",2594,1039
201585,"2015",NA,NA
201585,"2021",1693,642
201590,"2011",437,134
201590,"2012",NA,NA
201590,"2022",NA,NA
201590,"2023",NA,NA
201590,"2016",1985,732
201590,"2017",1960,705
201590,"2018",1880,707
201590,"2019",2209,769
201590,"2021",NA,NA
201590,"2013",845,300
201590,"2015",NA,NA
201590,"2020",667,248
201590,"2014",NA,NA
201590,"2010",413,131
201597,"2015",NA,NA
201597,"2019",280,119
201597,"2010",NA,NA
201597,"2013",542,204
201597,"2014",NA,NA
201597,"2012",NA,NA
201597,"2017",1207,462
201597,"2021",220,83
201597,"2011",184,59
201597,"2016",NA,NA
201597,"2018",840,295
201597,"2009",89,32
201597,"2020",NA,NA
201607,"2010",51,24
201607,"2009",NA,NA
201607,"2011",146,46
201611,"2012",76,35
201611,"2016",1998,757
201611,"2021",180,68
201611,"2014",118,51
201611,"2010",NA,NA
201611,"2013",312,107
201611,"2017",2843,1108
201611,"2019",1003,355
201611,"2015",NA,NA
201611,"2020",100,36
201611,"2023",673,255
201611,"2022",NA,NA
201611,"2024",1271,501
201611,"2018",NA,NA
201616,"2024",NA,NA
201616,"2020",652,264
201616,"2011",NA,NA
201616,"2015",NA,NA
201616,"2016",1122,443
201616,"2013",NA,NA
201616,"2014",NA,NA
201616,"2023",1282,476
201616,"2022",1412,513
201616,"2018",481,180
201616,"2017",1812,741
201616,"2019",809,301
201616,"2012",397,142
201616,"2021",1142,389
201619,"2023",NA,NA
201619,"2014",NA,NA
201619,"2013",NA,NA
201619,"2015",NA,NA
201619,"2021",1056,358
201619,"2018",1887,709
201619,"2019",2047,746
201619,"2016",3034,1164
201619,"2020",535,212
201619,"2022",NA,NA
201619,"2011",143,56
201619,"2012",185,59
201619,"2009",78,27
201619,"2017",1246,461
201619,"2024",NA,NA
201643,"2009",112,47
201648,"2018",195,43
201648,"2012",NA,NA
201648,"2016",1039,294
201648,"2010",NA,NA
201648,"2017",781,198
201648,"2015",NA,NA
201648,"2014",182,37
201648,"2011",163,41
201648,"2009",NA,NA
201660,"2008",127,36
201660,"2009",90,36
201696,"2017",1433,590
201696,"2014",170,69
201696,"2016",2187,865
201696,"2024",NA,NA
201696,"2021",NA,NA
201696,"2015",NA,NA
201696,"2010",NA,NA
201696,"2020",865,355
201696,"2022",408,134
201696,"2018",898,358
201696,"2023",NA,NA
201696,"2019",1688,613
201697,"2011",271,80
201697,"2013",NA,NA
201697,"2019",1643,487
201697,"2021",932,268
201697,"2018",1842,591
201697,"2014",578,171
201697,"2008",NA,NA
201697,"2012",NA,NA
201697,"2020",696,204
201697,"2007",NA,NA
201697,"2017",2140,714
201697,"2010",NA,NA
201697,"2015",NA,NA
201697,"2016",1250,392
202358,"2006",NA,NA
202373,"2007",107,45
202402,"2008",123,58
202423,"2012",42,12
202423,"2011",101,31
202426,"2011",NA,NA
202426,"2015",NA,NA
202426,"2016",381,153
202426,"2017",449,142
202426,"2014",107,30
202429,"2015",NA,NA
202429,"2013",NA,NA
202429,"2018",1803,662
202429,"2020",1141,405
202429,"2012",572,217
202429,"2016",1477,518
202429,"2014",NA,NA
202429,"2022",1410,519
202429,"2019",1260,457
202429,"2017",1333,484
202429,"2021",NA,NA
202429,"2023",NA,NA
202429,"2011",NA,NA
202429,"2024",282,66
202446,"2021",339,142
202446,"2017",1352,484
202446,"2019",480,164
202446,"2018",1258,470
202446,"2016",2254,842
202446,"2015",NA,NA
202446,"2011",NA,NA
202446,"2022",365,127
202446,"2020",718,284
202446,"2023",287,111
202446,"2014",NA,NA
202446,"2012",413,137
202446,"2013",NA,NA
202452,"2011",97,50
202453,"2015",NA,NA
202453,"2013",235,87
202453,"2018",1066,421
202453,"2014",NA,NA
202453,"2019",2103,809
202453,"2024",231,74
202453,"2011",NA,NA
202453,"2012",268,108
202453,"2016",NA,NA
202453,"2021",NA,NA
202453,"2017",865,332
202453,"2020",564,255
202465,"2012",68,27
202482,"2015",NA,NA
202482,"2019",309,114
202482,"2020",215,72
202482,"2012",NA,NA
202482,"2017",346,137
202482,"2018",196,74
202482,"2016",274,131
202482,"2021",NA,NA
202484,"2019",328,123
202484,"2015",NA,NA
202484,"2013",105,29
202484,"2014",NA,NA
202484,"2020",NA,NA
202484,"2018",249,69
202484,"2017",768,272
202484,"2016",1068,388
202484,"2012",225,75
202504,"2019",229,71
202504,"2017",1405,488
202504,"2016",625,203
202504,"2013",136,40
202504,"2020",NA,NA
202504,"2014",NA,NA
202504,"2015",NA,NA
202504,"2012",139,52
202504,"2018",674,215
202536,"2015",NA,NA
202536,"2017",585,193
202536,"2021",NA,NA
202536,"2014",138,54
202536,"2020",311,106
202536,"2022",NA,NA
202536,"2016",522,204
202536,"2018",1374,473
202536,"2019",918,309
202536,"2023",NA,NA
202536,"2024",NA,NA
202578,"2019",99,41
202600,"2017",413,163
202600,"2014",NA,NA
202600,"2015",NA,NA
202600,"2023",NA,NA
202600,"2019",343,132
202600,"2020",357,161
202600,"2024",2253,858
202600,"2021",792,300
202600,"2018",450,191
202600,"2022",713,260
202628,"2016",NA,NA
202628,"2018",110,41
202628,"2015",269,125
202628,"2017",NA,NA
202628,"2014",286,105
202628,"2023",795,275
202628,"2013",188,63
202628,"2022",NA,NA
202628,"2021",453,187
202653,"2015",NA,NA
202653,"2014",169,64
202653,"2016",1269,471
202653,"2018",357,135
202653,"2017",700,233
202653,"2019",228,58
202662,"2024",67,21
202662,"2018",NA,NA
202662,"2023",190,68
202684,"2014",NA,NA
202684,"2021",516,213
202684,"2022",824,288
202684,"2015",445,166
202684,"2016",396,131
202684,"2017",911,346
202684,"2020",428,152
202684,"2019",832,308
202684,"2018",576,221
202684,"2024",1184,432
202684,"2023",2297,832
202685,"2014",211,79
202685,"2018",NA,NA
202685,"2017",NA,NA
202685,"2016",244,113
202685,"2015",190,69
202702,"2014",398,131
202702,"2013",113,35
202702,"2015",NA,NA
202702,"2016",174,61
202702,"2017",NA,NA
202702,"2019",154,47
202702,"2018",NA,NA
202702,"2021",76,26
202858,"2016",84,32
202916,"2021",265,86
202916,"2019",223,73
202916,"2018",345,107
202921,"2017",103,43
203325,"2021",216,71
203325,"2019",186,67
203354,"2020",229,94
203354,"2023",NA,NA
203354,"2021",862,321
203354,"2022",NA,NA
203354,"2017",155,62
203354,"2024",1275,471
203354,"2019",263,95
203354,"2018",NA,NA
203435,"2014",NA,NA
203435,"2017",326,131
203435,"2022",41,16
203435,"2018",1090,382
203435,"2023",108,53
203435,"2019",988,347
203435,"2016",NA,NA
203462,"2019",NA,NA
203462,"2016",1005,380
203462,"2017",802,306
203462,"2015",NA,NA
203462,"2024",NA,NA
203462,"2022",398,159
203462,"2013",160,62
203462,"2021",1713,761
203462,"2023",965,352
203462,"2014",148,49
203462,"2020",379,148
203462,"2018",1100,376
203500,"2022",NA,NA
203500,"2016",504,185
203500,"2024",401,147
203500,"2019",451,164
203500,"2020",102,39
203500,"2013",NA,NA
203500,"2018",858,321
203500,"2015",NA,NA
203500,"2017",392,156
203500,"2021",NA,NA
203500,"2023",438,154
203500,"2014",NA,NA
203501,"2020",223,78
203501,"2013",133,40
203501,"2022",225,78
203501,"2018",609,197
203501,"2019",683,244
203501,"2023",694,236
203501,"2024",NA,NA
203501,"2015",375,115
203501,"2017",523,186
203501,"2016",155,48
203501,"2014",488,160
203504,"2016",290,109
203504,"2019",NA,NA
203504,"2017",543,187
203504,"2015",NA,NA
203504,"2018",247,95
203514,"2020",124,47
203514,"2019",380,152
203514,"2023",182,77
203514,"2024",299,126
203514,"2021",1050,487
203514,"2022",207,74
203530,"2016",1616,626
203530,"2020",NA,NA
203530,"2019",1327,519
203530,"2013",181,73
203530,"2023",734,190
203530,"2021",NA,NA
203530,"2017",1510,599
203530,"2018",778,283
203530,"2024",NA,NA
203530,"2022",NA,NA
203553,"2017",84,32
203562,"2018",69,23
203562,"2023",NA,NA
203562,"2017",64,26
203564,"2020",NA,NA
203564,"2022",547,193
203564,"2023",140,50
203564,"2016",NA,NA
203564,"2024",566,218
203564,"2018",NA,NA
203564,"2019",668,230
203564,"2017",111,33
203564,"2021",NA,NA
203575,"2014",NA,NA
203575,"2022",874,294
203575,"2011",NA,NA
203575,"2021",1083,408
203575,"2020",479,141
203575,"2024",NA,NA
203575,"2018",346,129
203575,"2015",NA,NA
203575,"2019",260,100
203575,"2013",NA,NA
203575,"2017",796,275
203575,"2012",NA,NA
203575,"2023",696,246
203575,"2016",1721,584
203576,"2016",251,83
203576,"2015",NA,NA
203576,"2014",262,103
203576,"2017",464,174
204267,"2017",75,22
204362,"2018",170,74
204362,"2015",NA,NA
204362,"2013",NA,NA
204362,"2017",98,48
204362,"2016",172,72
204388,"2013",150,54
204388,"2014",126,37
204394,"2020",123,44
204394,"2017",210,76
204394,"2019",171,66
204394,"2023",NA,NA
204394,"2021",180,79
204394,"2022",NA,NA
204394,"2018",465,201
204394,"2014",NA,NA
204411,"2020",114,35
204411,"2016",NA,NA
204411,"2014",144,47
204411,"2015",NA,NA
204411,"2021",699,277
204411,"2023",528,183
204411,"2022",NA,NA
204411,"2024",294,117
204427,"2024",NA,NA
204427,"2022",2003,868
204427,"2017",1469,584
204427,"2015",NA,NA
204427,"2023",NA,NA
204427,"2021",NA,NA
204427,"2020",842,355
204427,"2019",1363,545
204427,"2016",579,244
204427,"2018",864,341
205344,"2016",142,65
205344,"2017",68,26
205344,"2022",NA,NA
205344,"2018",NA,NA
205344,"2019",230,82
205723,"2017",154,40
205723,"2021",110,39
205723,"2018",NA,NA
205815,"2017",230,87
205815,"2014",168,62
205815,"2018",84,28
205815,"2022",NA,NA
205815,"2016",NA,NA
205848,"2018",115,39
205925,"2021",1817,677
205925,"2014",NA,NA
205925,"2024",647,252
205925,"2019",1746,626
205925,"2023",1595,546
205925,"2020",969,362
205925,"2013",NA,NA
205925,"2022",NA,NA
205925,"2015",NA,NA
205925,"2017",1526,566
205925,"2012",NA,NA
205925,"2018",2354,780
205925,"2016",1055,403
206037,"2022",215,83
206037,"2019",155,59
206037,"2023",NA,NA
206037,"2014",NA,NA
206037,"2015",NA,NA
206037,"2016",NA,NA
206037,"2020",169,70
206037,"2018",195,88
206037,"2021",96,34
206037,"2024",NA,NA
206037,"2017",213,92
206107,"2023",NA,NA
206107,"2018",76,31
206107,"2017",77,28
206107,"2015",NA,NA
206107,"2019",165,66
206107,"2021",NA,NA
206107,"2016",101,25
206108,"2023",396,139
206108,"2020",1161,397
206108,"2016",357,123
206108,"2018",754,245
206108,"2019",1649,580
206108,"2021",NA,NA
206108,"2017",985,334
206124,"2020",487,165
206124,"2018",312,103
206124,"2017",555,196
206124,"2023",923,327
206124,"2015",167,78
206124,"2021",NA,NA
206124,"2014",NA,NA
206124,"2024",NA,NA
206124,"2019",488,168
206124,"2022",NA,NA
206124,"2016",454,163
206124,"2013",NA,NA
206136,"2018",74,27
206136,"2017",235,113
206183,"2017",141,40
206183,"2015",NA,NA
206183,"2016",170,71
206216,"2017",87,43
206219,"2019",69,17
206219,"2022",934,313
206219,"2017",1292,461
206219,"2020",584,177
206219,"2021",838,293
206219,"2015",NA,NA
206219,"2023",111,35
206219,"2018",329,92
206219,"2016",626,197
206219,"2024",435,145
206252,"2019",96,31
206252,"2023",NA,NA
206252,"2021",NA,NA
206252,"2022",NA,NA
206252,"2024",1735,625
206252,"2014",79,24
206252,"2018",147,45
206252,"2020",770,286
206252,"2017",479,198
206252,"2015",NA,NA
206252,"2016",342,123
206255,"2019",513,206
206255,"2017",510,173
206255,"2020",655,276
206255,"2023",406,144
206255,"2016",884,345
206255,"2021",514,160
206255,"2015",NA,NA
206289,"2015",NA,NA
206289,"2022",2991,1041
206289,"2021",NA,NA
206289,"2020",1505,547
206289,"2016",866,317
206289,"2014",NA,NA
206289,"2018",1934,719
206289,"2019",2459,927
206289,"2017",1552,593
206289,"2024",NA,NA
206289,"2013",NA,NA
206289,"2023",2919,1070
206289,"2012",NA,NA
206292,"2021",1100,373
206292,"2023",139,49
206292,"2019",738,249
206292,"2022",651,213
206292,"2020",377,127
206292,"2024",324,146
206374,"2021",533,192
206374,"2018",1489,595
206374,"2014",143,52
206374,"2023",86,27
206374,"2019",1847,717
206374,"2017",405,164
206374,"2016",NA,NA
206374,"2020",470,173
206374,"2015",NA,NA
206374,"2024",1339,484
206408,"2024",1431,497
206408,"2023",1442,517
206408,"2018",92,39
206408,"2016",NA,NA
206408,"2021",NA,NA
206408,"2020",566,259
206408,"2017",355,146
206408,"2022",NA,NA
206417,"2022",NA,NA
206417,"2023",356,123
206417,"2024",209,71
206420,"2016",328,120
206420,"2022",2424,926
206420,"2019",2575,984
206420,"2023",NA,NA
206420,"2024",2384,832
206420,"2018",997,365
206420,"2021",NA,NA
206420,"2017",809,286
206420,"2020",1472,559
206430,"2022",175,77
206430,"2023",97,34
206430,"2021",90,25
206430,"2015",NA,NA
206430,"2019",188,81
206430,"2024",NA,NA
210672,"2016",78,29
210705,"2022",389,133
210705,"2017",NA,NA
210705,"2019",422,169
210705,"2024",254,114
210705,"2021",768,293
210705,"2020",214,75
210705,"2018",173,66
210722,"2019",2781,1070
210722,"2024",2233,808
210722,"2022",NA,NA
210722,"2020",2004,815
210722,"2018",2955,1123
210722,"2016",234,91
210722,"2021",NA,NA
210722,"2023",2204,862
210722,"2017",2387,974
210871,"2018",120,50
210871,"2016",120,49
210871,"2017",66,29
210871,"2015",NA,NA
210913,"2019",129,50
210957,"2017",237,71
210957,"2016",NA,NA
210957,"2018",162,77
211095,"2018",1202,433
211095,"2019",1480,505
211095,"2023",1885,652
211095,"2017",NA,NA
211095,"2020",661,219
211095,"2021",1462,546
211095,"2022",985,387
211095,"2024",1377,478
211279,"2022",NA,NA
211279,"2017",NA,NA
211279,"2015",NA,NA
211279,"2019",529,170
211279,"2023",NA,NA
211279,"2024",1144,405
211279,"2021",677,241
211279,"2018",303,88
211279,"2020",261,93
211337,"2022",553,173
211337,"2020",NA,NA
211337,"2018",272,112
211337,"2023",1180,478
211337,"2019",514,194
211337,"2024",963,361
211337,"2017",302,108
211337,"2021",507,190
211411,"2024",162,63
211411,"2019",672,248
211411,"2021",NA,NA
211411,"2016",NA,NA
211411,"2018",NA,NA
211411,"2020",363,108
211411,"2017",463,138
211456,"2022",100,48
211472,"2015",44,16
211544,"2021",24,4
211684,"2017",NA,NA
211684,"2024",NA,NA
211684,"2022",NA,NA
211684,"2020",188,73
211684,"2014",NA,NA
211684,"2015",NA,NA
211684,"2021",644,238
211684,"2019",386,149
211684,"2016",113,49
211684,"2023",1443,504
211684,"2018",666,231
211701,"2021",1898,751
211701,"2024",NA,NA
211701,"2022",NA,NA
211701,"2014",498,200
211701,"2023",NA,NA
211701,"2013",NA,NA
211701,"2017",2147,782
211701,"2020",815,282
211701,"2015",NA,NA
211701,"2016",1567,598
211701,"2018",2567,968
211701,"2019",2046,770
211702,"2021",NA,NA
211702,"2018",875,322
211702,"2019",606,236
211702,"2016",NA,NA
211702,"2022",435,168
211702,"2017",1140,378
211702,"2015",NA,NA
211702,"2020",699,292
211702,"2024",NA,NA
211702,"2023",923,318
211736,"2017",329,153
211736,"2021",NA,NA
211736,"2018",224,82
211736,"2019",666,230
211736,"2015",NA,NA
211736,"2016",213,89
211796,"2017",558,194
211796,"2016",416,151
211796,"2014",NA,NA
211796,"2019",NA,NA
211796,"2021",125,45
211796,"2018",175,72
211796,"2015",NA,NA
211817,"2017",73,28
211817,"2024",546,190
211817,"2019",317,116
211817,"2022",1233,419
211817,"2023",707,281
211817,"2018",281,95
211817,"2020",NA,NA
211817,"2016",NA,NA
211817,"2021",745,284
211878,"2017",416,176
211878,"2020",343,121
211878,"2021",380,141
211878,"2022",NA,NA
211878,"2018",NA,NA
211880,"2024",247,82
211880,"2020",228,72
211880,"2019",675,221
211880,"2017",187,67
211880,"2018",236,85
211880,"2016",NA,NA
211880,"2023",177,59
211880,"2022",249,73
211887,"2019",77,22
211901,"2019",534,209
211901,"2020",303,111
211901,"2021",565,215
211901,"2023",192,71
211903,"2017",NA,NA
211903,"2020",167,65
211903,"2022",140,66
212001,"2019",978,364
212001,"2015",141,45
212001,"2016",127,43
212001,"2022",NA,NA
212001,"2018",1113,379
212001,"2017",1348,485
212001,"2020",NA,NA
212001,"2021",368,152
212805,"2022",NA,NA
212805,"2017",71,30
212805,"2020",104,51
213525,"2021",NA,NA
213525,"2020",953,371
213525,"2017",147,40
213525,"2016",109,38
213525,"2018",387,131
213525,"2022",NA,NA
213525,"2019",1113,449
213525,"2024",NA,NA
213525,"2023",1368,477
213544,"2022",NA,NA
213544,"2019",333,141
213544,"2024",NA,NA
213544,"2020",213,81
213544,"2021",130,49
213544,"2017",605,247
213544,"2018",568,205
213544,"2023",162,54
213550,"2021",905,298
213550,"2015",NA,NA
213550,"2018",1541,526
213550,"2019",NA,NA
213550,"2022",722,191
213550,"2020",1491,506
213550,"2017",279,100
213550,"2023",1844,628
213550,"2024",1694,559
213550,"2016",NA,NA
213631,"2019",648,231
213631,"2021",1634,603
213631,"2017",NA,NA
213631,"2020",812,283
213631,"2015",NA,NA
213631,"2018",227,70
213631,"2024",NA,NA
213631,"2022",NA,NA
213631,"2023",1976,712
213646,"2023",NA,NA
213646,"2022",NA,NA
213646,"2024",516,191
213646,"2017",129,43
213646,"2018",156,59
213646,"2019",149,52
213646,"2016",NA,NA
213646,"2021",198,70
213710,"2023",1222,445
213710,"2024",NA,NA
213710,"2021",328,126
213710,"2022",560,194
213828,"2020",58,30
213889,"2022",646,215
213889,"2023",NA,NA
213889,"2024",1311,445
213889,"2019",698,235
213889,"2020",440,114
213889,"2021",1628,620
213908,"2022",216,64
213908,"2023",64,23
213908,"2024",206,63
213926,"2021",59,16
213947,"2016",55,14
214020,"2023",112,46
214020,"2021",89,36
214032,"2019",85,24
214032,"2024",NA,NA
214032,"2020",146,52
214040,"2016",132,36
214040,"2021",242,84
214040,"2022",88,27
214040,"2018",106,34
214040,"2019",138,43
214040,"2024",NA,NA
214040,"2023",819,303
214119,"2023",1492,514
214119,"2022",NA,NA
214119,"2024",885,341
214119,"2016",179,72
214119,"2021",154,47
214119,"2017",NA,NA
214149,"2017",124,40
214149,"2022",NA,NA
214149,"2024",NA,NA
214149,"2023",NA,NA
214149,"2018",1533,468
214149,"2020",614,175
214149,"2021",587,180
214149,"2019",2025,697
214181,"2021",792,318
214181,"2022",485,182
214229,"2016",148,66
214263,"2017",1417,480
214263,"2014",NA,NA
214263,"2018",547,189
214263,"2016",461,179
214263,"2015",132,44
214263,"2020",627,218
214304,"2021",NA,NA
214304,"2017",166,53
214304,"2019",577,196
214304,"2018",1135,392
214304,"2016",NA,NA
214304,"2020",135,47
214312,"2016",159,62
214405,"2022",279,85
214405,"2023",442,151
214405,"2017",NA,NA
214405,"2019",NA,NA
214405,"2020",123,40
214452,"2024",1966,664
214452,"2017",140,39
214452,"2019",NA,NA
214452,"2021",276,85
214452,"2022",317,96
214452,"2018",557,178
214452,"2020",243,81
214452,"2023",632,235
214480,"2024",214,99
214480,"2023",169,69
214480,"2018",NA,NA
214521,"2024",116,44
214521,"2018",164,63
214521,"2020",135,52
214541,"2024",NA,NA
214541,"2017",245,84
214541,"2022",NA,NA
214541,"2019",142,42
214541,"2023",172,74
214541,"2018",728,256
214541,"2016",NA,NA
214544,"2023",NA,NA
214544,"2022",NA,NA
214544,"2018",3409,1235
214544,"2017",954,343
214544,"2020",1817,700
214544,"2019",2439,870
214544,"2021",NA,NA
214544,"2024",2900,1049
214593,"2024",489,198
214593,"2021",204,79
214593,"2022",188,64
214593,"2023",476,191
214621,"2016",125,38
214621,"2014",NA,NA
214621,"2017",76,34
214641,"2017",139,73
214641,"2014",NA,NA
214641,"2018",118,45
214643,"2024",NA,NA
214643,"2022",2064,751
214643,"2019",597,202
214643,"2023",NA,NA
214643,"2021",1783,585
214643,"2020",342,106
214694,"2022",106,39
214694,"2017",94,27
214694,"2021",NA,NA
214694,"2019",NA,NA
214694,"2018",280,94
214839,"2022",295,94
214839,"2024",149,52
214839,"2021",NA,NA
214839,"2023",855,308
214906,"2022",NA,NA
214906,"2024",175,52
214906,"2020",NA,NA
214906,"2017",NA,NA
214906,"2021",361,114
214906,"2023",1564,536
214906,"2018",577,220
214939,"2019",512,154
214939,"2023",1236,424
214939,"2016",NA,NA
214939,"2017",419,143
214939,"2022",NA,NA
214939,"2021",1150,407
214939,"2024",NA,NA
214939,"2020",274,78
214939,"2018",NA,NA
214954,"2016",67,20
214954,"2020",828,348
214954,"2019",1812,791
214954,"2023",NA,NA
214954,"2024",NA,NA
214954,"2022",NA,NA
214954,"2018",1453,550
214954,"2021",NA,NA
214954,"2017",817,327
215016,"2020",123,45
215016,"2018",207,87
215016,"2019",NA,NA
215016,"2017",181,76
215016,"2015",NA,NA
215018,"2021",173,57
215018,"2017",183,45
215018,"2019",132,29
215018,"2022",NA,NA
215018,"2018",147,40
215018,"2024",NA,NA
215020,"2023",2249,832
215020,"2018",866,317
215020,"2020",646,261
215020,"2022",608,231
215020,"2024",1641,597
215020,"2021",834,272
215020,"2019",1399,521
215020,"2017",428,142
215020,"2016",89,41
215035,"2019",NA,NA
215035,"2018",751,290
215035,"2022",1402,449
215035,"2023",958,343
215035,"2021",NA,NA
215035,"2017",171,69
215035,"2024",1634,600
215035,"2016",NA,NA
215035,"2020",1331,498
215091,"2020",91,31
215096,"2018",144,44
215096,"2017",178,66
215096,"2022",NA,NA
215096,"2019",137,52
215096,"2023",164,43
215138,"2024",918,276
215138,"2022",234,88
215151,"2024",113,38
215151,"2023",NA,NA
215151,"2020",149,61
215151,"2022",184,74
215151,"2019",137,60
215219,"2021",1029,358
215219,"2019",456,147
215219,"2023",NA,NA
215219,"2018",80,34
215219,"2022",NA,NA
215219,"2017",NA,NA
215219,"2024",67,16
215219,"2020",589,241
215259,"2020",339,140
215259,"2021",275,93
215259,"2018",NA,NA
215337,"2021",NA,NA
215337,"2022",NA,NA
215337,"2018",432,168
215337,"2023",NA,NA
215337,"2019",244,84
215337,"2024",893,341
215337,"2020",110,41
215370,"2022",NA,NA
215370,"2018",322,116
215370,"2017",522,192
215370,"2021",1558,586
215370,"2019",NA,NA
215370,"2024",909,311
215370,"2023",1366,460
215371,"2018",101,34
215371,"2019",260,77
215371,"2020",NA,NA
215371,"2022",NA,NA
215371,"2021",279,107
215395,"2020",163,56
215571,"2024",95,35
215613,"2020",NA,NA
215613,"2023",1231,473
215613,"2024",3146,1224
215613,"2021",200,72
215613,"2019",NA,NA
215613,"2022",198,68
215627,"2022",187,86
215672,"2018",132,50
215713,"2019",1259,463
215713,"2021",NA,NA
215713,"2020",504,186
215713,"2018",628,209
215713,"2024",2152,806
215713,"2017",NA,NA
215713,"2023",2318,904
215713,"2022",NA,NA
215785,"2022",1482,582
215785,"2016",NA,NA
215785,"2017",186,70
215785,"2018",NA,NA
215785,"2024",NA,NA
215785,"2020",116,47
215785,"2021",NA,NA
215785,"2019",355,143
215785,"2023",1421,539
215832,"2021",90,39
215859,"2016",35,18
215869,"2016",137,49
215869,"2017",162,46
215872,"2019",NA,NA
215872,"2022",NA,NA
215872,"2023",1087,390
215872,"2024",1255,453
215872,"2021",690,242
215872,"2020",80,28
215899,"2023",250,103
215899,"2019",94,29
215899,"2024",195,69
215899,"2022",290,112
215899,"2021",NA,NA
215910,"2024",183,56
215910,"2018",NA,NA
215910,"2023",449,154
215910,"2022",NA,NA
215910,"2021",130,46
215936,"2021",287,81
215936,"2023",137,66
215936,"2024",NA,NA
215983,"2021",1230,487
215983,"2024",548,228
215983,"2020",339,125
215983,"2022",NA,NA
215983,"2023",219,72
215996,"2021",131,44
215996,"2022",317,113
215996,"2023",225,77
215996,"2024",276,102
216016,"2024",NA,NA
216016,"2022",NA,NA
216016,"2017",81,25
216016,"2019",320,94
216016,"2021",798,238
216016,"2020",426,162
216016,"2018",164,54
216016,"2023",2026,671
216055,"2024",NA,NA
216055,"2019",123,53
216055,"2023",NA,NA
216055,"2018",93,37
216055,"2020",176,56
216074,"2023",70,26
216081,"2024",200,80
216081,"2023",NA,NA
216081,"2022",175,71
216083,"2024",NA,NA
216083,"2020",283,91
216083,"2019",472,174
216083,"2022",614,232
216083,"2023",912,379
216083,"2021",796,289
216097,"2022",280,117
216097,"2023",525,190
216097,"2024",NA,NA
216133,"2019",284,101
216133,"2018",200,75
216133,"2020",NA,NA
216133,"2021",991,373
216133,"2023",2237,829
216133,"2022",NA,NA
216133,"2024",2535,924
216139,"2023",134,55
216146,"2020",293,94
216146,"2019",324,137
216146,"2021",1558,583
216146,"2023",NA,NA
216146,"2024",NA,NA
216146,"2022",NA,NA
216146,"2018",393,147
216150,"2020",138,61
216153,"2019",1516,604
216153,"2018",671,247
216153,"2024",NA,NA
216153,"2023",406,141
216153,"2021",1225,454
216153,"2020",825,304
216153,"2022",NA,NA
216153,"2017",NA,NA
216180,"2022",85,30
216262,"2021",939,394
216262,"2019",NA,NA
216262,"2022",779,306
216262,"2024",NA,NA
216262,"2020",391,186
216262,"2023",1287,561
216265,"2022",NA,NA
216265,"2021",272,77
216265,"2024",588,195
216265,"2023",227,66
216462,"2016",149,50
216475,"2016",57,20
219422,"2017",111,51
219875,"2024",NA,NA
219875,"2019",277,127
219875,"2022",1049,378
219875,"2021",1621,556
219875,"2020",284,88
219875,"2023",1969,723
219917,"2024",617,199
219917,"2021",249,78
219917,"2023",1477,464
219917,"2022",258,79
220272,"2022",177,77
220332,"2024",687,259
220332,"2022",NA,NA
220332,"2023",609,248
220339,"2018",118,43
220395,"2016",59,23
220465,"2019",NA,NA
220465,"2022",421,174
220465,"2024",1524,606
220465,"2023",893,333
220465,"2021",NA,NA
220465,"2020",124,45
220520,"2024",802,276
220548,"2024",1968,755
220548,"2023",1382,514
220548,"2022",NA,NA
220589,"2024",2159,863
220589,"2023",953,386
220589,"2022",343,136
220750,"2022",178,58
220750,"2024",175,50
220750,"2023",248,101
220946,"2022",175,66
221024,"2020",NA,NA
221024,"2024",866,289
221024,"2023",326,97
221024,"2021",372,122
221024,"2022",367,127
221024,"2019",99,34
221054,"2024",NA,NA
221054,"2022",1510,569
221054,"2023",457,155
221054,"2021",738,291
221105,"2020",107,48
221236,"2024",347,115
221236,"2023",296,89
221237,"2024",492,183
221237,"2023",350,141
221247,"2024",202,82
221247,"2022",88,29
221247,"2021",NA,NA
221247,"2023",197,89
221818,"2017",168,63
221824,"2017",99,29
221828,"2017",134,53
221831,"2018",122,39
221837,"2018",74,24
221844,"2018",89,35
221852,"2018",93,42
221911,"2024",118,54
221911,"2023",153,42
221911,"2019",NA,NA
222233,"2024",479,171
222233,"2022",121,44
222233,"2023",196,75
222258,"2024",552,209
222258,"2023",1580,620
222258,"2022",699,250
222258,"2020",NA,NA
222258,"2021",230,91
222296,"2023",365,136
222296,"2024",439,162
222328,"2022",415,139
222328,"2023",NA,NA
222328,"2024",2052,672
222513,"2022",166,72
222559,"2024",225,75
222601,"2024",940,380
222601,"2023",187,79
222965,"2024",1029,310
222965,"2022",137,43
222965,"2023",596,228
222966,"2024",80,36
222966,"2022",74,33
223131,"2020",90,29
223132,"2020",110,53
223133,"2020",104,35
223134,"2020",179,76
223135,"2020",55,24
223159,"2022",126,46
223331,"2024",287,87
223333,"2024",141,53
223333,"2023",336,132
223335,"2022",87,28
232447,"2024",211,59
232447,"2023",445,138
233741,"2024",142,54
239389,"2024",158,69
252499,"2023",107,34
252499,"2024",256,111
252587,"2024",108,39
256684,"2024",264,109
259799,"2023",909,335
259799,"2024",2209,940
259799,"2022",NA,NA
260170,"2024",233,85
260300,"2024",95,27
260847,"2024",NA,NA
260848,"2024",NA,NA
260913,"2024",NA,NA
261963,"2024",NA,NA
263847,"2023",NA,NA
263848,"2023",NA,NA
263849,"2023",NA,NA
263850,"2023",NA,NA
263852,"2023",NA,NA
263853,"2023",NA,NA
263857,"2024",689,268
264205,"2023",NA,NA
266671,"2024",216,101
