"player_id","year","returns","returns_won"
102093,"2024",222,74
102143,"2003",698,255
102143,"2005",213,78
102143,"2002",548,177
102143,"1997",NA,NA
102143,"2001",558,197
102143,"2006",NA,NA
102143,"2004",347,96
102143,"2000",300,100
102179,"2000",1366,435
102179,"1996",147,54
102179,"2001",2687,951
102179,"2004",3086,1034
102179,"2002",NA,NA
102179,"1999",NA,NA
102179,"2005",1502,507
102179,"2007",447,151
102179,"2003",3025,1057
102179,"2006",280,83
102269,"2002",NA,NA
102269,"2005",358,126
102269,"2006",259,84
102269,"1997",1062,383
102269,"2001",182,55
102269,"1996",241,79
102269,"2003",544,204
102269,"1995",NA,NA
102269,"2000",269,83
102269,"1998",NA,NA
102269,"2004",1108,357
102287,"2000",3381,1310
102287,"1995",466,195
102287,"2001",4844,1994
102287,"2003",2059,771
102287,"1993",NA,NA
102287,"1996",NA,NA
102287,"2002",NA,NA
102287,"2007",NA,NA
102287,"2006",1456,524
102287,"1998",2805,1071
102287,"2005",539,212
102287,"2004",1421,504
102287,"1999",NA,NA
102287,"1997",3149,1285
102456,"2001",3623,1421
102456,"2003",NA,NA
102456,"2005",2188,866
102456,"2002",3435,1336
102456,"1998",NA,NA
102456,"2007",303,118
102456,"1997",NA,NA
102456,"1996",5835,2453
102456,"2000",2089,826
102456,"1995",1146,497
102456,"2004",2641,1076
102456,"1999",NA,NA
102456,"1994",NA,NA
102494,"2000",1415,564
102494,"2004",865,314
102494,"2005",1589,554
102494,"2003",NA,NA
102494,"1999",130,56
102494,"2006",1097,404
102494,"1997",111,46
102494,"2001",994,417
102494,"2002",441,181
102565,"2007",687,185
102565,"2002",908,264
102565,"2005",1534,468
102565,"2006",NA,NA
102565,"2004",382,124
102565,"2003",1477,455
102642,"2006",1002,330
102642,"2003",2274,776
102642,"2001",NA,NA
102642,"2002",812,309
102642,"1999",365,134
102642,"2004",4249,1517
102642,"2007",118,43
102642,"2005",3059,1054
102642,"2000",1419,451
102694,"2005",1862,638
102694,"2001",2725,1046
102694,"2007",NA,NA
102694,"1994",NA,NA
102694,"2004",1974,686
102694,"1997",382,138
102694,"2003",NA,NA
102694,"1995",521,226
102694,"2006",932,332
102694,"1996",947,353
102694,"1999",1326,543
102694,"1998",1284,506
102694,"2000",447,159
102694,"2002",2655,1051
102788,"2003",1253,434
102788,"2008",133,41
102788,"2006",201,69
102788,"2004",1130,373
102788,"2001",1336,519
102788,"2007",109,38
102788,"2005",141,66
102788,"2002",NA,NA
102834,"2003",590,248
102834,"1994",NA,NA
102834,"1995",NA,NA
102834,"2001",984,382
102834,"2002",317,110
102834,"1996",NA,NA
102834,"2007",1587,647
102834,"1998",461,166
102834,"2000",3281,1291
102834,"2004",779,289
102834,"2006",2594,1018
102834,"2005",1955,778
102834,"1993",NA,NA
102834,"1999",2609,1087
102869,"1995",515,202
102869,"2003",1414,588
102869,"1998",3410,1313
102869,"2005",NA,NA
102869,"2001",3308,1233
102869,"1999",2437,890
102869,"1997",2797,1013
102869,"1996",NA,NA
102869,"2006",192,82
102869,"2002",1749,609
102869,"2004",1591,557
102869,"2000",2347,853
102869,"1994",NA,NA
102880,"2002",1298,521
102880,"2000",1696,642
102880,"1999",NA,NA
102880,"2001",1008,377
102880,"2003",1591,574
102880,"2004",1929,701
102880,"2005",1406,447
102881,"2007",NA,NA
102881,"1995",149,68
102881,"1993",120,45
102881,"1994",114,51
102881,"1997",235,85
102881,"2006",NA,NA
102881,"2008",NA,NA
102881,"1996",273,95
102886,"2010",NA,NA
102886,"2006",137,51
102886,"2003",795,319
102886,"2012",NA,NA
102886,"2005",333,130
102886,"2004",228,81
102886,"2001",NA,NA
102904,"2006",276,127
102904,"2000",254,104
102904,"2001",NA,NA
102925,"2007",832,246
102925,"2005",1494,526
102925,"2004",444,160
102925,"1999",3260,1167
102925,"2000",2531,920
102925,"1997",3352,1229
102925,"2001",1189,420
102925,"2002",922,348
102925,"1998",NA,NA
102925,"2003",1962,713
102925,"2006",2436,850
102925,"1996",810,285
102925,"1995",271,92
102967,"2002",103,25
102967,"2011",NA,NA
102967,"2013",NA,NA
102967,"2009",3544,1310
102967,"2006",2363,869
102967,"2004",264,97
102967,"2014",259,103
102967,"2008",3462,1256
102967,"2012",NA,NA
102967,"2010",1179,412
102967,"2005",315,130
102967,"2007",3516,1240
102999,"2003",289,108
102999,"2006",1269,479
102999,"2002",NA,NA
102999,"2001",199,79
102999,"2007",777,293
102999,"2011",NA,NA
102999,"2008",238,98
102999,"2010",NA,NA
103032,"2005",230,89
103105,"2006",NA,NA
103105,"2005",597,231
103105,"2013",494,175
103105,"2010",330,111
103105,"2002",NA,NA
103105,"2009",1033,379
103105,"2008",472,182
103105,"2004",NA,NA
103105,"2014",NA,NA
103105,"2003",1229,474
103105,"2012",1184,419
103105,"2011",1532,564
103105,"2001",112,39
103105,"2007",NA,NA
103169,"2007",NA,NA
103169,"2008",2983,1153
103169,"2005",1538,565
103169,"2009",2936,1057
103169,"2006",627,219
103169,"2003",734,294
103169,"2010",993,295
103169,"2004",1891,650
103175,"2006",NA,NA
103175,"2007",121,38
103175,"2005",155,61
103181,"2005",2041,719
103181,"2006",2028,777
103181,"2003",1082,384
103181,"2000",NA,NA
103181,"2008",NA,NA
103181,"2007",1430,494
103181,"1995",155,74
103181,"2004",926,351
103181,"2002",353,115
103181,"2009",NA,NA
103181,"2001",2740,993
103185,"1997",NA,NA
103185,"2008",NA,NA
103185,"2002",195,70
103185,"2003",195,74
103185,"2001",216,72
103185,"2007",NA,NA
103185,"2000",251,86
103188,"2010",2634,978
103188,"2006",NA,NA
103188,"2001",2122,797
103188,"2012",1719,656
103188,"2013",1670,611
103188,"2007",2048,739
103188,"2011",2175,783
103188,"2009",535,206
103188,"2014",1433,533
103188,"2000",601,218
103188,"2008",513,207
103188,"2003",162,63
103188,"2002",1406,537
103188,"2015",NA,NA
103188,"1998",NA,NA
103204,"2002",NA,NA
103204,"2005",457,161
103204,"2003",NA,NA
103204,"2001",735,281
103204,"2006",261,85
103204,"2004",483,165
103204,"2007",259,106
103204,"2008",164,68
103204,"2000",NA,NA
103240,"2009",1658,568
103240,"1999",NA,NA
103240,"2001",249,81
103240,"2006",1845,684
103240,"2010",226,77
103240,"2005",3544,1293
103240,"1996",NA,NA
103240,"2004",311,116
103240,"2002",284,108
103240,"2000",555,206
103240,"2003",NA,NA
103240,"2007",1256,450
103240,"2008",NA,NA
103252,"2010",603,232
103252,"2003",NA,NA
103252,"2007",1114,416
103252,"1998",497,175
103252,"2004",3833,1462
103252,"2009",1912,682
103252,"2000",NA,NA
103252,"1996",309,118
103252,"2002",NA,NA
103252,"1999",NA,NA
103252,"2001",4663,1890
103252,"1997",NA,NA
103252,"2005",3826,1506
103252,"2006",2855,1140
103252,"2008",539,203
103305,"2000",633,234
103305,"2004",615,219
103305,"2005",154,62
103305,"2002",NA,NA
103305,"1997",NA,NA
103305,"2001",815,284
103339,"1998",NA,NA
103339,"2007",181,56
103339,"2004",141,45
103339,"2006",367,135
103373,"2009",443,139
103373,"2007",NA,NA
103373,"2000",187,71
103373,"2008",1973,760
103373,"2005",NA,NA
103373,"2003",440,158
103373,"2006",746,318
103401,"2007",1564,582
103401,"2011",613,235
103401,"2005",NA,NA
103401,"2014",267,93
103401,"2015",264,92
103401,"2004",1508,566
103401,"2009",NA,NA
103401,"2016",NA,NA
103401,"2010",NA,NA
103401,"2006",NA,NA
103401,"2002",NA,NA
103401,"2000",NA,NA
103401,"2013",685,242
103401,"2008",978,365
103401,"2012",286,112
103408,"2002",1269,503
103408,"2006",131,37
103408,"2003",2601,962
103408,"2004",888,316
103408,"2005",222,83
103420,"1996",288,126
103420,"1997",NA,NA
103420,"2001",NA,NA
103420,"2005",1256,500
103420,"2004",NA,NA
103420,"1998",168,65
103420,"2008",NA,NA
103420,"2002",771,286
103420,"2000",609,247
103420,"1999",273,131
103424,"2006",363,121
103448,"2008",118,38
103451,"2010",1558,588
103451,"2002",511,197
103451,"2006",3100,1149
103451,"1999",319,136
103451,"2007",1159,441
103451,"2009",1983,738
103451,"2011",658,229
103451,"1998",NA,NA
103451,"2014",342,138
103451,"2004",611,258
103451,"2012",1764,639
103451,"2001",458,166
103451,"2008",534,180
103451,"2005",1928,731
103451,"2013",460,159
103451,"2003",449,155
103451,"2000",NA,NA
103470,"2011",951,311
103470,"2012",NA,NA
103470,"2005",NA,NA
103470,"2009",1885,628
103470,"2007",1792,604
103470,"2008",1085,342
103470,"2003",1262,433
103470,"2004",580,190
103470,"2010",NA,NA
103470,"2006",717,249
103487,"2002",474,159
103487,"2007",NA,NA
103487,"2001",NA,NA
103487,"2005",597,226
103487,"2000",351,140
103487,"2006",305,111
103487,"1998",NA,NA
103490,"2009",939,375
103490,"2007",542,212
103490,"2006",214,74
103490,"2010",961,334
103490,"2004",NA,NA
103490,"2005",1903,711
103490,"2008",1695,625
103516,"2005",371,135
103516,"2006",536,169
103516,"2004",NA,NA
103516,"2007",382,136
103534,"2004",168,58
103534,"2012",226,104
103534,"2009",1571,580
103534,"2007",1854,685
103534,"2008",1130,431
103534,"2011",NA,NA
103534,"2005",NA,NA
103534,"2006",207,72
103538,"2006",210,71
103543,"2010",214,59
103543,"2008",601,200
103565,"2010",2164,840
103565,"2020",NA,NA
103565,"2011",561,178
103565,"2018",268,98
103565,"2015",555,206
103565,"2004",231,97
103565,"2017",762,250
103565,"2016",2638,1034
103565,"2014",1221,447
103565,"2012",NA,NA
103565,"2013",431,171
103566,"2013",NA,NA
103566,"2000",1040,390
103566,"2014",691,232
103566,"2008",NA,NA
103566,"2003",1040,334
103566,"2006",NA,NA
103566,"2010",NA,NA
103566,"2009",2245,756
103566,"2001",1489,534
103566,"2002",NA,NA
103566,"2005",2347,760
103566,"2007",2735,956
103566,"2004",2457,932
103566,"2011",NA,NA
103566,"2012",2186,748
103582,"2016",993,347
103582,"2007",2038,718
103582,"2010",3588,1218
103582,"2005",169,50
103582,"2014",692,222
103582,"2015",1302,401
103582,"2013",392,162
103582,"2011",2956,1044
103582,"2012",1292,461
103582,"2004",NA,NA
103582,"2006",1298,451
103582,"2008",NA,NA
103582,"2009",1154,451
103656,"2005",2242,813
103656,"2010",NA,NA
103656,"2007",NA,NA
103656,"2006",2095,797
103656,"2008",3447,1271
103656,"2012",1563,574
103656,"2004",1806,651
103656,"2014",1913,670
103656,"2003",1725,657
103656,"2017",106,42
103656,"2001",1647,666
103656,"2011",3730,1462
103656,"2002",3085,1083
103656,"2009",NA,NA
103656,"2013",2669,972
103656,"2015",1118,436
103656,"2016",1065,358
103675,"2006",323,129
103675,"2007",NA,NA
103675,"2009",1480,533
103675,"2008",204,73
103675,"2010",NA,NA
103675,"2012",233,84
103675,"2011",468,163
103693,"2010",NA,NA
103693,"2006",694,247
103693,"2003",531,208
103693,"2008",686,223
103693,"2009",275,80
103693,"2007",549,186
103693,"2005",430,156
103693,"2002",NA,NA
103693,"2004",NA,NA
103700,"2002",NA,NA
103700,"2004",287,114
103700,"2007",NA,NA
103700,"2006",413,156
103700,"2005",222,78
103701,"2008",628,254
103701,"2007",NA,NA
103701,"2006",420,149
103702,"2006",91,28
103722,"2011",1045,327
103722,"2010",3730,1361
103722,"2004",476,208
103722,"2009",4036,1457
103722,"2003",NA,NA
103722,"2014",NA,NA
103722,"2006",3797,1437
103722,"2005",1685,684
103722,"2007",NA,NA
103722,"2013",NA,NA
103722,"2002",NA,NA
103722,"2012",1010,343
103722,"2008",3273,1229
103737,"2005",343,130
103737,"2006",898,339
103737,"2002",NA,NA
103737,"2003",131,46
103747,"2009",NA,NA
103747,"2011",NA,NA
103747,"2008",240,90
103747,"2006",63,13
103747,"2007",349,129
103747,"2010",149,52
103761,"2004",141,45
103761,"2007",209,75
103761,"2008",NA,NA
103761,"2006",NA,NA
103761,"2005",239,83
103763,"2008",270,103
103794,"2007",NA,NA
103794,"2006",1602,548
103794,"2011",941,295
103794,"2008",2106,694
103794,"2015",NA,NA
103794,"2010",NA,NA
103794,"2016",1942,682
103794,"2014",3827,1357
103794,"2012",1879,669
103794,"2013",2375,794
103794,"2017",NA,NA
103794,"2009",2256,727
103823,"2006",1368,538
103823,"2009",764,259
103823,"2008",NA,NA
103823,"2012",93,33
103823,"2011",975,321
103823,"2002",NA,NA
103823,"2007",NA,NA
103823,"2005",298,113
103850,"2008",354,116
103850,"2009",191,74
103850,"2011",NA,NA
103868,"2008",1485,498
103868,"2006",634,204
103868,"2007",NA,NA
103868,"2011",196,61
103868,"2010",615,178
103868,"2004",NA,NA
103868,"2005",335,130
103868,"2009",2363,768
103868,"2012",126,46
103893,"2014",1776,697
103893,"2017",NA,NA
103893,"2011",332,123
103893,"2010",NA,NA
103893,"2016",3955,1495
103893,"2015",NA,NA
103893,"2007",143,51
103893,"2012",2059,740
103893,"2013",NA,NA
103893,"2019",1531,494
103893,"2006",NA,NA
103893,"2009",NA,NA
103893,"2021",NA,NA
103893,"2018",1775,597
103893,"2020",345,117
103898,"2004",2234,843
103898,"2018",1840,668
103898,"2006",3817,1441
103898,"2014",NA,NA
103898,"2009",4312,1597
103898,"2002",NA,NA
103898,"2013",NA,NA
103898,"2001",135,62
103898,"2016",1776,629
103898,"2008",NA,NA
103898,"2015",372,105
103898,"2017",2051,732
103898,"2005",1450,519
103898,"2003",721,263
103898,"2011",3251,1176
103898,"2012",NA,NA
103898,"2010",NA,NA
103898,"2007",3842,1430
103917,"2019",734,249
103917,"2006",2186,716
103917,"2010",1178,327
103917,"2011",NA,NA
103917,"2016",3290,1165
103917,"2017",2688,918
103917,"2003",787,276
103917,"2018",1104,369
103917,"2021",NA,NA
103917,"2009",588,200
103917,"2012",2805,962
103917,"2007",3399,1177
103917,"2001",464,150
103917,"2015",NA,NA
103917,"2002",NA,NA
103917,"2005",398,114
103917,"2000",NA,NA
103917,"2008",3239,1044
103917,"2013",1905,700
103917,"2004",NA,NA
103917,"2014",2673,926
104023,"2011",135,47
104025,"2006",465,157
104025,"2008",1212,410
104025,"2012",NA,NA
104025,"2005",389,134
104025,"2004",467,153
104025,"2009",876,263
104025,"2011",NA,NA
104025,"2010",NA,NA
104025,"2003",417,121
104025,"2007",2547,810
104035,"2010",NA,NA
104035,"2012",796,273
104035,"2005",1121,380
104035,"2008",2788,964
104035,"2006",890,288
104035,"2011",NA,NA
104035,"2013",515,162
104035,"2004",NA,NA
104035,"2007",NA,NA
104035,"2009",1168,376
104035,"2003",NA,NA
104043,"2016",NA,NA
104043,"2010",NA,NA
104043,"2008",246,93
104043,"2005",421,166
104043,"2007",NA,NA
104043,"2001",504,211
104043,"2013",NA,NA
104043,"2014",NA,NA
104043,"2003",492,180
104043,"2004",1458,586
104043,"2002",270,103
104068,"2003",NA,NA
104068,"2002",1274,463
104068,"2011",511,179
104068,"2005",4562,1740
104068,"2010",2027,700
104068,"2006",NA,NA
104068,"2008",NA,NA
104068,"2007",2637,989
104068,"2013",232,82
104068,"2009",2774,1012
104068,"2014",761,254
104068,"2001",642,233
104068,"2004",NA,NA
104068,"2012",516,190
104091,"2008",315,109
104149,"2008",162,52
104166,"2001",NA,NA
104166,"2003",1015,379
104166,"2012",NA,NA
104166,"2011",3876,1498
104166,"2009",351,127
104166,"2005",NA,NA
104166,"2008",NA,NA
104166,"2004",1872,694
104166,"2013",NA,NA
104166,"2006",380,132
104166,"2010",NA,NA
104166,"2014",547,206
104166,"2002",268,106
104167,"2009",374,125
104167,"2004",NA,NA
104167,"2005",167,60
104167,"2006",154,59
104173,"2006",214,80
104173,"2007",199,59
104173,"2008",740,267
104196,"2001",102,38
104196,"2002",NA,NA
104196,"2006",354,133
104198,"2014",4245,1673
104198,"2009",4081,1605
104198,"2008",NA,NA
104198,"2013",NA,NA
104198,"2016",4191,1526
104198,"2010",4250,1607
104198,"2017",1481,529
104198,"2004",887,343
104198,"2018",3414,1253
104198,"2011",4006,1508
104198,"2005",3346,1312
104198,"2019",1046,328
104198,"2007",3014,1137
104198,"2006",2868,1093
104198,"2015",NA,NA
104198,"2012",3607,1354
104198,"2003",NA,NA
104216,"2009",NA,NA
104216,"2013",225,89
104216,"2015",NA,NA
104216,"2008",739,285
104216,"2014",613,234
104216,"2016",547,211
104216,"2011",1260,445
104216,"2012",NA,NA
104216,"2010",968,358
104216,"2007",NA,NA
104216,"2017",187,77
104224,"2005",166,50
104224,"2006",120,34
104230,"2008",218,80
104230,"2009",2191,797
104230,"2007",153,72
104230,"2003",NA,NA
104230,"2005",278,101
104230,"2010",NA,NA
104230,"2004",274,122
104256,"2012",134,37
104262,"2006",NA,NA
104262,"2011",1145,429
104262,"2012",2909,1201
104262,"2009",NA,NA
104262,"2010",NA,NA
104262,"2008",1194,489
104262,"2013",614,222
104262,"2007",184,77
104269,"2022",1328,474
104269,"2017",4423,1725
104269,"2002",191,77
104269,"2007",NA,NA
104269,"2008",NA,NA
104269,"2015",4417,1554
104269,"2014",4046,1504
104269,"2004",3973,1465
104269,"2019",4372,1600
104269,"2016",4334,1635
104269,"2020",1031,384
104269,"2023",NA,NA
104269,"2005",NA,NA
104269,"2012",4166,1581
104269,"2010",NA,NA
104269,"2011",NA,NA
104269,"2018",5231,2037
104269,"2006",NA,NA
104269,"2021",718,250
104269,"2013",NA,NA
104269,"2003",NA,NA
104269,"2009",NA,NA
104273,"2011",1516,568
104273,"2009",392,137
104273,"2007",1109,409
104273,"2013",4108,1516
104273,"2010",730,256
104273,"2008",444,133
104273,"2004",200,61
104273,"2012",3007,1097
104273,"2015",1506,539
104273,"2014",3637,1254
104273,"2016",447,164
104291,"2017",3011,1090
104291,"2011",NA,NA
104291,"2023",NA,NA
104291,"2015",2528,874
104291,"2019",1626,563
104291,"2022",249,74
104291,"2012",1359,459
104291,"2003",NA,NA
104291,"2004",NA,NA
104291,"2021",335,125
104291,"2014",1214,400
104291,"2016",3383,1163
104291,"2013",NA,NA
104291,"2020",NA,NA
104291,"2018",3431,1245
104291,"2008",NA,NA
104314,"2009",1129,396
104314,"2011",738,247
104314,"2008",604,236
104314,"2010",605,210
104330,"2012",1081,365
104330,"2016",NA,NA
104330,"2009",1108,369
104330,"2006",NA,NA
104330,"2004",313,90
104330,"2005",348,118
104330,"2003",94,38
104330,"2011",320,104
104330,"2013",1234,427
104330,"2007",236,82
104330,"2008",352,124
104330,"2002",NA,NA
104330,"2010",1741,515
104330,"2017",292,99
104330,"2014",727,236
104330,"2015",1122,353
104332,"2007",NA,NA
104332,"2009",3308,1110
104332,"2012",NA,NA
104332,"2014",256,84
104332,"2013",570,208
104332,"2008",1634,610
104332,"2003",346,108
104332,"2011",NA,NA
104332,"2010",3158,1140
104332,"2005",NA,NA
104332,"2004",131,47
104460,"2013",621,219
104460,"2011",1138,382
104460,"2015",NA,NA
104460,"2003",NA,NA
104460,"2017",2121,664
104460,"2018",NA,NA
104460,"2016",2061,738
104460,"2019",293,90
104460,"2014",2095,716
104460,"2010",1317,420
104460,"2021",NA,NA
104460,"2012",813,251
104515,"2008",259,102
104515,"2007",462,172
104515,"2009",156,64
104515,"2006",208,89
104547,"2016",1374,402
104547,"2009",816,268
104547,"2012",927,318
104547,"2015",429,143
104547,"2014",1021,315
104547,"2018",2022,647
104547,"2017",3357,1088
104547,"2013",NA,NA
104547,"2011",839,284
104547,"2010",NA,NA
104548,"2012",2135,801
104548,"2004",574,195
104548,"2002",NA,NA
104548,"2016",1015,308
104548,"2005",503,166
104548,"2013",655,255
104548,"2003",NA,NA
104593,"2012",1468,506
104593,"2015",2382,863
104593,"2016",1289,458
104593,"2009",2154,744
104593,"2011",2691,992
104593,"2018",NA,NA
104593,"2005",NA,NA
104593,"2014",2282,821
104593,"2006",411,142
104593,"2010",3199,1086
104593,"2004",NA,NA
104593,"2013",3275,1190
104593,"2017",NA,NA
104593,"2008",981,374
104628,"2014",273,89
104628,"2013",111,41
104628,"2010",NA,NA
104628,"2016",NA,NA
104628,"2012",NA,NA
104628,"2011",99,35
104628,"2015",NA,NA
104628,"2007",193,68
104628,"2008",454,149
104629,"2015",432,133
104629,"2012",NA,NA
104629,"2018",451,157
104629,"2013",NA,NA
104629,"2019",277,101
104629,"2017",491,171
104633,"2011",144,54
104651,"2014",228,64
104651,"2013",1226,446
104665,"2014",NA,NA
104665,"2018",1107,462
104665,"2023",NA,NA
104665,"2016",602,220
104665,"2019",NA,NA
104665,"2008",824,331
104665,"2015",NA,NA
104665,"2020",1291,495
104665,"2021",NA,NA
104665,"2012",3978,1586
104665,"2013",3726,1416
104665,"2007",408,167
104665,"2009",1012,366
104665,"2011",3570,1399
104665,"2010",1313,520
104665,"2022",1602,627
104672,"2018",135,51
104672,"2009",NA,NA
104672,"2011",NA,NA
104672,"2016",505,190
104672,"2017",613,228
104672,"2014",307,120
104672,"2012",110,38
104672,"2015",NA,NA
104714,"2012",185,65
104714,"2010",933,330
104714,"2006",NA,NA
104714,"2015",249,100
104714,"2011",720,261
104714,"2007",NA,NA
104714,"2013",903,328
104714,"2014",920,347
104717,"2004",NA,NA
104717,"2005",NA,NA
104717,"2009",566,189
104717,"2010",310,99
104717,"2008",524,161
104719,"2007",294,115
104719,"2006",NA,NA
104719,"2008",2491,903
104719,"2017",1652,582
104719,"2014",3615,1341
104719,"2015",2442,882
104719,"2019",1466,527
104719,"2011",3667,1408
104719,"2016",NA,NA
104719,"2018",654,226
104719,"2013",NA,NA
104719,"2010",3301,1302
104719,"2009",3233,1231
104719,"2012",NA,NA
104721,"2010",625,189
104721,"2013",NA,NA
104721,"2009",854,276
104721,"2008",475,134
104731,"2016",2983,966
104731,"2009",599,174
104731,"2012",NA,NA
104731,"2022",479,115
104731,"2015",5992,2032
104731,"2007",NA,NA
104731,"2013",5040,1797
104731,"2014",NA,NA
104731,"2018",NA,NA
104731,"2020",1678,552
104731,"2019",1056,378
104731,"2008",NA,NA
104731,"2017",4553,1589
104731,"2011",NA,NA
104731,"2010",2656,895
104731,"2021",2209,688
104731,"2023",300,111
104735,"2013",NA,NA
104735,"2010",1224,482
104735,"2008",NA,NA
104735,"2019",NA,NA
104735,"2016",676,267
104735,"2007",NA,NA
104735,"2017",311,121
104735,"2011",2733,1052
104735,"2014",NA,NA
104735,"2015",488,180
104735,"2012",2051,844
104812,"2009",149,55
104812,"2005",537,180
104812,"2007",332,106
104812,"2008",NA,NA
104812,"2006",381,130
104812,"2004",NA,NA
104851,"2013",NA,NA
104851,"2006",48,16
104851,"2008",660,236
104851,"2011",166,55
104851,"2005",NA,NA
104871,"2017",NA,NA
104871,"2012",3490,1280
104871,"2019",4352,1513
104871,"2023",360,119
104871,"2016",3144,1180
104871,"2013",4274,1526
104871,"2015",4465,1583
104871,"2008",1852,615
104871,"2020",637,228
104871,"2010",3999,1432
104871,"2006",337,141
104871,"2007",NA,NA
104871,"2009",NA,NA
104871,"2014",4699,1678
104871,"2011",NA,NA
104871,"2018",4097,1401
104871,"2021",NA,NA
104897,"2015",571,205
104897,"2007",194,67
104897,"2014",496,170
104897,"2013",440,144
104897,"2008",NA,NA
104897,"2021",NA,NA
104897,"2012",2113,752
104897,"2016",NA,NA
104897,"2018",720,261
104897,"2011",1104,391
104897,"2019",576,208
104897,"2010",286,108
104932,"2015",1152,357
104932,"2014",1816,516
104932,"2018",NA,NA
104932,"2016",527,177
104932,"2017",678,266
104932,"2013",NA,NA
104932,"2011",NA,NA
104932,"2012",390,104
104948,"2010",126,37
104976,"2011",2485,939
104976,"2009",687,260
104976,"2005",NA,NA
104976,"2007",485,167
104976,"2012",1440,496
104976,"2013",NA,NA
104976,"2006",318,109
104976,"2008",234,83
104976,"2010",1058,397
104978,"2010",2331,709
104978,"2007",133,31
104978,"2011",1076,308
104978,"2017",371,113
104978,"2019",159,57
104978,"2015",215,80
104978,"2013",NA,NA
104978,"2012",1325,423
104978,"2018",NA,NA
104978,"2009",1036,357
104978,"2008",353,110
104978,"2014",NA,NA
104978,"2016",577,195
104999,"2015",1273,441
104999,"2013",682,253
104999,"2017",4996,1733
104999,"2021",NA,NA
104999,"2011",1433,486
104999,"2010",NA,NA
104999,"2016",1971,749
104999,"2012",NA,NA
104999,"2018",3726,1371
104999,"2006",479,156
104999,"2008",NA,NA
104999,"2007",1261,482
104999,"2019",925,269
104999,"2009",3098,1155
104999,"2020",173,56
105023,"2006",1334,446
105023,"2016",4243,1409
105023,"2009",NA,NA
105023,"2022",1061,315
105023,"2011",2238,792
105023,"2018",4010,1363
105023,"2013",NA,NA
105023,"2010",NA,NA
105023,"2017",NA,NA
105023,"2007",3334,1122
105023,"2014",NA,NA
105023,"2012",NA,NA
105023,"2008",NA,NA
105023,"2019",3338,1120
105023,"2021",NA,NA
105023,"2020",863,272
105023,"2015",3527,1171
105028,"2013",1575,559
105028,"2008",NA,NA
105028,"2010",400,138
105028,"2011",NA,NA
105028,"2006",NA,NA
105028,"2007",268,96
105028,"2012",1928,693
105028,"2009",1251,473
105032,"2015",NA,NA
105032,"2016",1461,440
105032,"2008",168,56
105032,"2009",239,71
105032,"2014",NA,NA
105032,"2013",560,177
105032,"2017",539,149
105051,"2016",NA,NA
105051,"2012",NA,NA
105051,"2013",NA,NA
105051,"2024",NA,NA
105051,"2017",1202,469
105051,"2021",738,271
105051,"2019",1635,582
105051,"2010",189,57
105051,"2014",1702,567
105051,"2022",NA,NA
105051,"2011",1398,509
105051,"2015",627,205
105051,"2018",3234,1148
105065,"2017",630,221
105065,"2015",1333,455
105065,"2014",1284,451
105065,"2010",379,136
105065,"2012",748,282
105065,"2016",1495,549
105065,"2018",1469,536
105065,"2013",1821,696
105065,"2011",772,293
105065,"2008",NA,NA
105065,"2019",248,75
105077,"2017",5719,2158
105077,"2018",3920,1360
105077,"2021",4129,1601
105077,"2011",2346,897
105077,"2016",5367,2052
105077,"2012",NA,NA
105077,"2020",1929,721
105077,"2023",3184,1168
105077,"2024",770,262
105077,"2022",NA,NA
105077,"2015",2901,1030
105077,"2010",448,170
105077,"2019",3729,1406
105077,"2013",NA,NA
105077,"2014",2383,898
105113,"2017",258,88
105113,"2012",122,45
105113,"2014",NA,NA
105128,"2011",161,59
105128,"2013",190,60
105137,"2007",131,47
105137,"2015",NA,NA
105137,"2016",NA,NA
105137,"2010",1613,591
105137,"2012",549,183
105137,"2013",NA,NA
105137,"2011",2186,764
105137,"2009",378,145
105137,"2014",NA,NA
105154,"2010",349,128
105154,"2014",319,121
105154,"2017",264,78
105154,"2015",NA,NA
105154,"2016",195,53
105154,"2013",293,78
105154,"2011",1115,416
105154,"2012",NA,NA
105173,"2015",NA,NA
105173,"2014",3021,1148
105173,"2023",NA,NA
105173,"2022",NA,NA
105173,"2020",2533,965
105173,"2016",4140,1559
105173,"2008",397,137
105173,"2011",3100,1122
105173,"2019",3820,1447
105173,"2021",2897,982
105173,"2024",NA,NA
105173,"2010",534,177
105173,"2018",4565,1621
105173,"2017",4692,1833
105173,"2013",2053,709
105173,"2009",NA,NA
105173,"2012",509,167
105181,"2017",191,59
105332,"2014",2436,874
105332,"2016",4597,1742
105332,"2010",575,197
105332,"2024",449,174
105332,"2023",NA,NA
105332,"2018",4842,1853
105332,"2013",4705,1811
105332,"2019",5014,1880
105332,"2011",1247,468
105332,"2012",4683,1856
105332,"2020",2045,759
105332,"2021",3258,1193
105332,"2017",4651,1770
105332,"2015",3439,1335
105332,"2022",2148,748
105357,"2016",3361,1253
105357,"2019",3653,1332
105357,"2010",NA,NA
105357,"2011",NA,NA
105357,"2022",2024,682
105357,"2023",414,141
105357,"2015",1114,386
105357,"2012",205,77
105357,"2018",3360,1297
105357,"2017",880,326
105357,"2020",2789,1066
105357,"2013",339,131
105357,"2021",NA,NA
105359,"2017",NA,NA
105359,"2022",NA,NA
105359,"2023",196,66
105359,"2018",394,133
105359,"2021",377,138
105359,"2020",700,257
105359,"2019",NA,NA
105376,"2010",NA,NA
105376,"2018",3620,1279
105376,"2019",2304,810
105376,"2012",NA,NA
105376,"2017",1797,659
105376,"2013",597,239
105376,"2015",279,106
105376,"2014",NA,NA
105376,"2022",NA,NA
105376,"2021",1911,697
105376,"2016",235,63
105376,"2020",375,129
105379,"2013",2144,766
105379,"2017",3005,1094
105379,"2012",NA,NA
105379,"2015",2599,934
105379,"2018",NA,NA
105379,"2014",839,287
105379,"2020",1814,596
105379,"2010",NA,NA
105379,"2011",NA,NA
105379,"2022",NA,NA
105379,"2016",2754,984
105379,"2019",NA,NA
105379,"2021",2490,912
105406,"2021",175,54
105406,"2017",NA,NA
105406,"2020",169,57
105430,"2009",NA,NA
105430,"2016",1329,512
105430,"2021",1679,601
105430,"2017",2339,843
105430,"2019",4297,1603
105430,"2024",1065,419
105430,"2023",1411,518
105430,"2018",3053,1151
105430,"2022",1599,586
105430,"2015",NA,NA
105430,"2012",NA,NA
105430,"2020",NA,NA
105430,"2013",NA,NA
105430,"2014",NA,NA
105432,"2017",183,58
105432,"2018",519,174
105432,"2023",NA,NA
105432,"2020",398,134
105432,"2022",NA,NA
105432,"2019",1306,402
105432,"2021",195,62
105449,"2011",NA,NA
105449,"2017",NA,NA
105449,"2021",2008,673
105449,"2020",1212,376
105449,"2010",NA,NA
105449,"2015",NA,NA
105449,"2012",664,189
105449,"2014",NA,NA
105449,"2019",2707,910
105449,"2023",448,133
105449,"2013",1223,363
105449,"2024",NA,NA
105449,"2016",4488,1506
105449,"2018",3912,1346
105449,"2022",NA,NA
105472,"2013",211,68
105477,"2019",328,113
105477,"2023",NA,NA
105477,"2018",676,272
105477,"2020",NA,NA
105477,"2021",415,149
105477,"2022",NA,NA
105477,"2024",431,144
105477,"2012",170,78
105477,"2016",622,231
105477,"2013",126,46
105477,"2017",315,118
105487,"2021",NA,NA
105487,"2022",1662,606
105487,"2024",581,222
105487,"2015",419,147
105487,"2012",218,76
105487,"2014",529,174
105487,"2011",NA,NA
105487,"2019",421,147
105487,"2017",1215,402
105487,"2018",551,187
105487,"2020",402,149
105487,"2016",1160,437
105487,"2023",NA,NA
105512,"2016",173,61
105512,"2015",152,56
105512,"2021",NA,NA
105526,"2018",4040,1378
105526,"2020",2328,872
105526,"2017",4452,1572
105526,"2015",NA,NA
105526,"2016",2720,1017
105526,"2023",3082,1069
105526,"2022",NA,NA
105526,"2014",2383,833
105526,"2019",5183,1869
105526,"2013",1137,421
105526,"2024",NA,NA
105526,"2021",NA,NA
105542,"2015",170,51
105550,"2019",5123,1934
105550,"2020",1551,571
105550,"2021",1880,718
105550,"2012",NA,NA
105550,"2015",425,130
105550,"2017",NA,NA
105550,"2013",1574,540
105550,"2016",3573,1300
105550,"2014",501,153
105550,"2023",1940,673
105550,"2018",NA,NA
105558,"2013",NA,NA
105558,"2011",213,82
105558,"2010",609,207
105558,"2012",1037,341
105558,"2009",176,70
105561,"2023",NA,NA
105561,"2012",382,150
105561,"2014",NA,NA
105561,"2016",245,94
105561,"2017",1295,471
105561,"2022",NA,NA
105561,"2011",216,86
105561,"2019",318,123
105561,"2021",271,85
105561,"2018",180,61
105577,"2014",NA,NA
105577,"2020",1996,688
105577,"2008",NA,NA
105577,"2015",NA,NA
105577,"2013",NA,NA
105577,"2022",NA,NA
105577,"2011",NA,NA
105577,"2023",303,109
105577,"2021",1747,565
105577,"2019",1059,332
105577,"2018",1808,562
105577,"2012",NA,NA
105577,"2024",73,34
105577,"2017",1781,614
105577,"2016",2530,802
105643,"2018",2412,890
105643,"2022",2215,779
105643,"2017",1527,564
105643,"2020",1785,663
105643,"2021",NA,NA
105643,"2013",1516,551
105643,"2009",NA,NA
105643,"2014",3551,1253
105643,"2015",NA,NA
105643,"2010",NA,NA
105643,"2011",333,137
105643,"2012",1006,386
105643,"2016",4495,1688
105643,"2019",2959,1112
105643,"2023",224,90
105649,"2016",NA,NA
105649,"2011",603,255
105649,"2012",NA,NA
105649,"2017",947,410
105649,"2019",1294,461
105649,"2018",NA,NA
105649,"2013",209,75
105649,"2021",297,105
105649,"2022",180,58
105649,"2020",439,160
105650,"2016",158,58
105655,"2022",213,85
105655,"2016",NA,NA
105655,"2015",331,112
105655,"2014",NA,NA
105655,"2012",308,95
105677,"2016",128,40
105678,"2014",261,127
105732,"2020",1710,641
105732,"2022",334,116
105732,"2014",1165,346
105732,"2013",291,99
105732,"2019",3260,1127
105732,"2017",2422,766
105732,"2016",1750,565
105732,"2018",3987,1348
105732,"2023",335,120
105732,"2015",1050,345
105732,"2024",350,109
105732,"2021",2018,727
105807,"2013",1041,394
105807,"2015",3146,1163
105807,"2011",NA,NA
105807,"2019",4520,1684
105807,"2021",NA,NA
105807,"2017",NA,NA
105807,"2014",NA,NA
105807,"2023",445,144
105807,"2016",5013,1978
105807,"2022",NA,NA
105807,"2018",4219,1624
105807,"2020",2691,1013
105807,"2024",1139,431
105815,"2018",2923,1001
105815,"2021",NA,NA
105815,"2019",2581,891
105815,"2017",584,186
105815,"2020",2106,698
105815,"2022",NA,NA
105815,"2024",NA,NA
105819,"2023",234,85
105819,"2019",1543,549
105819,"2018",754,261
105819,"2024",NA,NA
105819,"2016",NA,NA
105819,"2015",119,46
105819,"2012",NA,NA
105819,"2017",272,94
105826,"2015",144,44
105870,"2019",NA,NA
105870,"2021",NA,NA
105870,"2020",672,277
105870,"2024",3140,1111
105870,"2023",NA,NA
105870,"2022",954,348
105870,"2018",673,228
105870,"2017",991,364
105874,"2016",NA,NA
105874,"2013",234,62
105874,"2012",245,63
105874,"2014",467,128
105881,"2017",146,40
105881,"2016",586,164
105882,"2020",1321,454
105882,"2018",845,282
105882,"2021",2384,884
105882,"2023",NA,NA
105882,"2017",488,181
105882,"2022",662,218
105882,"2014",NA,NA
105882,"2019",996,360
105902,"2023",577,199
105902,"2015",1809,596
105902,"2021",NA,NA
105902,"2020",977,281
105902,"2012",373,130
105902,"2018",709,224
105902,"2022",1829,596
105902,"2014",660,172
105902,"2013",1175,396
105902,"2019",NA,NA
105902,"2024",1839,563
105902,"2017",NA,NA
105902,"2016",1063,366
105948,"2022",2526,1002
105948,"2023",1600,632
105948,"2024",1689,670
105948,"2018",137,53
105948,"2021",NA,NA
105948,"2020",1285,503
105952,"2022",NA,NA
105952,"2021",NA,NA
105952,"2020",391,154
105952,"2018",NA,NA
105952,"2017",1773,677
105952,"2015",347,131
105952,"2016",1525,550
105952,"2014",159,63
105963,"2017",580,192
105963,"2019",NA,NA
105963,"2015",143,48
105992,"2020",139,52
105992,"2008",88,35
105992,"2019",596,194
105992,"2015",NA,NA
105992,"2017",NA,NA
105992,"2012",NA,NA
105992,"2014",1145,389
105992,"2011",2645,959
105992,"2018",NA,NA
105992,"2021",NA,NA
105992,"2016",1853,651
105992,"2013",2451,791
105992,"2010",1099,385
106034,"2022",NA,NA
106034,"2014",NA,NA
106034,"2015",NA,NA
106034,"2024",264,98
106034,"2018",244,84
106034,"2019",327,109
106034,"2020",722,241
106034,"2021",1087,347
106034,"2017",294,101
106034,"2013",NA,NA
106044,"2022",NA,NA
106044,"2021",NA,NA
106044,"2018",1509,576
106044,"2017",1661,602
106044,"2016",257,102
106045,"2014",684,263
106045,"2020",NA,NA
106045,"2019",2542,906
106045,"2012",821,282
106045,"2022",1867,620
106045,"2017",153,65
106045,"2023",NA,NA
106045,"2018",2174,737
106045,"2016",2061,725
106045,"2011",294,108
106045,"2024",320,121
106045,"2021",1746,592
106045,"2010",172,69
106045,"2013",1190,407
106045,"2015",NA,NA
106058,"2017",NA,NA
106058,"2021",1051,378
106058,"2016",5012,1820
106058,"2023",460,157
106058,"2014",3351,1131
106058,"2012",990,335
106058,"2022",NA,NA
106058,"2019",NA,NA
106058,"2010",NA,NA
106058,"2011",284,100
106058,"2018",NA,NA
106058,"2020",701,252
106058,"2015",NA,NA
106058,"2013",1717,585
106065,"2020",1745,626
106065,"2015",NA,NA
106065,"2023",1688,582
106065,"2022",875,317
106065,"2018",NA,NA
106065,"2019",NA,NA
106065,"2021",2828,1033
106065,"2013",NA,NA
106065,"2014",NA,NA
106065,"2017",420,147
106065,"2016",884,276
106075,"2016",1206,446
106075,"2017",664,219
106075,"2020",548,177
106075,"2019",713,215
106075,"2021",908,366
106075,"2018",1003,383
106075,"2022",320,116
106075,"2023",NA,NA
106075,"2024",681,227
106099,"2017",NA,NA
106099,"2019",848,345
106099,"2022",NA,NA
106099,"2021",1919,683
106099,"2020",1660,578
106099,"2018",448,171
106099,"2016",NA,NA
106109,"2022",NA,NA
106109,"2020",556,191
106109,"2023",192,66
106109,"2024",393,139
106109,"2021",988,351
106109,"2018",742,223
106109,"2017",NA,NA
106109,"2019",657,244
106109,"2015",NA,NA
106120,"2018",342,124
106121,"2015",NA,NA
106121,"2018",2816,1032
106121,"2024",2493,833
106121,"2017",1257,442
106121,"2020",474,164
106121,"2023",2148,789
106121,"2016",2108,792
106121,"2022",2451,917
106121,"2014",NA,NA
106121,"2021",NA,NA
106121,"2019",2116,776
106137,"2021",155,66
106137,"2016",268,95
106137,"2017",NA,NA
106137,"2019",132,53
106148,"2019",2927,1152
106148,"2024",3969,1498
106148,"2014",482,208
106148,"2018",2481,901
106148,"2020",1097,419
106148,"2017",381,150
106148,"2021",NA,NA
106148,"2022",2228,801
106148,"2023",3229,1194
106148,"2016",1083,401
106148,"2015",198,72
106148,"2013",NA,NA
106162,"2022",416,175
106186,"2022",NA,NA
106186,"2010",NA,NA
106186,"2018",531,213
106186,"2021",158,55
106186,"2014",171,72
106186,"2019",NA,NA
106186,"2024",318,123
106186,"2023",2154,752
106214,"2023",NA,NA
106214,"2021",997,360
106214,"2022",NA,NA
106214,"2020",276,116
106214,"2018",248,74
106214,"2024",NA,NA
106214,"2019",325,106
106216,"2018",632,248
106216,"2022",NA,NA
106216,"2021",526,178
106216,"2015",NA,NA
106216,"2016",1235,435
106216,"2023",NA,NA
106216,"2019",725,247
106216,"2017",1552,546
106218,"2014",NA,NA
106218,"2022",3512,1201
106218,"2024",4149,1491
106218,"2023",4354,1580
106218,"2020",1505,531
106218,"2018",131,48
106218,"2019",534,181
106218,"2021",NA,NA
106225,"2017",351,114
106225,"2016",136,44
106234,"2016",NA,NA
106234,"2023",3237,1129
106234,"2015",168,75
106234,"2021",NA,NA
106234,"2020",413,154
106234,"2024",1021,355
106234,"2022",3953,1478
106234,"2013",NA,NA
106234,"2014",NA,NA
106249,"2019",NA,NA
106249,"2015",NA,NA
106249,"2020",238,88
106249,"2018",217,75
106249,"2017",278,110
106261,"2016",658,215
106261,"2017",277,96
106261,"2012",261,86
106261,"2015",NA,NA
106283,"2019",NA,NA
106283,"2020",167,55
106283,"2021",NA,NA
106283,"2024",664,246
106283,"2023",127,50
106283,"2014",NA,NA
106283,"2022",628,209
106283,"2017",297,110
106283,"2018",352,122
106290,"2014",233,86
106290,"2015",NA,NA
106290,"2013",182,72
106296,"2021",639,227
106296,"2017",NA,NA
106296,"2022",432,142
106296,"2023",3730,1319
106296,"2020",1175,397
106296,"2024",943,335
106296,"2018",NA,NA
106296,"2016",NA,NA
106296,"2019",1174,430
106298,"2018",4070,1409
106298,"2016",NA,NA
106298,"2024",NA,NA
106298,"2019",3605,1224
106298,"2023",163,62
106298,"2013",367,115
106298,"2015",1873,660
106298,"2017",4864,1790
106298,"2022",799,294
106298,"2021",1515,525
106298,"2014",473,182
106328,"2021",293,124
106328,"2013",191,65
106328,"2016",NA,NA
106328,"2017",NA,NA
106328,"2022",175,61
106328,"2018",254,85
106329,"2019",NA,NA
106329,"2017",3160,1064
106329,"2022",NA,NA
106329,"2020",1584,540
106329,"2016",883,290
106329,"2018",1584,543
106329,"2023",NA,NA
106329,"2021",NA,NA
106329,"2024",1924,623
106331,"2020",314,106
106331,"2023",3490,1185
106331,"2017",NA,NA
106331,"2022",1641,572
106331,"2024",2871,967
106331,"2021",1362,441
106361,"2016",478,172
106361,"2018",282,104
106361,"2017",462,159
106390,"2015",134,48
106398,"2019",182,63
106398,"2022",1103,396
106398,"2023",NA,NA
106398,"2024",1276,428
106398,"2020",112,50
106398,"2018",NA,NA
106398,"2016",NA,NA
106415,"2018",1758,674
106415,"2021",NA,NA
106415,"2016",1627,601
106415,"2023",3409,1234
106415,"2020",2201,855
106415,"2024",NA,NA
106415,"2022",2724,996
106415,"2015",628,236
106415,"2019",NA,NA
106415,"2014",NA,NA
106415,"2017",1294,503
106420,"2017",398,141
106421,"2024",5744,2278
106421,"2016",802,331
106421,"2020",3130,1260
106421,"2018",NA,NA
106421,"2017",NA,NA
106421,"2022",5119,2029
106421,"2023",NA,NA
106421,"2019",6043,2428
106421,"2021",NA,NA
109303,"2023",NA,NA
109303,"2017",294,111
109303,"2024",439,166
109686,"2023",218,73
110602,"2023",NA,NA
110602,"2019",NA,NA
110602,"2017",190,67
110602,"2015",194,74
110602,"2022",NA,NA
110602,"2021",1258,410
110602,"2020",1509,538
110602,"2013",NA,NA
110602,"2016",422,149
110602,"2018",1012,382
110748,"2022",255,90
110748,"2019",111,54
110748,"2014",152,57
110748,"2021",158,58
110748,"2020",470,189
111153,"2016",NA,NA
111153,"2017",350,94
111153,"2015",NA,NA
111153,"2023",3548,1094
111153,"2022",768,226
111153,"2019",746,239
111153,"2020",NA,NA
111153,"2018",NA,NA
111153,"2021",413,132
111153,"2024",2302,678
111197,"2018",220,71
111202,"2019",1225,416
111202,"2013",NA,NA
111202,"2017",3579,1441
111202,"2016",1541,583
111202,"2015",NA,NA
111202,"2014",NA,NA
111202,"2018",3719,1494
111442,"2023",3268,1136
111442,"2014",NA,NA
111442,"2021",3506,1257
111442,"2022",NA,NA
111442,"2019",3831,1385
111442,"2016",1119,368
111442,"2024",NA,NA
111442,"2018",1155,418
111442,"2017",2489,939
111442,"2020",1874,672
111442,"2015",NA,NA
111456,"2022",4244,1603
111456,"2016",NA,NA
111456,"2023",NA,NA
111456,"2021",NA,NA
111456,"2024",1518,580
111456,"2019",1730,608
111456,"2018",2043,701
111456,"2013",NA,NA
111456,"2020",1086,410
111460,"2022",1358,452
111460,"2017",703,219
111460,"2024",1605,517
111460,"2018",536,200
111460,"2015",NA,NA
111460,"2021",NA,NA
111460,"2023",2778,895
111460,"2019",NA,NA
111460,"2016",784,268
111460,"2020",NA,NA
111575,"2020",3186,1205
111575,"2018",5480,2045
111575,"2013",NA,NA
111575,"2017",4919,1773
111575,"2024",4881,1788
111575,"2023",4184,1609
111575,"2016",1840,681
111575,"2014",NA,NA
111575,"2019",5217,1882
111575,"2022",NA,NA
111575,"2015",NA,NA
111575,"2021",NA,NA
111577,"2014",NA,NA
111577,"2018",2562,910
111577,"2019",183,71
111577,"2016",1312,483
111577,"2017",NA,NA
111577,"2015",817,262
111581,"2021",431,136
111581,"2020",527,181
111581,"2019",NA,NA
111581,"2018",1115,387
111581,"2017",NA,NA
111581,"2023",2153,784
111581,"2022",NA,NA
111581,"2024",502,178
111581,"2016",NA,NA
111815,"2022",NA,NA
111815,"2021",5771,2308
111815,"2023",4958,1895
111815,"2024",NA,NA
111815,"2017",402,130
111815,"2018",3103,1190
111815,"2019",3421,1231
111815,"2020",1907,718
117358,"2021",111,31
117360,"2019",328,131
117360,"2024",NA,NA
117360,"2021",746,277
117360,"2017",NA,NA
117360,"2020",727,276
117360,"2023",95,37
120424,"2017",212,80
120424,"2019",730,273
120424,"2016",NA,NA
120424,"2020",NA,NA
120424,"2018",1115,434
120798,"2016",234,85
122298,"2023",4010,1513
122298,"2024",3391,1245
122298,"2021",2510,924
122298,"2022",NA,NA
122298,"2019",NA,NA
122330,"2024",NA,NA
122330,"2022",NA,NA
122330,"2018",353,120
122330,"2017",453,153
122330,"2020",2355,821
122330,"2023",NA,NA
122330,"2016",294,124
122330,"2021",NA,NA
122330,"2019",2731,931
122554,"2024",135,50
123755,"2020",624,249
123755,"2018",393,155
123755,"2015",145,34
123755,"2019",544,202
123755,"2023",NA,NA
123755,"2021",NA,NA
123755,"2022",NA,NA
123755,"2024",1947,716
123828,"2016",NA,NA
123828,"2023",394,129
123828,"2024",475,164
123896,"2023",146,56
123961,"2024",119,54
123961,"2022",NA,NA
123961,"2021",175,75
124014,"2023",NA,NA
124014,"2024",NA,NA
124014,"2017",2009,658
124014,"2020",235,87
124014,"2019",NA,NA
124014,"2022",NA,NA
124014,"2016",466,154
124014,"2018",759,203
124014,"2021",526,200
124079,"2023",1269,479
124079,"2024",3262,1238
124079,"2019",NA,NA
124079,"2021",2847,1098
124079,"2020",1298,524
124079,"2018",NA,NA
124079,"2022",3664,1407
124116,"2018",202,55
124116,"2021",344,100
124116,"2022",257,87
124116,"2023",NA,NA
124116,"2024",3475,1208
124116,"2017",665,241
124116,"2020",194,81
124116,"2019",NA,NA
124186,"2017",NA,NA
124186,"2019",NA,NA
124186,"2024",2893,1097
124186,"2021",338,126
124186,"2023",1685,611
124187,"2019",4184,1150
124187,"2024",1194,337
124187,"2016",823,227
124187,"2018",352,109
124187,"2022",2864,823
124187,"2020",1536,435
124187,"2021",NA,NA
124187,"2017",818,231
125802,"2019",NA,NA
125802,"2022",3588,1307
125802,"2017",487,184
125802,"2018",NA,NA
125802,"2020",689,242
125802,"2021",NA,NA
125802,"2023",2228,840
125802,"2016",672,311
126094,"2019",4436,1755
126094,"2016",521,182
126094,"2021",NA,NA
126094,"2014",NA,NA
126094,"2018",NA,NA
126094,"2017",3326,1273
126094,"2023",6972,2688
126094,"2020",4121,1662
126094,"2015",NA,NA
126094,"2024",NA,NA
126094,"2022",5866,2243
126106,"2022",746,271
126106,"2023",245,81
126127,"2017",173,62
126127,"2022",NA,NA
126127,"2021",871,313
126127,"2024",881,319
126127,"2018",NA,NA
126127,"2023",NA,NA
126127,"2020",296,119
126128,"2017",NA,NA
126128,"2023",2953,1082
126128,"2021",641,243
126128,"2024",3695,1348
126128,"2022",NA,NA
126128,"2020",143,61
126129,"2023",193,62
126129,"2024",972,298
126149,"2021",3090,1067
126149,"2020",1041,365
126149,"2017",NA,NA
126149,"2022",456,123
126149,"2019",154,63
126174,"2018",187,82
126203,"2020",2553,919
126203,"2016",2864,988
126203,"2024",6130,2180
126203,"2017",2119,762
126203,"2022",NA,NA
126203,"2019",NA,NA
126203,"2021",4744,1706
126203,"2015",99,34
126203,"2018",3747,1325
126203,"2023",NA,NA
126205,"2024",5165,2108
126205,"2023",NA,NA
126205,"2015",NA,NA
126205,"2022",NA,NA
126205,"2017",866,309
126205,"2021",NA,NA
126205,"2019",435,160
126205,"2016",386,139
126205,"2020",2316,866
126205,"2018",313,109
126207,"2022",NA,NA
126207,"2014",NA,NA
126207,"2017",NA,NA
126207,"2021",NA,NA
126207,"2015",551,172
126207,"2019",4230,1481
126207,"2024",5231,1842
126207,"2018",NA,NA
126207,"2023",4835,1754
126207,"2020",1834,672
126207,"2016",632,220
126214,"2021",358,120
126214,"2022",NA,NA
126214,"2024",NA,NA
126214,"2023",654,236
126214,"2020",510,173
126409,"2024",804,276
126409,"2021",NA,NA
126409,"2023",417,128
126409,"2022",849,289
126523,"2022",1898,732
126523,"2024",580,204
126523,"2019",NA,NA
126523,"2018",107,47
126523,"2021",1310,480
126523,"2023",3197,1247
126530,"2018",158,70
126535,"2022",1030,369
126535,"2018",257,76
126535,"2023",NA,NA
126535,"2021",1157,450
126535,"2024",NA,NA
126535,"2020",235,77
126623,"2021",140,54
126846,"2020",NA,NA
126846,"2021",484,163
126846,"2024",3678,1237
126846,"2018",NA,NA
126846,"2023",2338,765
126846,"2022",962,319
127157,"2019",NA,NA
127157,"2023",NA,NA
127157,"2020",570,220
127157,"2024",2971,1048
127157,"2022",2002,652
127157,"2021",1114,412
127157,"2017",384,116
128034,"2018",NA,NA
128034,"2019",3692,1294
128034,"2023",6505,2228
128034,"2016",432,151
128034,"2020",2365,877
128034,"2017",NA,NA
128034,"2022",5250,1820
128034,"2024",5366,1869
128034,"2021",NA,NA
131934,"2023",791,272
131934,"2022",NA,NA
131934,"2024",611,215
131934,"2021",110,37
133297,"2022",395,151
133297,"2021",207,86
133297,"2018",299,109
133297,"2019",NA,NA
133297,"2024",458,155
133297,"2023",1705,569
133430,"2023",2364,856
133430,"2017",NA,NA
133430,"2019",NA,NA
133430,"2024",3980,1430
133430,"2022",NA,NA
133430,"2020",2998,1111
133430,"2016",324,112
133430,"2018",5332,1878
133430,"2021",NA,NA
133835,"2024",380,144
133835,"2023",1234,422
133835,"2022",375,142
133933,"2024",255,102
134770,"2022",NA,NA
134770,"2019",NA,NA
134770,"2017",1163,410
134770,"2023",4961,1881
134770,"2024",NA,NA
134770,"2020",2750,1026
134770,"2016",197,59
134770,"2021",NA,NA
134770,"2018",1236,441
136440,"2024",2825,1000
136440,"2019",807,299
136440,"2017",NA,NA
136440,"2021",NA,NA
136440,"2022",1066,385
136440,"2020",1074,448
136440,"2018",207,69
136440,"2023",1011,367
144707,"2019",NA,NA
144707,"2015",NA,NA
144707,"2023",NA,NA
144707,"2022",NA,NA
144707,"2021",3097,1220
144707,"2018",610,241
144707,"2020",1005,386
144707,"2016",147,53
144707,"2017",579,243
144719,"2024",3032,1237
144719,"2021",2625,1020
144719,"2016",NA,NA
144719,"2023",2553,997
144719,"2018",2258,841
144719,"2020",1006,394
144719,"2015",157,54
144719,"2019",3069,1170
144719,"2022",3511,1388
144719,"2017",NA,NA
144750,"2019",NA,NA
144750,"2018",388,142
144750,"2024",509,153
144750,"2022",1396,445
144750,"2023",1637,500
144750,"2020",1873,658
144750,"2017",611,255
144750,"2016",298,119
144750,"2021",NA,NA
144797,"2016",152,61
144821,"2023",379,138
144869,"2021",256,103
144869,"2024",4953,1820
144869,"2022",1305,420
144869,"2023",NA,NA
144870,"2024",187,65
144895,"2020",NA,NA
144895,"2022",2132,816
144895,"2024",NA,NA
144895,"2021",2078,777
144895,"2019",1396,536
144895,"2023",1975,720
144895,"2018",1189,421
200059,"2017",306,107
200059,"2024",267,101
200059,"2019",NA,NA
200059,"2022",347,136
200059,"2023",2207,778
200059,"2018",619,226
200095,"2022",NA,NA
200095,"2021",254,89
200095,"2019",278,114
200095,"2018",126,48
200095,"2017",NA,NA
200116,"2023",170,64
200116,"2022",243,95
200116,"2024",528,204
200221,"2019",919,332
200221,"2021",NA,NA
200221,"2022",4211,1637
200221,"2024",NA,NA
200221,"2023",4560,1778
200221,"2020",2131,869
200240,"2024",576,190
200240,"2021",233,110
200240,"2022",327,130
200259,"2024",269,98
200267,"2022",NA,NA
200267,"2021",285,96
200267,"2020",170,63
200267,"2023",NA,NA
200267,"2024",3192,1174
200297,"2021",115,47
200303,"2022",476,170
200303,"2020",NA,NA
200303,"2024",3357,1182
200303,"2021",NA,NA
200303,"2023",2256,792
200374,"2022",221,92
200384,"2023",1011,356
200384,"2020",745,299
200384,"2018",NA,NA
200384,"2022",2222,842
200384,"2024",2432,896
200384,"2021",1390,534
200443,"2024",1182,383
200553,"2019",142,66
200587,"2022",402,155
200587,"2023",353,107
200587,"2024",NA,NA
200615,"2022",1871,612
200615,"2019",2585,847
200615,"2021",3739,1271
200615,"2023",NA,NA
200615,"2018",434,127
200615,"2020",574,183
200615,"2024",NA,NA
200670,"2020",389,140
200670,"2023",3835,1370
200670,"2022",2094,768
200670,"2021",NA,NA
200670,"2024",698,222
200677,"2022",144,45
200702,"2024",168,66
202058,"2023",321,125
202058,"2024",971,327
202058,"2021",NA,NA
202195,"2022",4442,1366
202195,"2024",415,139
202195,"2023",2428,699
202195,"2021",1126,384
202195,"2020",199,66
202235,"2023",123,43
202269,"2021",124,46
202358,"2020",133,46
202358,"2022",1086,368
202358,"2023",461,132
202358,"2024",NA,NA
202358,"2018",121,54
202358,"2019",NA,NA
205734,"2020",765,297
205734,"2022",208,70
205734,"2018",NA,NA
205734,"2019",362,125
205734,"2021",477,166
205734,"2024",3277,1117
205734,"2023",NA,NA
206499,"2022",322,114
206499,"2024",2671,849
206499,"2023",839,263
206748,"2020",NA,NA
206748,"2022",557,185
206748,"2023",441,160
206748,"2021",NA,NA
206748,"2024",740,251
206909,"2020",434,157
206909,"2022",4616,1654
206909,"2021",2339,845
206909,"2023",2917,989
206909,"2024",NA,NA
207182,"2021",NA,NA
207182,"2022",436,140
207182,"2023",328,85
207182,"2019",NA,NA
207182,"2024",362,108
207352,"2022",NA,NA
207352,"2024",1113,395
207352,"2023",144,55
207678,"2022",535,190
207678,"2023",1394,504
207678,"2024",240,89
207678,"2021",875,346
207681,"2024",1103,377
207733,"2022",2325,852
207733,"2021",367,119
207733,"2023",2247,856
207733,"2024",5002,1887
207834,"2022",199,83
207925,"2023",869,328
207925,"2021",204,77
207925,"2022",NA,NA
207925,"2024",5122,1838
207985,"2024",452,146
207989,"2024",5425,2257
207989,"2020",249,106
207989,"2023",6340,2664
207989,"2021",3919,1598
207989,"2022",NA,NA
208004,"2024",940,320
208004,"2020",NA,NA
208004,"2023",484,168
208010,"2023",156,60
208010,"2024",459,166
208013,"2023",141,44
208013,"2024",NA,NA
208013,"2021",126,44
208014,"2023",1804,692
208014,"2022",246,77
208014,"2024",NA,NA
208134,"2020",NA,NA
208134,"2022",359,120
208134,"2024",1199,415
208134,"2023",650,223
208144,"2024",131,51
208279,"2024",204,61
208286,"2022",NA,NA
208286,"2024",4490,1681
208286,"2023",2906,1069
208363,"2024",3234,1304
208502,"2023",1789,622
208502,"2022",982,319
208502,"2021",617,229
208502,"2024",837,284
208859,"2024",434,132
208859,"2022",472,154
208859,"2023",395,154
209070,"2023",NA,NA
209070,"2024",1858,637
209070,"2021",276,96
209113,"2022",NA,NA
209113,"2024",1527,599
209113,"2023",632,208
209209,"2023",616,199
209209,"2022",NA,NA
209209,"2024",307,117
209263,"2024",161,61
209279,"2024",848,300
209279,"2023",241,73
209318,"2024",155,68
209414,"2023",2761,1009
209414,"2022",NA,NA
209414,"2024",2244,800
210097,"2024",5915,1924
210097,"2023",4272,1399
210097,"2022",554,174
210136,"2022",NA,NA
210136,"2024",282,96
210136,"2023",143,47
210150,"2023",367,126
210150,"2024",3703,1316
210319,"2023",256,95
210319,"2024",339,121
210340,"2023",263,94
210460,"2024",230,81
210506,"2023",1202,414
210506,"2024",4833,1792
211514,"2024",143,50
212720,"2024",100,45
201389,"2011",781,332
201389,"2013",169,77
201389,"2004",NA,NA
201389,"2008",123,52
201389,"2010",NA,NA
201483,"2009",222,98
201483,"2018",1087,484
201483,"2021",1485,655
201483,"2019",1072,506
201483,"2023",1436,631
201483,"2016",2616,1141
201483,"2007",196,79
201483,"2015",NA,NA
201483,"2008",NA,NA
201483,"2010",NA,NA
201483,"2022",NA,NA
201483,"2017",2149,972
201483,"2020",440,202
201483,"2012",NA,NA
201483,"2014",NA,NA
201483,"2011",126,52
201514,"2012",NA,NA
201514,"2013",NA,NA
201514,"2021",2789,1232
201514,"2016",1397,626
201514,"2018",2691,1193
201514,"2007",NA,NA
201514,"2020",879,359
201514,"2019",2693,1195
201514,"2006",NA,NA
201514,"2015",329,132
201514,"2023",3181,1342
201514,"2014",NA,NA
201514,"2008",NA,NA
201514,"2022",2857,1265
201514,"2009",NA,NA
201514,"2017",3491,1549
201514,"2010",NA,NA
201514,"2011",NA,NA
201514,"2024",2008,857
201516,"2023",587,234
201516,"2011",NA,NA
201516,"2019",1103,454
201516,"2017",1690,728
201516,"2013",NA,NA
201516,"2018",1719,733
201516,"2007",NA,NA
201516,"2010",NA,NA
201516,"2009",335,122
201516,"2008",NA,NA
201516,"2012",166,71
201516,"2015",NA,NA
201516,"2016",1324,590
201516,"2022",277,137
201516,"2005",NA,NA
201527,"2014",2540,1079
201527,"2020",469,192
201527,"2021",1138,462
201527,"2008",NA,NA
201527,"2019",1367,565
201527,"2013",NA,NA
201527,"2016",1606,708
201527,"2022",353,147
201527,"2009",NA,NA
201527,"2011",130,53
201527,"2010",NA,NA
201527,"2018",1942,776
201527,"2015",NA,NA
201527,"2017",559,246
201527,"2005",NA,NA
201527,"2012",NA,NA
201527,"2006",NA,NA
201529,"2018",406,150
201529,"2017",645,292
201529,"2019",1139,489
201529,"2021",413,165
201529,"2020",NA,NA
201529,"2014",NA,NA
201529,"2008",NA,NA
201535,"2023",216,80
201535,"2022",648,237
201535,"2013",1035,429
201535,"2012",NA,NA
201535,"2011",1359,555
201535,"2019",224,78
201535,"2006",NA,NA
201535,"2007",NA,NA
201535,"2020",NA,NA
201535,"2008",NA,NA
201535,"2010",NA,NA
201535,"2017",3623,1513
201535,"2021",933,355
201535,"2009",163,59
201535,"2015",NA,NA
201535,"2016",2926,1209
201535,"2018",2002,785
201535,"2014",2652,1059
201540,"2014",2592,1066
201540,"2022",918,390
201540,"2011",NA,NA
201540,"2016",4809,2077
201540,"2009",NA,NA
201540,"2023",NA,NA
201540,"2020",899,389
201540,"2024",215,84
201540,"2015",NA,NA
201540,"2018",3461,1420
201540,"2017",4744,2099
201540,"2012",642,262
201540,"2019",3629,1649
201540,"2013",NA,NA
201540,"2010",216,96
201540,"2021",NA,NA
201554,"2020",NA,NA
201554,"2016",NA,NA
201554,"2017",NA,NA
201554,"2009",420,180
201554,"2010",NA,NA
201554,"2014",208,101
201554,"2021",461,190
201554,"2015",615,233
201554,"2012",106,38
201554,"2018",368,164
201554,"2019",NA,NA
201554,"2011",576,259
201554,"2022",304,124
201568,"2023",NA,NA
201568,"2010",NA,NA
201568,"2014",NA,NA
201568,"2008",NA,NA
201568,"2022",823,350
201568,"2020",NA,NA
201568,"2009",300,129
201568,"2018",412,184
201568,"2013",NA,NA
201568,"2019",319,118
201568,"2011",260,110
201568,"2015",NA,NA
201568,"2021",1311,589
201568,"2017",1043,438
201568,"2016",1566,719
201572,"2010",NA,NA
201572,"2011",294,130
201572,"2009",320,139
201572,"2008",170,66
201585,"2023",NA,NA
201585,"2017",1733,733
201585,"2019",2971,1323
201585,"2013",NA,NA
201585,"2011",1002,438
201585,"2014",NA,NA
201585,"2012",NA,NA
201585,"2016",2310,1021
201585,"2020",1088,433
201585,"2022",2568,1149
201585,"2024",2715,1172
201585,"2010",322,140
201585,"2018",4119,1945
201585,"2015",NA,NA
201585,"2021",2769,1202
201590,"2011",717,270
201590,"2012",NA,NA
201590,"2022",NA,NA
201590,"2023",NA,NA
201590,"2016",3204,1429
201590,"2017",3169,1368
201590,"2018",2988,1337
201590,"2019",3683,1571
201590,"2021",NA,NA
201590,"2013",1363,575
201590,"2015",NA,NA
201590,"2020",1142,499
201590,"2014",NA,NA
201590,"2010",603,225
201597,"2015",NA,NA
201597,"2019",468,214
201597,"2010",NA,NA
201597,"2013",949,438
201597,"2014",NA,NA
201597,"2012",NA,NA
201597,"2017",1920,885
201597,"2021",334,149
201597,"2011",287,114
201597,"2016",NA,NA
201597,"2018",1361,593
201597,"2009",129,59
201597,"2020",NA,NA
201607,"2010",95,50
201607,"2009",NA,NA
201607,"2011",243,94
201611,"2012",114,57
201611,"2016",3263,1464
201611,"2021",312,138
201611,"2014",183,86
201611,"2010",NA,NA
201611,"2013",551,227
201611,"2017",4585,2059
201611,"2019",1632,691
201611,"2015",NA,NA
201611,"2020",154,67
201611,"2023",1010,459
201611,"2022",NA,NA
201611,"2024",2056,957
201611,"2018",NA,NA
201616,"2024",NA,NA
201616,"2020",994,432
201616,"2011",NA,NA
201616,"2015",NA,NA
201616,"2016",1846,851
201616,"2013",NA,NA
201616,"2014",NA,NA
201616,"2023",2076,896
201616,"2022",2226,954
201616,"2018",719,303
201616,"2017",2952,1394
201616,"2019",1289,545
201616,"2012",676,289
201616,"2021",1847,779
201619,"2023",NA,NA
201619,"2014",NA,NA
201619,"2013",NA,NA
201619,"2015",NA,NA
201619,"2021",1767,735
201619,"2018",3025,1325
201619,"2019",3250,1417
201619,"2016",4781,2075
201619,"2020",821,356
201619,"2022",NA,NA
201619,"2011",250,111
201619,"2012",309,120
201619,"2009",136,54
201619,"2017",1953,848
201619,"2024",NA,NA
201643,"2009",199,99
201648,"2018",306,98
201648,"2012",NA,NA
201648,"2016",1870,709
201648,"2010",NA,NA
201648,"2017",1244,426
201648,"2015",NA,NA
201648,"2014",272,84
201648,"2011",279,96
201648,"2009",NA,NA
201660,"2008",252,103
201660,"2009",131,51
201696,"2017",2142,999
201696,"2014",247,121
201696,"2016",3431,1567
201696,"2024",NA,NA
201696,"2021",NA,NA
201696,"2015",NA,NA
201696,"2010",NA,NA
201696,"2020",1413,641
201696,"2022",684,262
201696,"2018",1421,634
201696,"2023",NA,NA
201696,"2019",2569,1087
201697,"2011",450,175
201697,"2013",NA,NA
201697,"2019",2648,1011
201697,"2021",1489,533
201697,"2018",2952,1156
201697,"2014",956,344
201697,"2008",NA,NA
201697,"2012",NA,NA
201697,"2020",1140,431
201697,"2007",NA,NA
201697,"2017",3462,1379
201697,"2010",NA,NA
201697,"2015",NA,NA
201697,"2016",1950,752
202358,"2006",NA,NA
202373,"2007",161,74
202402,"2008",178,87
202423,"2012",79,31
202423,"2011",143,52
202426,"2011",NA,NA
202426,"2015",NA,NA
202426,"2016",655,293
202426,"2017",729,278
202426,"2014",203,81
202429,"2015",NA,NA
202429,"2013",NA,NA
202429,"2018",2917,1303
202429,"2020",1784,752
202429,"2012",962,417
202429,"2016",2479,1050
202429,"2014",NA,NA
202429,"2022",2314,1017
202429,"2019",2031,888
202429,"2017",2112,899
202429,"2021",NA,NA
202429,"2023",NA,NA
202429,"2011",NA,NA
202429,"2024",517,197
202446,"2021",516,240
202446,"2017",2216,949
202446,"2019",766,326
202446,"2018",2082,924
202446,"2016",3617,1588
202446,"2015",NA,NA
202446,"2011",NA,NA
202446,"2022",600,253
202446,"2020",1117,499
202446,"2023",467,199
202446,"2014",NA,NA
202446,"2012",736,321
202446,"2013",NA,NA
202452,"2011",151,83
202453,"2015",NA,NA
202453,"2013",372,160
202453,"2018",1741,796
202453,"2014",NA,NA
202453,"2019",3403,1504
202453,"2024",423,176
202453,"2011",NA,NA
202453,"2012",395,181
202453,"2016",NA,NA
202453,"2021",NA,NA
202453,"2017",1394,589
202453,"2020",889,443
202465,"2012",129,65
202482,"2015",NA,NA
202482,"2019",511,233
202482,"2020",314,120
202482,"2012",NA,NA
202482,"2017",567,266
202482,"2018",291,119
202482,"2016",469,259
202482,"2021",NA,NA
202484,"2019",521,226
202484,"2015",NA,NA
202484,"2013",203,90
202484,"2014",NA,NA
202484,"2020",NA,NA
202484,"2018",382,136
202484,"2017",1337,570
202484,"2016",1812,808
202484,"2012",361,147
202504,"2019",380,141
202504,"2017",2164,887
202504,"2016",1010,416
202504,"2013",234,86
202504,"2020",NA,NA
202504,"2014",NA,NA
202504,"2015",NA,NA
202504,"2012",232,104
202504,"2018",1092,445
202536,"2015",NA,NA
202536,"2017",962,401
202536,"2021",NA,NA
202536,"2014",223,99
202536,"2020",508,222
202536,"2022",NA,NA
202536,"2016",832,373
202536,"2018",2195,940
202536,"2019",1520,631
202536,"2023",NA,NA
202536,"2024",NA,NA
202578,"2019",155,79
202600,"2017",631,273
202600,"2014",NA,NA
202600,"2015",NA,NA
202600,"2023",NA,NA
202600,"2019",551,233
202600,"2020",588,288
202600,"2024",3603,1594
202600,"2021",1314,601
202600,"2018",690,323
202600,"2022",1197,509
202628,"2016",NA,NA
202628,"2018",190,85
202628,"2015",381,180
202628,"2017",NA,NA
202628,"2014",444,197
202628,"2023",1183,506
202628,"2013",324,133
202628,"2022",NA,NA
202628,"2021",718,357
202653,"2015",NA,NA
202653,"2014",283,131
202653,"2016",2022,871
202653,"2018",566,243
202653,"2017",1129,466
202653,"2019",365,124
202662,"2024",105,43
202662,"2018",NA,NA
202662,"2023",288,127
202684,"2014",NA,NA
202684,"2021",831,383
202684,"2022",1311,570
202684,"2015",697,289
202684,"2016",643,260
202684,"2017",1510,653
202684,"2020",673,298
202684,"2019",1306,565
202684,"2018",902,406
202684,"2024",1891,796
202684,"2023",3665,1621
202685,"2014",349,156
202685,"2018",NA,NA
202685,"2017",NA,NA
202685,"2016",372,188
202685,"2015",307,122
202702,"2014",657,255
202702,"2013",197,80
202702,"2015",NA,NA
202702,"2016",260,100
202702,"2017",NA,NA
202702,"2019",242,98
202702,"2018",NA,NA
202702,"2021",142,68
202858,"2016",129,54
202916,"2021",369,131
202916,"2019",312,122
202916,"2018",543,190
202921,"2017",135,62
203325,"2021",350,138
203325,"2019",280,113
203354,"2020",392,189
203354,"2023",NA,NA
203354,"2021",1396,583
203354,"2022",NA,NA
203354,"2017",247,113
203354,"2024",1935,801
203354,"2019",440,200
203354,"2018",NA,NA
203435,"2014",NA,NA
203435,"2017",551,269
203435,"2022",76,33
203435,"2018",1807,788
203435,"2023",174,86
203435,"2019",1569,662
203435,"2016",NA,NA
203462,"2019",NA,NA
203462,"2016",1608,742
203462,"2017",1318,586
203462,"2015",NA,NA
203462,"2024",NA,NA
203462,"2022",614,282
203462,"2013",234,106
203462,"2021",2454,1206
203462,"2023",1537,664
203462,"2014",237,96
203462,"2020",570,246
203462,"2018",1767,749
203500,"2022",NA,NA
203500,"2016",807,350
203500,"2024",649,287
203500,"2019",735,320
203500,"2020",162,74
203500,"2013",NA,NA
203500,"2018",1362,617
203500,"2015",NA,NA
203500,"2017",597,284
203500,"2021",NA,NA
203500,"2023",706,306
203500,"2014",NA,NA
203501,"2020",334,126
203501,"2013",211,78
203501,"2022",344,140
203501,"2018",924,360
203501,"2019",1042,425
203501,"2023",1105,453
203501,"2024",NA,NA
203501,"2015",554,194
203501,"2017",829,357
203501,"2016",251,95
203501,"2014",837,350
203504,"2016",447,198
203504,"2019",NA,NA
203504,"2017",859,352
203504,"2015",NA,NA
203504,"2018",389,174
203514,"2020",230,98
203514,"2019",651,315
203514,"2023",256,106
203514,"2024",464,231
203514,"2021",1459,733
203514,"2022",355,144
203530,"2016",2523,1170
203530,"2020",NA,NA
203530,"2019",2135,1001
203530,"2013",283,133
203530,"2023",1194,424
203530,"2021",NA,NA
203530,"2017",2303,1025
203530,"2018",1266,554
203530,"2024",NA,NA
203530,"2022",NA,NA
203553,"2017",141,63
203562,"2018",125,57
203562,"2023",NA,NA
203562,"2017",149,79
203564,"2020",NA,NA
203564,"2022",867,353
203564,"2023",208,88
203564,"2016",NA,NA
203564,"2024",863,386
203564,"2018",NA,NA
203564,"2019",962,377
203564,"2017",206,86
203564,"2021",NA,NA
203575,"2014",NA,NA
203575,"2022",1371,560
203575,"2011",NA,NA
203575,"2021",1777,775
203575,"2020",817,327
203575,"2024",NA,NA
203575,"2018",576,237
203575,"2015",NA,NA
203575,"2019",420,193
203575,"2013",NA,NA
203575,"2017",1273,521
203575,"2012",NA,NA
203575,"2023",1097,473
203575,"2016",2770,1145
203576,"2016",414,188
203576,"2015",NA,NA
203576,"2014",435,207
203576,"2017",740,331
204267,"2017",117,46
204362,"2018",294,146
204362,"2015",NA,NA
204362,"2013",NA,NA
204362,"2017",205,104
204362,"2016",284,142
204388,"2013",220,99
204388,"2014",230,89
204394,"2020",222,98
204394,"2017",345,156
204394,"2019",297,121
204394,"2023",NA,NA
204394,"2021",267,122
204394,"2022",NA,NA
204394,"2018",745,358
204394,"2014",NA,NA
204411,"2020",189,71
204411,"2016",NA,NA
204411,"2014",270,117
204411,"2015",NA,NA
204411,"2021",1106,480
204411,"2023",893,375
204411,"2022",NA,NA
204411,"2024",417,178
204427,"2024",NA,NA
204427,"2022",3029,1461
204427,"2017",2315,1069
204427,"2015",NA,NA
204427,"2023",NA,NA
204427,"2021",NA,NA
204427,"2020",1297,615
204427,"2019",2130,980
204427,"2016",965,450
204427,"2018",1309,578
205344,"2016",233,124
205344,"2017",153,78
205344,"2022",NA,NA
205344,"2018",NA,NA
205344,"2019",349,136
205723,"2017",249,85
205723,"2021",169,62
205723,"2018",NA,NA
205815,"2017",348,155
205815,"2014",274,110
205815,"2018",136,58
205815,"2022",NA,NA
205815,"2016",NA,NA
205848,"2018",179,72
205925,"2021",2946,1343
205925,"2014",NA,NA
205925,"2024",1088,489
205925,"2019",2754,1178
205925,"2023",2668,1150
205925,"2020",1554,703
205925,"2013",NA,NA
205925,"2022",NA,NA
205925,"2015",NA,NA
205925,"2017",2455,1095
205925,"2012",NA,NA
205925,"2018",3903,1670
205925,"2016",1737,770
206037,"2022",281,119
206037,"2019",266,129
206037,"2023",NA,NA
206037,"2014",NA,NA
206037,"2015",NA,NA
206037,"2016",NA,NA
206037,"2020",251,125
206037,"2018",321,158
206037,"2021",181,86
206037,"2024",NA,NA
206037,"2017",330,155
206107,"2023",NA,NA
206107,"2018",110,53
206107,"2017",144,73
206107,"2015",NA,NA
206107,"2019",267,129
206107,"2021",NA,NA
206107,"2016",192,81
206108,"2023",677,282
206108,"2020",1889,784
206108,"2016",623,270
206108,"2018",1208,496
206108,"2019",2539,1044
206108,"2021",NA,NA
206108,"2017",1588,648
206124,"2020",795,338
206124,"2018",481,187
206124,"2017",897,373
206124,"2023",1534,661
206124,"2015",260,126
206124,"2021",NA,NA
206124,"2014",NA,NA
206124,"2024",NA,NA
206124,"2019",752,313
206124,"2022",NA,NA
206124,"2016",739,306
206124,"2013",NA,NA
206136,"2018",144,69
206136,"2017",364,184
206183,"2017",264,112
206183,"2015",NA,NA
206183,"2016",305,149
206216,"2017",123,67
206219,"2019",112,44
206219,"2022",1508,629
206219,"2017",2066,872
206219,"2020",926,347
206219,"2021",1418,610
206219,"2015",NA,NA
206219,"2023",217,95
206219,"2018",578,219
206219,"2016",1044,428
206219,"2024",676,272
206252,"2019",171,80
206252,"2023",NA,NA
206252,"2021",NA,NA
206252,"2022",NA,NA
206252,"2024",2813,1195
206252,"2014",150,70
206252,"2018",256,110
206252,"2020",1246,555
206252,"2017",725,331
206252,"2015",NA,NA
206252,"2016",544,227
206255,"2019",835,382
206255,"2017",795,318
206255,"2020",1033,504
206255,"2023",654,279
206255,"2016",1444,629
206255,"2021",836,323
206255,"2015",NA,NA
206289,"2015",NA,NA
206289,"2022",4803,2060
206289,"2021",NA,NA
206289,"2020",2404,1040
206289,"2016",1388,601
206289,"2014",NA,NA
206289,"2018",3152,1379
206289,"2019",3921,1732
206289,"2017",2483,1083
206289,"2024",NA,NA
206289,"2013",NA,NA
206289,"2023",4661,2018
206289,"2012",NA,NA
206292,"2021",1777,736
206292,"2023",220,89
206292,"2019",1155,463
206292,"2022",1020,393
206292,"2020",593,229
206292,"2024",481,218
206374,"2021",828,349
206374,"2018",2338,1065
206374,"2014",269,116
206374,"2023",159,65
206374,"2019",2928,1312
206374,"2017",617,294
206374,"2016",NA,NA
206374,"2020",712,307
206374,"2015",NA,NA
206374,"2024",2192,913
206408,"2024",2274,938
206408,"2023",2260,941
206408,"2018",116,55
206408,"2016",NA,NA
206408,"2021",NA,NA
206408,"2020",872,431
206408,"2017",580,278
206408,"2022",NA,NA
206417,"2022",NA,NA
206417,"2023",583,235
206417,"2024",310,121
206420,"2016",532,219
206420,"2022",3878,1750
206420,"2019",4199,1881
206420,"2023",NA,NA
206420,"2024",3804,1571
206420,"2018",1630,688
206420,"2021",NA,NA
206420,"2017",1257,530
206420,"2020",2303,1027
206430,"2022",235,106
206430,"2023",180,73
206430,"2021",115,41
206430,"2015",NA,NA
206430,"2019",280,131
206430,"2024",NA,NA
210672,"2016",137,59
210705,"2022",647,275
210705,"2017",NA,NA
210705,"2019",641,300
210705,"2024",355,162
210705,"2021",1195,512
210705,"2020",330,143
210705,"2018",313,145
210722,"2019",4526,2062
210722,"2024",3503,1527
210722,"2022",NA,NA
210722,"2020",3232,1503
210722,"2018",4830,2267
210722,"2016",411,194
210722,"2021",NA,NA
210722,"2023",3538,1630
210722,"2017",3690,1707
210871,"2018",188,93
210871,"2016",191,85
210871,"2017",124,69
210871,"2015",NA,NA
210913,"2019",189,78
210957,"2017",392,145
210957,"2016",NA,NA
210957,"2018",246,130
211095,"2018",1896,800
211095,"2019",2434,1019
211095,"2023",2989,1256
211095,"2017",NA,NA
211095,"2020",1069,450
211095,"2021",2380,1048
211095,"2022",1623,730
211095,"2024",2248,934
211279,"2022",NA,NA
211279,"2017",NA,NA
211279,"2015",NA,NA
211279,"2019",861,330
211279,"2023",NA,NA
211279,"2024",1794,785
211279,"2021",1135,492
211279,"2018",532,207
211279,"2020",391,163
211337,"2022",898,360
211337,"2020",NA,NA
211337,"2018",428,206
211337,"2023",1869,866
211337,"2019",836,374
211337,"2024",1510,634
211337,"2017",462,194
211337,"2021",775,345
211411,"2024",317,156
211411,"2019",1111,506
211411,"2021",NA,NA
211411,"2016",NA,NA
211411,"2018",NA,NA
211411,"2020",557,202
211411,"2017",766,281
211456,"2022",171,89
211472,"2015",79,32
211544,"2021",36,9
211684,"2017",NA,NA
211684,"2024",NA,NA
211684,"2022",NA,NA
211684,"2020",302,139
211684,"2014",NA,NA
211684,"2015",NA,NA
211684,"2021",1004,422
211684,"2019",609,247
211684,"2016",178,91
211684,"2023",2354,1007
211684,"2018",1119,472
211701,"2021",3021,1383
211701,"2024",NA,NA
211701,"2022",NA,NA
211701,"2014",780,357
211701,"2023",NA,NA
211701,"2013",NA,NA
211701,"2017",3518,1541
211701,"2020",1207,503
211701,"2015",NA,NA
211701,"2016",2520,1106
211701,"2018",4164,1825
211701,"2019",3401,1516
211702,"2021",NA,NA
211702,"2018",1396,605
211702,"2019",1010,450
211702,"2016",NA,NA
211702,"2022",652,296
211702,"2017",1894,787
211702,"2015",NA,NA
211702,"2020",1094,509
211702,"2024",NA,NA
211702,"2023",1485,634
211736,"2017",518,253
211736,"2021",NA,NA
211736,"2018",386,171
211736,"2019",1086,455
211736,"2015",NA,NA
211736,"2016",350,166
211796,"2017",897,372
211796,"2016",685,306
211796,"2014",NA,NA
211796,"2019",NA,NA
211796,"2021",201,90
211796,"2018",264,122
211796,"2015",NA,NA
211817,"2017",121,54
211817,"2024",926,406
211817,"2019",465,198
211817,"2022",2023,878
211817,"2023",1180,545
211817,"2018",452,188
211817,"2020",NA,NA
211817,"2016",NA,NA
211817,"2021",1280,618
211878,"2017",685,333
211878,"2020",537,230
211878,"2021",584,245
211878,"2022",NA,NA
211878,"2018",NA,NA
211880,"2024",402,159
211880,"2020",379,144
211880,"2019",1092,455
211880,"2017",323,140
211880,"2018",365,158
211880,"2016",NA,NA
211880,"2023",257,94
211880,"2022",391,136
211887,"2019",118,43
211901,"2019",822,363
211901,"2020",458,192
211901,"2021",910,382
211901,"2023",306,135
211903,"2017",NA,NA
211903,"2020",238,110
211903,"2022",200,108
212001,"2019",1585,713
212001,"2015",213,87
212001,"2016",195,79
212001,"2022",NA,NA
212001,"2018",1773,706
212001,"2017",2141,902
212001,"2020",NA,NA
212001,"2021",592,276
212805,"2022",NA,NA
212805,"2017",171,89
212805,"2020",166,89
213525,"2021",NA,NA
213525,"2020",1532,699
213525,"2017",239,89
213525,"2016",164,69
213525,"2018",641,255
213525,"2022",NA,NA
213525,"2019",1766,782
213525,"2024",NA,NA
213525,"2023",2084,877
213544,"2022",NA,NA
213544,"2019",575,263
213544,"2024",NA,NA
213544,"2020",360,159
213544,"2021",205,85
213544,"2017",1003,460
213544,"2018",947,425
213544,"2023",256,107
213550,"2021",1548,658
213550,"2015",NA,NA
213550,"2018",2593,1101
213550,"2019",NA,NA
213550,"2022",1200,450
213550,"2020",2477,1065
213550,"2017",473,204
213550,"2023",2992,1257
213550,"2024",2701,1100
213550,"2016",NA,NA
213631,"2019",1086,478
213631,"2021",2597,1098
213631,"2017",NA,NA
213631,"2020",1371,591
213631,"2015",NA,NA
213631,"2018",377,153
213631,"2024",NA,NA
213631,"2022",NA,NA
213631,"2023",3151,1344
213646,"2023",NA,NA
213646,"2022",NA,NA
213646,"2024",802,333
213646,"2017",208,79
213646,"2018",232,91
213646,"2019",236,100
213646,"2016",NA,NA
213646,"2021",341,152
213710,"2023",2022,871
213710,"2024",NA,NA
213710,"2021",525,235
213710,"2022",903,387
213828,"2020",98,55
213889,"2022",1011,414
213889,"2023",NA,NA
213889,"2024",2161,911
213889,"2019",1166,507
213889,"2020",748,277
213889,"2021",2517,1095
213908,"2022",373,141
213908,"2023",112,46
213908,"2024",344,141
213926,"2021",101,33
213947,"2016",98,37
214020,"2023",154,68
214020,"2021",142,68
214032,"2019",159,61
214032,"2024",NA,NA
214032,"2020",211,80
214040,"2016",208,68
214040,"2021",378,160
214040,"2022",166,67
214040,"2018",196,81
214040,"2019",220,88
214040,"2024",NA,NA
214040,"2023",1323,587
214119,"2023",2317,930
214119,"2022",NA,NA
214119,"2024",1381,577
214119,"2016",287,129
214119,"2021",232,77
214119,"2017",NA,NA
214149,"2017",206,85
214149,"2022",NA,NA
214149,"2024",NA,NA
214149,"2023",NA,NA
214149,"2018",2449,963
214149,"2020",952,356
214149,"2021",1004,401
214149,"2019",3234,1347
214181,"2021",1240,574
214181,"2022",791,345
214229,"2016",239,120
214263,"2017",2309,983
214263,"2014",NA,NA
214263,"2018",916,417
214263,"2016",762,351
214263,"2015",194,72
214263,"2020",1046,459
214304,"2021",NA,NA
214304,"2017",265,109
214304,"2019",887,351
214304,"2018",1851,810
214304,"2016",NA,NA
214304,"2020",225,92
214312,"2016",241,103
214405,"2022",460,184
214405,"2023",724,311
214405,"2017",NA,NA
214405,"2019",NA,NA
214405,"2020",247,106
214452,"2024",3040,1242
214452,"2017",228,91
214452,"2019",NA,NA
214452,"2021",445,166
214452,"2022",539,213
214452,"2018",934,359
214452,"2020",361,143
214452,"2023",982,424
214480,"2024",350,169
214480,"2023",236,106
214480,"2018",NA,NA
214521,"2024",170,70
214521,"2018",267,126
214521,"2020",223,97
214541,"2024",NA,NA
214541,"2017",425,173
214541,"2022",NA,NA
214541,"2019",206,85
214541,"2023",250,117
214541,"2018",1151,480
214541,"2016",NA,NA
214544,"2023",NA,NA
214544,"2022",NA,NA
214544,"2018",5491,2350
214544,"2017",1529,659
214544,"2020",2888,1302
214544,"2019",3922,1731
214544,"2021",NA,NA
214544,"2024",4831,2187
214593,"2024",787,377
214593,"2021",311,120
214593,"2022",297,125
214593,"2023",807,377
214621,"2016",207,81
214621,"2014",NA,NA
214621,"2017",109,54
214641,"2017",214,127
214641,"2014",NA,NA
214641,"2018",191,84
214643,"2024",NA,NA
214643,"2022",3237,1358
214643,"2019",923,370
214643,"2023",NA,NA
214643,"2021",2865,1161
214643,"2020",562,219
214694,"2022",176,72
214694,"2017",171,69
214694,"2021",NA,NA
214694,"2019",NA,NA
214694,"2018",456,183
214839,"2022",495,190
214839,"2024",246,105
214839,"2021",NA,NA
214839,"2023",1305,544
214906,"2022",NA,NA
214906,"2024",303,119
214906,"2020",NA,NA
214906,"2017",NA,NA
214906,"2021",605,250
214906,"2023",2455,1017
214906,"2018",942,420
214939,"2019",931,382
214939,"2023",2082,901
214939,"2016",NA,NA
214939,"2017",673,285
214939,"2022",NA,NA
214939,"2021",1873,790
214939,"2024",NA,NA
214939,"2020",415,138
214939,"2018",NA,NA
214954,"2016",125,49
214954,"2020",1309,602
214954,"2019",2777,1331
214954,"2023",NA,NA
214954,"2024",NA,NA
214954,"2022",NA,NA
214954,"2018",2288,1005
214954,"2021",NA,NA
214954,"2017",1236,566
215016,"2020",203,84
215016,"2018",313,161
215016,"2019",NA,NA
215016,"2017",275,127
215016,"2015",NA,NA
215018,"2021",267,112
215018,"2017",294,101
215018,"2019",209,59
215018,"2022",NA,NA
215018,"2018",246,87
215018,"2024",NA,NA
215020,"2023",3589,1552
215020,"2018",1419,624
215020,"2020",1036,466
215020,"2022",948,412
215020,"2024",2639,1152
215020,"2021",1344,534
215020,"2019",2284,1003
215020,"2017",649,251
215020,"2016",173,80
215035,"2019",NA,NA
215035,"2018",1211,556
215035,"2022",2271,900
215035,"2023",1599,686
215035,"2021",NA,NA
215035,"2017",251,124
215035,"2024",2566,1112
215035,"2016",NA,NA
215035,"2020",2152,924
215091,"2020",150,62
215096,"2018",224,84
215096,"2017",291,119
215096,"2022",NA,NA
215096,"2019",217,94
215096,"2023",295,110
215138,"2024",1469,540
215138,"2022",364,160
215151,"2024",170,60
215151,"2023",NA,NA
215151,"2020",227,103
215151,"2022",281,117
215151,"2019",208,93
215219,"2021",1725,718
215219,"2019",771,313
215219,"2023",NA,NA
215219,"2018",138,71
215219,"2022",NA,NA
215219,"2017",NA,NA
215219,"2024",97,36
215219,"2020",948,454
215259,"2020",548,262
215259,"2021",458,192
215259,"2018",NA,NA
215337,"2021",NA,NA
215337,"2022",NA,NA
215337,"2018",750,354
215337,"2023",NA,NA
215337,"2019",422,159
215337,"2024",1458,655
215337,"2020",165,80
215370,"2022",NA,NA
215370,"2018",526,232
215370,"2017",851,387
215370,"2021",2433,1050
215370,"2019",NA,NA
215370,"2024",1437,594
215370,"2023",2203,904
215371,"2018",169,72
215371,"2019",456,162
215371,"2020",NA,NA
215371,"2022",NA,NA
215371,"2021",436,196
215395,"2020",253,104
215571,"2024",142,64
215613,"2020",NA,NA
215613,"2023",1966,888
215613,"2024",5031,2282
215613,"2021",301,134
215613,"2019",NA,NA
215613,"2022",268,108
215627,"2022",318,167
215672,"2018",241,111
215713,"2019",2147,962
215713,"2021",NA,NA
215713,"2020",822,378
215713,"2018",1093,493
215713,"2024",3481,1533
215713,"2017",NA,NA
215713,"2023",3867,1765
215713,"2022",NA,NA
215785,"2022",2297,1028
215785,"2016",NA,NA
215785,"2017",275,122
215785,"2018",NA,NA
215785,"2024",NA,NA
215785,"2020",174,74
215785,"2021",NA,NA
215785,"2019",570,271
215785,"2023",2353,1076
215832,"2021",146,71
215859,"2016",72,42
215869,"2016",202,80
215869,"2017",277,109
215872,"2019",NA,NA
215872,"2022",NA,NA
215872,"2023",1712,743
215872,"2024",2018,877
215872,"2021",1142,486
215872,"2020",133,57
215899,"2023",397,185
215899,"2019",155,65
215899,"2024",289,120
215899,"2022",494,222
215899,"2021",NA,NA
215910,"2024",306,130
215910,"2018",NA,NA
215910,"2023",749,310
215910,"2022",NA,NA
215910,"2021",218,90
215936,"2021",425,154
215936,"2023",225,122
215936,"2024",NA,NA
215983,"2021",1942,882
215983,"2024",836,383
215983,"2020",476,197
215983,"2022",NA,NA
215983,"2023",362,138
215996,"2021",192,75
215996,"2022",528,228
215996,"2023",369,156
215996,"2024",456,208
216016,"2024",NA,NA
216016,"2022",NA,NA
216016,"2017",128,56
216016,"2019",517,193
216016,"2021",1206,458
216016,"2020",656,291
216016,"2018",263,108
216016,"2023",3227,1313
216055,"2024",NA,NA
216055,"2019",227,109
216055,"2023",NA,NA
216055,"2018",161,78
216055,"2020",271,100
216074,"2023",110,50
216081,"2024",276,122
216081,"2023",NA,NA
216081,"2022",286,124
216083,"2024",NA,NA
216083,"2020",457,177
216083,"2019",780,334
216083,"2022",983,422
216083,"2023",1418,661
216083,"2021",1230,525
216097,"2022",438,196
216097,"2023",899,394
216097,"2024",NA,NA
216133,"2019",481,206
216133,"2018",291,122
216133,"2020",NA,NA
216133,"2021",1477,641
216133,"2023",3524,1523
216133,"2022",NA,NA
216133,"2024",4058,1748
216139,"2023",205,93
216146,"2020",483,196
216146,"2019",510,238
216146,"2021",2530,1124
216146,"2023",NA,NA
216146,"2024",NA,NA
216146,"2022",NA,NA
216146,"2018",601,248
216150,"2020",226,105
216153,"2019",2430,1132
216153,"2018",1131,512
216153,"2024",NA,NA
216153,"2023",603,248
216153,"2021",2026,921
216153,"2020",1361,610
216153,"2022",NA,NA
216153,"2017",NA,NA
216180,"2022",145,68
216262,"2021",1621,766
216262,"2019",NA,NA
216262,"2022",1205,530
216262,"2024",NA,NA
216262,"2020",567,275
216262,"2023",1980,941
216265,"2022",NA,NA
216265,"2021",420,154
216265,"2024",941,388
216265,"2023",377,151
216462,"2016",225,87
216475,"2016",105,48
219422,"2017",195,106
219875,"2024",NA,NA
219875,"2019",448,212
219875,"2022",1698,703
219875,"2021",2595,1073
219875,"2020",493,210
219875,"2023",3188,1378
219917,"2024",938,376
219917,"2021",385,152
219917,"2023",2403,929
219917,"2022",422,162
220272,"2022",257,121
220332,"2024",1149,516
220332,"2022",NA,NA
220332,"2023",1011,481
220339,"2018",224,101
220395,"2016",107,49
220465,"2019",NA,NA
220465,"2022",657,308
220465,"2024",2456,1125
220465,"2023",1382,602
220465,"2021",NA,NA
220465,"2020",190,82
220520,"2024",1315,561
220548,"2024",3179,1429
220548,"2023",2162,974
220548,"2022",NA,NA
220589,"2024",3480,1597
220589,"2023",1505,711
220589,"2022",567,262
220750,"2022",280,111
220750,"2024",303,126
220750,"2023",413,195
220946,"2022",273,125
221024,"2020",NA,NA
221024,"2024",1389,549
221024,"2023",540,218
221024,"2021",597,241
221024,"2022",638,251
221024,"2019",170,65
221054,"2024",NA,NA
221054,"2022",2431,1097
221054,"2023",708,294
221054,"2021",1190,543
221105,"2020",188,94
221236,"2024",586,259
221236,"2023",515,217
221237,"2024",738,315
221237,"2023",518,235
221247,"2024",326,143
221247,"2022",142,59
221247,"2021",NA,NA
221247,"2023",280,138
221818,"2017",276,125
221824,"2017",209,98
221828,"2017",271,145
221831,"2018",178,66
221837,"2018",123,54
221844,"2018",143,65
221852,"2018",171,90
221911,"2024",174,87
221911,"2023",247,94
221911,"2019",NA,NA
222233,"2024",806,361
222233,"2022",196,91
222233,"2023",295,138
222258,"2024",879,373
222258,"2023",2487,1095
222258,"2022",1159,506
222258,"2020",NA,NA
222258,"2021",371,187
222296,"2023",558,229
222296,"2024",696,283
222328,"2022",627,246
222328,"2023",NA,NA
222328,"2024",3234,1305
222513,"2022",224,92
222559,"2024",350,147
222601,"2024",1465,694
222601,"2023",285,133
222965,"2024",1689,639
222965,"2022",207,75
222965,"2023",967,419
222966,"2024",141,69
222966,"2022",114,53
223131,"2020",155,63
223132,"2020",180,89
223133,"2020",170,72
223134,"2020",277,124
223135,"2020",93,45
223159,"2022",204,90
223331,"2024",468,182
223333,"2024",229,100
223333,"2023",474,206
223335,"2022",128,48
232447,"2024",322,115
232447,"2023",748,303
233741,"2024",224,96
239389,"2024",228,100
252499,"2023",158,65
252499,"2024",410,199
252587,"2024",173,77
256684,"2024",367,163
259799,"2023",1471,637
259799,"2024",3465,1640
259799,"2022",NA,NA
260170,"2024",338,134
260300,"2024",171,75
260847,"2024",NA,NA
260848,"2024",NA,NA
260913,"2024",NA,NA
261963,"2024",NA,NA
263847,"2023",NA,NA
263848,"2023",NA,NA
263849,"2023",NA,NA
263850,"2023",NA,NA
263852,"2023",NA,NA
263853,"2023",NA,NA
263857,"2024",1057,486
264205,"2023",NA,NA
266671,"2024",362,186
