"player_id","year","second_won","second_serve"
102093,"2024",38,64
102143,"2003",167,277
102143,"2005",42,78
102143,"2002",117,207
102143,"1997",NA,NA
102143,"2001",117,215
102143,"2006",NA,NA
102143,"2004",83,152
102143,"2000",72,120
102179,"2000",321,589
102179,"1996",30,61
102179,"2001",540,990
102179,"2004",644,1151
102179,"2002",NA,NA
102179,"1999",NA,NA
102179,"2005",330,603
102179,"2007",81,134
102179,"2003",656,1165
102179,"2006",69,118
102269,"2002",NA,NA
102269,"2005",67,126
102269,"2006",43,73
102269,"1997",180,350
102269,"2001",35,76
102269,"1996",41,77
102269,"2003",90,174
102269,"1995",NA,NA
102269,"2000",64,120
102269,"1998",NA,NA
102269,"2004",216,399
102287,"2000",774,1459
102287,"1995",91,167
102287,"2001",1084,2026
102287,"2003",375,744
102287,"1993",NA,NA
102287,"1996",NA,NA
102287,"2002",NA,NA
102287,"2007",NA,NA
102287,"2006",315,643
102287,"1998",532,1064
102287,"2005",114,212
102287,"2004",258,511
102287,"1999",NA,NA
102287,"1997",513,939
102456,"2001",800,1429
102456,"2003",NA,NA
102456,"2005",447,841
102456,"2002",647,1181
102456,"1998",NA,NA
102456,"2007",50,85
102456,"1997",NA,NA
102456,"1996",932,1683
102456,"2000",426,764
102456,"1995",193,346
102456,"2004",559,1002
102456,"1999",NA,NA
102456,"1994",NA,NA
102494,"2000",258,486
102494,"2004",152,295
102494,"2005",296,571
102494,"2003",NA,NA
102494,"1999",33,50
102494,"2006",213,442
102494,"1997",28,50
102494,"2001",183,332
102494,"2002",90,165
102565,"2007",159,274
102565,"2002",192,317
102565,"2005",333,542
102565,"2006",NA,NA
102565,"2004",76,126
102565,"2003",308,523
102642,"2006",204,400
102642,"2003",553,943
102642,"2001",NA,NA
102642,"2002",190,340
102642,"1999",83,185
102642,"2004",1013,1704
102642,"2007",20,33
102642,"2005",641,1173
102642,"2000",351,639
102694,"2005",386,745
102694,"2001",542,968
102694,"2007",NA,NA
102694,"1994",NA,NA
102694,"2004",391,757
102694,"1997",76,139
102694,"2003",NA,NA
102694,"1995",92,184
102694,"2006",179,336
102694,"1996",185,323
102694,"1999",267,467
102694,"1998",259,468
102694,"2000",94,171
102694,"2002",564,1056
102788,"2003",276,524
102788,"2008",31,54
102788,"2006",48,75
102788,"2004",238,453
102788,"2001",266,483
102788,"2007",18,36
102788,"2005",23,41
102788,"2002",NA,NA
102834,"2003",131,236
102834,"1994",NA,NA
102834,"1995",NA,NA
102834,"2001",204,371
102834,"2002",65,126
102834,"1996",NA,NA
102834,"2007",293,556
102834,"1998",70,132
102834,"2000",587,1082
102834,"2004",143,273
102834,"2006",510,973
102834,"2005",378,714
102834,"1993",NA,NA
102834,"1999",457,893
102869,"1995",78,153
102869,"2003",285,506
102869,"1998",724,1379
102869,"2005",NA,NA
102869,"2001",863,1566
102869,"1999",621,1129
102869,"1997",635,1155
102869,"1996",NA,NA
102869,"2006",36,87
102869,"2002",410,780
102869,"2004",351,654
102869,"2000",553,1018
102869,"1994",NA,NA
102880,"2002",212,410
102880,"2000",327,572
102880,"1999",NA,NA
102880,"2001",168,309
102880,"2003",300,516
102880,"2004",340,559
102880,"2005",271,476
102881,"2007",NA,NA
102881,"1995",32,64
102881,"1993",45,82
102881,"1994",37,67
102881,"1997",42,90
102881,"2006",NA,NA
102881,"2008",NA,NA
102881,"1996",51,94
102886,"2010",NA,NA
102886,"2006",30,56
102886,"2003",165,319
102886,"2012",NA,NA
102886,"2005",65,119
102886,"2004",39,73
102886,"2001",NA,NA
102904,"2006",38,75
102904,"2000",46,79
102904,"2001",NA,NA
102925,"2007",169,324
102925,"2005",335,581
102925,"2004",95,163
102925,"1999",623,1173
102925,"2000",508,911
102925,"1997",632,1191
102925,"2001",241,459
102925,"2002",165,314
102925,"1998",NA,NA
102925,"2003",406,811
102925,"2006",573,1094
102925,"1996",159,284
102925,"1995",45,91
102967,"2002",36,66
102967,"2011",NA,NA
102967,"2013",NA,NA
102967,"2009",783,1429
102967,"2006",535,1015
102967,"2004",55,97
102967,"2014",41,72
102967,"2008",718,1363
102967,"2012",NA,NA
102967,"2010",279,530
102967,"2005",50,102
102967,"2007",741,1388
102999,"2003",55,96
102999,"2006",244,431
102999,"2002",NA,NA
102999,"2001",47,78
102999,"2007",155,292
102999,"2011",NA,NA
102999,"2008",45,74
102999,"2010",NA,NA
103032,"2005",37,70
103105,"2006",NA,NA
103105,"2005",117,205
103105,"2013",110,203
103105,"2010",70,149
103105,"2002",NA,NA
103105,"2009",226,427
103105,"2008",100,199
103105,"2004",NA,NA
103105,"2014",NA,NA
103105,"2003",217,409
103105,"2012",278,506
103105,"2011",340,681
103105,"2001",34,55
103105,"2007",NA,NA
103169,"2007",NA,NA
103169,"2008",492,930
103169,"2005",276,540
103169,"2009",491,936
103169,"2006",124,210
103169,"2003",119,229
103169,"2010",191,368
103169,"2004",323,635
103175,"2006",NA,NA
103175,"2007",16,36
103175,"2005",27,53
103181,"2005",359,733
103181,"2006",292,607
103181,"2003",240,447
103181,"2000",NA,NA
103181,"2008",NA,NA
103181,"2007",264,547
103181,"1995",40,90
103181,"2004",163,347
103181,"2002",78,155
103181,"2009",NA,NA
103181,"2001",600,1211
103185,"1997",NA,NA
103185,"2008",NA,NA
103185,"2002",41,71
103185,"2003",31,64
103185,"2001",46,90
103185,"2007",NA,NA
103185,"2000",42,75
103188,"2010",446,776
103188,"2006",NA,NA
103188,"2001",310,581
103188,"2012",326,556
103188,"2013",294,566
103188,"2007",318,589
103188,"2011",372,668
103188,"2009",75,136
103188,"2014",256,468
103188,"2000",106,189
103188,"2008",90,154
103188,"2003",25,43
103188,"2002",221,405
103188,"2015",NA,NA
103188,"1998",NA,NA
103204,"2002",NA,NA
103204,"2005",90,185
103204,"2003",NA,NA
103204,"2001",143,256
103204,"2006",47,85
103204,"2004",112,187
103204,"2007",58,106
103204,"2008",27,47
103204,"2000",NA,NA
103240,"2009",346,702
103240,"1999",NA,NA
103240,"2001",50,91
103240,"2006",378,690
103240,"2010",46,93
103240,"2005",658,1277
103240,"1996",NA,NA
103240,"2004",54,109
103240,"2002",74,116
103240,"2000",113,194
103240,"2003",NA,NA
103240,"2007",180,402
103240,"2008",NA,NA
103252,"2010",115,197
103252,"2003",NA,NA
103252,"2007",217,437
103252,"1998",71,172
103252,"2004",749,1317
103252,"2009",392,720
103252,"2000",NA,NA
103252,"1996",62,108
103252,"2002",NA,NA
103252,"1999",NA,NA
103252,"2001",926,1584
103252,"1997",NA,NA
103252,"2005",887,1605
103252,"2006",584,1052
103252,"2008",111,200
103305,"2000",161,281
103305,"2004",104,208
103305,"2005",43,67
103305,"2002",NA,NA
103305,"1997",NA,NA
103305,"2001",187,382
103339,"1998",NA,NA
103339,"2007",47,88
103339,"2004",29,47
103339,"2006",82,145
103373,"2009",64,155
103373,"2007",NA,NA
103373,"2000",24,51
103373,"2008",339,646
103373,"2005",NA,NA
103373,"2003",93,191
103373,"2006",100,216
103401,"2007",252,492
103401,"2011",99,183
103401,"2005",NA,NA
103401,"2014",40,84
103401,"2015",51,86
103401,"2004",261,486
103401,"2009",NA,NA
103401,"2016",NA,NA
103401,"2010",NA,NA
103401,"2006",NA,NA
103401,"2002",NA,NA
103401,"2000",NA,NA
103401,"2013",144,240
103401,"2008",195,348
103401,"2012",61,118
103408,"2002",242,414
103408,"2006",36,55
103408,"2003",450,765
103408,"2004",160,286
103408,"2005",36,64
103420,"1996",53,106
103420,"1997",NA,NA
103420,"2001",NA,NA
103420,"2005",304,540
103420,"2004",NA,NA
103420,"1998",16,38
103420,"2008",NA,NA
103420,"2002",184,333
103420,"2000",107,202
103420,"1999",33,68
103424,"2006",86,148
103448,"2008",22,38
103451,"2010",380,635
103451,"2002",120,229
103451,"2006",727,1327
103451,"1999",78,123
103451,"2007",266,498
103451,"2009",483,863
103451,"2011",123,239
103451,"1998",NA,NA
103451,"2014",78,128
103451,"2004",137,251
103451,"2012",384,718
103451,"2001",100,205
103451,"2008",142,256
103451,"2005",468,841
103451,"2013",87,175
103451,"2003",107,201
103451,"2000",NA,NA
103470,"2011",194,362
103470,"2012",NA,NA
103470,"2005",NA,NA
103470,"2009",415,776
103470,"2007",332,621
103470,"2008",212,381
103470,"2003",269,463
103470,"2004",106,199
103470,"2010",NA,NA
103470,"2006",130,255
103487,"2002",84,162
103487,"2007",NA,NA
103487,"2001",NA,NA
103487,"2005",117,250
103487,"2000",47,99
103487,"2006",64,133
103487,"1998",NA,NA
103490,"2009",178,354
103490,"2007",150,288
103490,"2006",50,85
103490,"2010",216,434
103490,"2004",NA,NA
103490,"2005",410,827
103490,"2008",399,774
103516,"2005",72,137
103516,"2006",116,186
103516,"2004",NA,NA
103516,"2007",86,140
103534,"2004",28,43
103534,"2012",59,107
103534,"2009",335,597
103534,"2007",375,706
103534,"2008",235,441
103534,"2011",NA,NA
103534,"2005",NA,NA
103534,"2006",41,85
103538,"2006",50,76
103543,"2010",33,71
103543,"2008",129,213
103565,"2010",470,884
103565,"2020",NA,NA
103565,"2011",117,244
103565,"2018",68,122
103565,"2015",119,239
103565,"2004",48,91
103565,"2017",186,356
103565,"2016",558,1061
103565,"2014",293,503
103565,"2012",NA,NA
103565,"2013",77,137
103566,"2013",NA,NA
103566,"2000",224,394
103566,"2014",109,204
103566,"2008",NA,NA
103566,"2003",198,372
103566,"2006",NA,NA
103566,"2010",NA,NA
103566,"2009",417,717
103566,"2001",316,541
103566,"2002",NA,NA
103566,"2005",449,806
103566,"2007",541,894
103566,"2004",461,785
103566,"2011",NA,NA
103566,"2012",393,693
103582,"2016",155,319
103582,"2007",390,655
103582,"2010",659,1213
103582,"2005",30,54
103582,"2014",128,231
103582,"2015",252,441
103582,"2013",54,110
103582,"2011",512,923
103582,"2012",206,385
103582,"2004",NA,NA
103582,"2006",237,416
103582,"2008",NA,NA
103582,"2009",155,290
103656,"2005",425,781
103656,"2010",NA,NA
103656,"2007",NA,NA
103656,"2006",384,744
103656,"2008",726,1251
103656,"2012",315,553
103656,"2004",305,580
103656,"2014",355,635
103656,"2003",297,574
103656,"2017",24,57
103656,"2001",355,608
103656,"2011",778,1383
103656,"2002",577,1062
103656,"2009",NA,NA
103656,"2013",545,959
103656,"2015",197,378
103656,"2016",226,365
103675,"2006",35,67
103675,"2007",NA,NA
103675,"2009",248,477
103675,"2008",44,79
103675,"2010",NA,NA
103675,"2012",30,55
103675,"2011",65,123
103693,"2010",NA,NA
103693,"2006",118,222
103693,"2003",87,159
103693,"2008",125,258
103693,"2009",53,81
103693,"2007",93,162
103693,"2005",75,151
103693,"2002",NA,NA
103693,"2004",NA,NA
103700,"2002",NA,NA
103700,"2004",57,98
103700,"2007",NA,NA
103700,"2006",82,143
103700,"2005",50,87
103701,"2008",90,175
103701,"2007",NA,NA
103701,"2006",69,122
103702,"2006",21,40
103722,"2011",194,407
103722,"2010",786,1434
103722,"2004",52,116
103722,"2009",814,1522
103722,"2003",NA,NA
103722,"2014",NA,NA
103722,"2006",826,1549
103722,"2005",345,619
103722,"2007",NA,NA
103722,"2013",NA,NA
103722,"2002",NA,NA
103722,"2012",233,455
103722,"2008",587,1099
103737,"2005",80,138
103737,"2006",179,309
103737,"2002",NA,NA
103737,"2003",32,54
103747,"2009",NA,NA
103747,"2011",NA,NA
103747,"2008",51,77
103747,"2006",8,24
103747,"2007",64,117
103747,"2010",32,50
103761,"2004",44,71
103761,"2007",54,101
103761,"2008",NA,NA
103761,"2006",NA,NA
103761,"2005",54,105
103763,"2008",43,89
103794,"2007",NA,NA
103794,"2006",368,625
103794,"2011",220,393
103794,"2008",497,928
103794,"2015",NA,NA
103794,"2010",NA,NA
103794,"2016",330,661
103794,"2014",790,1448
103794,"2012",416,779
103794,"2013",489,917
103794,"2017",NA,NA
103794,"2009",512,946
103823,"2006",295,543
103823,"2009",154,315
103823,"2008",NA,NA
103823,"2012",23,52
103823,"2011",214,398
103823,"2002",NA,NA
103823,"2007",NA,NA
103823,"2005",54,96
103850,"2008",50,106
103850,"2009",27,51
103850,"2011",NA,NA
103868,"2008",299,517
103868,"2006",131,267
103868,"2007",NA,NA
103868,"2011",48,80
103868,"2010",117,215
103868,"2004",NA,NA
103868,"2005",75,116
103868,"2009",432,792
103868,"2012",20,47
103893,"2014",359,699
103893,"2017",NA,NA
103893,"2011",48,100
103893,"2010",NA,NA
103893,"2016",834,1587
103893,"2015",NA,NA
103893,"2007",23,45
103893,"2012",376,708
103893,"2013",NA,NA
103893,"2019",308,555
103893,"2006",NA,NA
103893,"2009",NA,NA
103893,"2021",NA,NA
103893,"2018",382,756
103893,"2020",64,131
103898,"2004",392,714
103898,"2018",342,639
103898,"2006",596,1096
103898,"2014",NA,NA
103898,"2009",725,1326
103898,"2002",NA,NA
103898,"2013",NA,NA
103898,"2001",28,68
103898,"2016",337,595
103898,"2008",NA,NA
103898,"2015",65,112
103898,"2017",379,680
103898,"2005",244,515
103898,"2003",114,209
103898,"2011",575,1025
103898,"2012",NA,NA
103898,"2010",NA,NA
103898,"2007",674,1182
103917,"2019",182,316
103917,"2006",413,725
103917,"2010",232,379
103917,"2011",NA,NA
103917,"2016",644,1158
103917,"2017",561,986
103917,"2003",153,269
103917,"2018",200,356
103917,"2021",NA,NA
103917,"2009",118,209
103917,"2012",576,1056
103917,"2007",756,1243
103917,"2001",77,147
103917,"2015",NA,NA
103917,"2002",NA,NA
103917,"2005",73,144
103917,"2000",NA,NA
103917,"2008",645,1115
103917,"2013",401,682
103917,"2004",NA,NA
103917,"2014",507,895
104023,"2011",22,43
104025,"2006",98,173
104025,"2008",251,442
104025,"2012",NA,NA
104025,"2005",80,136
104025,"2004",98,179
104025,"2009",189,317
104025,"2011",NA,NA
104025,"2010",NA,NA
104025,"2003",79,146
104025,"2007",539,999
104035,"2010",NA,NA
104035,"2012",167,314
104035,"2005",222,394
104035,"2008",590,1087
104035,"2006",187,345
104035,"2011",NA,NA
104035,"2013",109,199
104035,"2004",NA,NA
104035,"2007",NA,NA
104035,"2009",221,438
104035,"2003",NA,NA
104043,"2016",NA,NA
104043,"2010",NA,NA
104043,"2008",45,100
104043,"2005",73,137
104043,"2007",NA,NA
104043,"2001",64,142
104043,"2013",NA,NA
104043,"2014",NA,NA
104043,"2003",91,162
104043,"2004",237,492
104043,"2002",60,112
104068,"2003",NA,NA
104068,"2002",235,436
104068,"2011",122,197
104068,"2005",911,1559
104068,"2010",400,692
104068,"2006",NA,NA
104068,"2008",NA,NA
104068,"2007",486,912
104068,"2013",49,88
104068,"2009",494,956
104068,"2014",136,251
104068,"2001",157,269
104068,"2004",NA,NA
104068,"2012",111,192
104091,"2008",42,99
104149,"2008",25,57
104166,"2001",NA,NA
104166,"2003",159,309
104166,"2012",NA,NA
104166,"2011",572,1006
104166,"2009",66,112
104166,"2005",NA,NA
104166,"2008",NA,NA
104166,"2004",294,548
104166,"2013",NA,NA
104166,"2006",67,133
104166,"2010",NA,NA
104166,"2014",116,205
104166,"2002",39,80
104167,"2009",78,161
104167,"2004",NA,NA
104167,"2005",31,62
104167,"2006",35,61
104173,"2006",40,64
104173,"2007",40,64
104173,"2008",120,209
104196,"2001",17,33
104196,"2002",NA,NA
104196,"2006",57,100
104198,"2014",859,1604
104198,"2009",758,1301
104198,"2008",NA,NA
104198,"2013",NA,NA
104198,"2016",904,1621
104198,"2010",873,1512
104198,"2017",332,604
104198,"2004",167,318
104198,"2018",640,1122
104198,"2011",840,1467
104198,"2005",575,1033
104198,"2019",242,419
104198,"2007",506,992
104198,"2006",529,990
104198,"2015",NA,NA
104198,"2012",783,1403
104198,"2003",NA,NA
104216,"2009",NA,NA
104216,"2013",30,59
104216,"2015",NA,NA
104216,"2008",139,291
104216,"2014",128,225
104216,"2016",100,169
104216,"2011",224,418
104216,"2012",NA,NA
104216,"2010",122,262
104216,"2007",NA,NA
104216,"2017",33,70
104224,"2005",34,54
104224,"2006",23,45
104230,"2008",32,53
104230,"2009",335,617
104230,"2007",31,57
104230,"2003",NA,NA
104230,"2005",40,69
104230,"2010",NA,NA
104230,"2004",42,71
104256,"2012",27,56
104262,"2006",NA,NA
104262,"2011",205,366
104262,"2012",392,753
104262,"2009",NA,NA
104262,"2010",NA,NA
104262,"2008",162,302
104262,"2013",90,170
104262,"2007",23,40
104269,"2022",248,457
104269,"2017",675,1155
104269,"2002",20,41
104269,"2007",NA,NA
104269,"2008",NA,NA
104269,"2015",806,1340
104269,"2014",696,1160
104269,"2004",748,1195
104269,"2019",800,1409
104269,"2016",774,1339
104269,"2020",154,284
104269,"2023",NA,NA
104269,"2005",NA,NA
104269,"2012",638,1043
104269,"2010",NA,NA
104269,"2011",NA,NA
104269,"2018",889,1572
104269,"2006",NA,NA
104269,"2021",124,221
104269,"2013",NA,NA
104269,"2003",NA,NA
104269,"2009",NA,NA
104273,"2011",269,495
104273,"2009",79,156
104273,"2007",164,327
104273,"2013",761,1377
104273,"2010",139,261
104273,"2008",82,174
104273,"2004",30,49
104273,"2012",531,967
104273,"2015",246,465
104273,"2014",640,1155
104273,"2016",68,131
104291,"2017",681,1280
104291,"2011",NA,NA
104291,"2023",NA,NA
104291,"2015",620,1149
104291,"2019",369,710
104291,"2022",62,124
104291,"2012",282,550
104291,"2003",NA,NA
104291,"2004",NA,NA
104291,"2021",77,153
104291,"2014",356,652
104291,"2016",823,1514
104291,"2013",NA,NA
104291,"2020",NA,NA
104291,"2018",817,1549
104291,"2008",NA,NA
104314,"2009",164,328
104314,"2011",129,228
104314,"2008",96,165
104314,"2010",94,168
104330,"2012",226,430
104330,"2016",NA,NA
104330,"2009",241,434
104330,"2006",NA,NA
104330,"2004",69,121
104330,"2005",87,167
104330,"2003",25,45
104330,"2011",58,116
104330,"2013",222,444
104330,"2007",36,69
104330,"2008",57,130
104330,"2002",NA,NA
104330,"2010",359,677
104330,"2017",55,92
104330,"2014",142,254
104330,"2015",225,404
104332,"2007",NA,NA
104332,"2009",767,1446
104332,"2012",NA,NA
104332,"2014",46,95
104332,"2013",108,203
104332,"2008",346,610
104332,"2003",76,134
104332,"2011",NA,NA
104332,"2010",712,1324
104332,"2005",NA,NA
104332,"2004",31,52
104460,"2013",116,205
104460,"2011",238,444
104460,"2015",NA,NA
104460,"2003",NA,NA
104460,"2017",467,793
104460,"2018",NA,NA
104460,"2016",377,651
104460,"2019",72,101
104460,"2014",387,687
104460,"2010",288,528
104460,"2021",NA,NA
104460,"2012",194,354
104515,"2008",27,62
104515,"2007",75,139
104515,"2009",34,59
104515,"2006",28,56
104547,"2016",311,548
104547,"2009",177,287
104547,"2012",184,334
104547,"2015",71,141
104547,"2014",243,435
104547,"2018",430,748
104547,"2017",669,1135
104547,"2013",NA,NA
104547,"2011",167,321
104547,"2010",NA,NA
104548,"2012",414,719
104548,"2004",99,173
104548,"2002",NA,NA
104548,"2016",193,370
104548,"2005",95,158
104548,"2013",111,200
104548,"2003",NA,NA
104593,"2012",324,600
104593,"2015",460,846
104593,"2016",290,544
104593,"2009",366,714
104593,"2011",509,994
104593,"2018",NA,NA
104593,"2005",NA,NA
104593,"2014",501,926
104593,"2006",79,181
104593,"2010",665,1156
104593,"2004",NA,NA
104593,"2013",664,1249
104593,"2017",NA,NA
104593,"2008",197,337
104628,"2014",59,102
104628,"2013",28,46
104628,"2010",NA,NA
104628,"2016",NA,NA
104628,"2012",NA,NA
104628,"2011",21,44
104628,"2015",NA,NA
104628,"2007",59,97
104628,"2008",103,181
104629,"2015",100,173
104629,"2012",NA,NA
104629,"2018",85,173
104629,"2013",NA,NA
104629,"2019",53,104
104629,"2017",94,179
104633,"2011",36,74
104651,"2014",57,91
104651,"2013",234,429
104665,"2014",NA,NA
104665,"2018",195,348
104665,"2023",NA,NA
104665,"2016",93,192
104665,"2019",NA,NA
104665,"2008",89,173
104665,"2015",NA,NA
104665,"2020",214,392
104665,"2021",NA,NA
104665,"2012",749,1347
104665,"2013",728,1365
104665,"2007",59,116
104665,"2009",178,322
104665,"2011",690,1271
104665,"2010",210,382
104665,"2022",261,486
104672,"2018",28,46
104672,"2009",NA,NA
104672,"2011",NA,NA
104672,"2016",107,200
104672,"2017",109,214
104672,"2014",60,115
104672,"2012",31,58
104672,"2015",NA,NA
104714,"2012",35,57
104714,"2010",159,264
104714,"2006",NA,NA
104714,"2015",25,47
104714,"2011",113,217
104714,"2007",NA,NA
104714,"2013",138,250
104714,"2014",107,240
104717,"2004",NA,NA
104717,"2005",NA,NA
104717,"2009",102,196
104717,"2010",67,114
104717,"2008",86,159
104719,"2007",51,95
104719,"2006",NA,NA
104719,"2008",554,968
104719,"2017",284,541
104719,"2014",665,1281
104719,"2015",480,934
104719,"2019",255,449
104719,"2011",674,1266
104719,"2016",NA,NA
104719,"2018",149,233
104719,"2013",NA,NA
104719,"2010",616,1165
104719,"2009",644,1219
104719,"2012",NA,NA
104721,"2010",148,266
104721,"2013",NA,NA
104721,"2009",170,307
104721,"2008",103,201
104731,"2016",641,1054
104731,"2009",84,160
104731,"2012",NA,NA
104731,"2022",95,156
104731,"2015",1128,1866
104731,"2007",NA,NA
104731,"2013",915,1522
104731,"2014",NA,NA
104731,"2018",NA,NA
104731,"2020",295,542
104731,"2019",193,342
104731,"2008",NA,NA
104731,"2017",840,1401
104731,"2011",NA,NA
104731,"2010",433,763
104731,"2021",393,712
104731,"2023",43,84
104735,"2013",NA,NA
104735,"2010",243,441
104735,"2008",NA,NA
104735,"2019",NA,NA
104735,"2016",135,243
104735,"2007",NA,NA
104735,"2017",73,124
104735,"2011",605,1067
104735,"2014",NA,NA
104735,"2015",99,197
104735,"2012",379,714
104812,"2009",32,59
104812,"2005",123,201
104812,"2007",62,117
104812,"2008",NA,NA
104812,"2006",76,129
104812,"2004",NA,NA
104851,"2013",NA,NA
104851,"2006",10,24
104851,"2008",127,249
104851,"2011",31,66
104851,"2005",NA,NA
104871,"2017",NA,NA
104871,"2012",762,1327
104871,"2019",814,1454
104871,"2023",62,119
104871,"2016",587,1016
104871,"2013",841,1425
104871,"2015",858,1439
104871,"2008",367,637
104871,"2020",111,218
104871,"2010",869,1580
104871,"2006",55,110
104871,"2007",NA,NA
104871,"2009",NA,NA
104871,"2014",924,1640
104871,"2011",NA,NA
104871,"2018",743,1303
104871,"2021",NA,NA
104897,"2015",109,180
104897,"2007",51,90
104897,"2014",91,156
104897,"2013",100,207
104897,"2008",NA,NA
104897,"2021",NA,NA
104897,"2012",449,892
104897,"2016",NA,NA
104897,"2018",112,247
104897,"2011",212,399
104897,"2019",105,210
104897,"2010",40,70
104932,"2015",171,304
104932,"2014",314,539
104932,"2018",NA,NA
104932,"2016",74,136
104932,"2017",86,159
104932,"2013",NA,NA
104932,"2011",NA,NA
104932,"2012",77,129
104948,"2010",25,60
104976,"2011",471,829
104976,"2009",95,197
104976,"2005",NA,NA
104976,"2007",86,170
104976,"2012",308,512
104976,"2013",NA,NA
104976,"2006",68,127
104976,"2008",39,72
104976,"2010",129,240
104978,"2010",446,754
104978,"2007",30,48
104978,"2011",167,314
104978,"2017",59,118
104978,"2019",28,45
104978,"2015",46,67
104978,"2013",NA,NA
104978,"2012",248,441
104978,"2018",NA,NA
104978,"2009",167,296
104978,"2008",54,106
104978,"2014",NA,NA
104978,"2016",109,185
104999,"2015",203,373
104999,"2013",96,204
104999,"2017",879,1603
104999,"2021",NA,NA
104999,"2011",247,502
104999,"2010",NA,NA
104999,"2016",344,611
104999,"2012",NA,NA
104999,"2018",706,1313
104999,"2006",64,127
104999,"2008",NA,NA
104999,"2007",231,435
104999,"2019",157,306
104999,"2009",545,1054
104999,"2020",33,56
105023,"2006",288,523
105023,"2016",897,1580
105023,"2009",NA,NA
105023,"2022",205,392
105023,"2011",452,800
105023,"2018",847,1492
105023,"2013",NA,NA
105023,"2010",NA,NA
105023,"2017",NA,NA
105023,"2007",695,1307
105023,"2014",NA,NA
105023,"2012",NA,NA
105023,"2008",NA,NA
105023,"2019",604,1104
105023,"2021",NA,NA
105023,"2020",153,276
105023,"2015",737,1207
105028,"2013",349,605
105028,"2008",NA,NA
105028,"2010",77,149
105028,"2011",NA,NA
105028,"2006",NA,NA
105028,"2007",49,87
105028,"2012",396,695
105028,"2009",235,401
105032,"2015",NA,NA
105032,"2016",290,535
105032,"2008",41,70
105032,"2009",66,112
105032,"2014",NA,NA
105032,"2013",106,165
105032,"2017",131,218
105051,"2016",NA,NA
105051,"2012",NA,NA
105051,"2013",NA,NA
105051,"2024",NA,NA
105051,"2017",198,354
105051,"2021",139,246
105051,"2019",275,530
105051,"2010",37,65
105051,"2014",296,602
105051,"2022",NA,NA
105051,"2011",259,490
105051,"2015",140,245
105051,"2018",647,1105
105065,"2017",118,233
105065,"2015",263,470
105065,"2014",266,476
105065,"2010",83,147
105065,"2012",146,271
105065,"2016",301,553
105065,"2018",306,568
105065,"2013",335,614
105065,"2011",152,259
105065,"2008",NA,NA
105065,"2019",55,93
105077,"2017",1172,2043
105077,"2018",773,1402
105077,"2021",782,1388
105077,"2011",458,832
105077,"2016",1014,1798
105077,"2012",NA,NA
105077,"2020",400,698
105077,"2023",588,1091
105077,"2024",147,293
105077,"2022",NA,NA
105077,"2015",568,978
105077,"2010",87,165
105077,"2019",744,1297
105077,"2013",NA,NA
105077,"2014",422,767
105113,"2017",53,98
105113,"2012",16,29
105113,"2014",NA,NA
105128,"2011",32,67
105128,"2013",44,76
105137,"2007",27,50
105137,"2015",NA,NA
105137,"2016",NA,NA
105137,"2010",343,680
105137,"2012",107,216
105137,"2013",NA,NA
105137,"2011",514,978
105137,"2009",84,163
105137,"2014",NA,NA
105154,"2010",63,112
105154,"2014",60,107
105154,"2017",50,91
105154,"2015",NA,NA
105154,"2016",44,80
105154,"2013",52,93
105154,"2011",189,360
105154,"2012",NA,NA
105173,"2015",NA,NA
105173,"2014",593,1054
105173,"2023",NA,NA
105173,"2022",NA,NA
105173,"2020",533,978
105173,"2016",814,1506
105173,"2008",85,157
105173,"2011",634,1185
105173,"2019",809,1439
105173,"2021",605,1135
105173,"2024",NA,NA
105173,"2010",105,203
105173,"2018",867,1552
105173,"2017",976,1715
105173,"2013",430,774
105173,"2009",NA,NA
105173,"2012",82,183
105181,"2017",37,69
105332,"2014",519,1009
105332,"2016",1104,2134
105332,"2010",135,262
105332,"2024",73,151
105332,"2023",NA,NA
105332,"2018",1053,2038
105332,"2013",1085,2095
105332,"2019",1094,2010
105332,"2011",279,564
105332,"2012",1060,2031
105332,"2020",415,794
105332,"2021",646,1276
105332,"2017",1033,1970
105332,"2015",814,1508
105332,"2022",467,953
105357,"2016",674,1187
105357,"2019",812,1407
105357,"2010",NA,NA
105357,"2011",NA,NA
105357,"2022",446,743
105357,"2023",65,129
105357,"2015",207,386
105357,"2012",35,66
105357,"2018",656,1164
105357,"2017",175,334
105357,"2020",603,1068
105357,"2013",61,111
105357,"2021",NA,NA
105359,"2017",NA,NA
105359,"2022",NA,NA
105359,"2023",37,68
105359,"2018",72,120
105359,"2021",58,111
105359,"2020",112,216
105359,"2019",NA,NA
105376,"2010",NA,NA
105376,"2018",808,1482
105376,"2019",507,975
105376,"2012",NA,NA
105376,"2017",411,765
105376,"2013",137,242
105376,"2015",64,117
105376,"2014",NA,NA
105376,"2022",NA,NA
105376,"2021",434,784
105376,"2016",48,95
105376,"2020",84,150
105379,"2013",459,842
105379,"2017",597,1064
105379,"2012",NA,NA
105379,"2015",569,1093
105379,"2018",NA,NA
105379,"2014",184,390
105379,"2020",372,699
105379,"2010",NA,NA
105379,"2011",NA,NA
105379,"2022",NA,NA
105379,"2016",556,1040
105379,"2019",NA,NA
105379,"2021",542,992
105406,"2021",33,61
105406,"2017",NA,NA
105406,"2020",41,66
105430,"2009",NA,NA
105430,"2016",222,415
105430,"2021",285,548
105430,"2017",439,779
105430,"2019",844,1449
105430,"2024",189,328
105430,"2023",252,488
105430,"2018",516,919
105430,"2022",288,521
105430,"2015",NA,NA
105430,"2012",NA,NA
105430,"2020",NA,NA
105430,"2013",NA,NA
105430,"2014",NA,NA
105432,"2017",33,54
105432,"2018",85,172
105432,"2023",NA,NA
105432,"2020",64,127
105432,"2022",NA,NA
105432,"2019",267,480
105432,"2021",38,69
105449,"2011",NA,NA
105449,"2017",NA,NA
105449,"2021",491,839
105449,"2020",257,483
105449,"2010",NA,NA
105449,"2015",NA,NA
105449,"2012",152,264
105449,"2014",NA,NA
105449,"2019",612,1073
105449,"2023",85,171
105449,"2013",304,553
105449,"2024",NA,NA
105449,"2016",935,1611
105449,"2018",897,1523
105449,"2022",NA,NA
105472,"2013",36,61
105477,"2019",79,147
105477,"2023",NA,NA
105477,"2018",136,245
105477,"2020",NA,NA
105477,"2021",76,144
105477,"2022",NA,NA
105477,"2024",108,202
105477,"2012",42,79
105477,"2016",124,212
105477,"2013",25,54
105477,"2017",74,136
105487,"2021",NA,NA
105487,"2022",328,605
105487,"2024",115,204
105487,"2015",85,146
105487,"2012",39,66
105487,"2014",106,200
105487,"2011",NA,NA
105487,"2019",91,164
105487,"2017",223,416
105487,"2018",98,155
105487,"2020",81,134
105487,"2016",224,399
105487,"2023",NA,NA
105512,"2016",45,79
105512,"2015",27,42
105512,"2021",NA,NA
105526,"2018",891,1587
105526,"2020",484,901
105526,"2017",1057,1874
105526,"2015",NA,NA
105526,"2016",602,1078
105526,"2023",638,1135
105526,"2022",NA,NA
105526,"2014",500,917
105526,"2019",1146,2049
105526,"2013",219,392
105526,"2024",NA,NA
105526,"2021",NA,NA
105542,"2015",29,61
105550,"2019",907,1591
105550,"2020",290,518
105550,"2021",292,590
105550,"2012",NA,NA
105550,"2015",74,133
105550,"2017",NA,NA
105550,"2013",314,596
105550,"2016",607,1030
105550,"2014",108,193
105550,"2023",331,570
105550,"2018",NA,NA
105558,"2013",NA,NA
105558,"2011",57,110
105558,"2010",177,292
105558,"2012",263,474
105558,"2009",38,73
105561,"2023",NA,NA
105561,"2012",54,99
105561,"2014",NA,NA
105561,"2016",33,54
105561,"2017",229,404
105561,"2022",NA,NA
105561,"2011",33,68
105561,"2019",49,94
105561,"2021",66,115
105561,"2018",38,51
105577,"2014",NA,NA
105577,"2020",403,721
105577,"2008",NA,NA
105577,"2015",NA,NA
105577,"2013",NA,NA
105577,"2022",NA,NA
105577,"2011",NA,NA
105577,"2023",59,100
105577,"2021",352,686
105577,"2019",211,398
105577,"2018",403,734
105577,"2012",NA,NA
105577,"2024",12,27
105577,"2017",380,696
105577,"2016",535,986
105643,"2018",483,845
105643,"2022",370,688
105643,"2017",307,523
105643,"2020",316,586
105643,"2021",NA,NA
105643,"2013",329,566
105643,"2009",NA,NA
105643,"2014",710,1211
105643,"2015",NA,NA
105643,"2010",NA,NA
105643,"2011",82,131
105643,"2012",182,327
105643,"2016",975,1652
105643,"2019",550,949
105643,"2023",48,74
105649,"2016",NA,NA
105649,"2011",120,243
105649,"2012",NA,NA
105649,"2017",171,338
105649,"2019",236,438
105649,"2018",NA,NA
105649,"2013",33,57
105649,"2021",29,85
105649,"2022",33,66
105649,"2020",95,157
105650,"2016",36,70
105655,"2022",31,58
105655,"2016",NA,NA
105655,"2015",73,138
105655,"2014",NA,NA
105655,"2012",60,112
105677,"2016",30,60
105678,"2014",30,65
105732,"2020",366,676
105732,"2022",67,122
105732,"2014",309,512
105732,"2013",57,97
105732,"2019",685,1229
105732,"2017",475,836
105732,"2016",405,703
105732,"2018",814,1411
105732,"2023",43,82
105732,"2015",255,433
105732,"2024",49,99
105732,"2021",486,812
105807,"2013",220,442
105807,"2015",643,1161
105807,"2011",NA,NA
105807,"2019",736,1298
105807,"2021",NA,NA
105807,"2017",NA,NA
105807,"2014",NA,NA
105807,"2023",96,163
105807,"2016",969,1758
105807,"2022",NA,NA
105807,"2018",767,1357
105807,"2020",443,810
105807,"2024",221,401
105815,"2018",586,1084
105815,"2021",NA,NA
105815,"2019",497,943
105815,"2017",97,213
105815,"2020",403,732
105815,"2022",NA,NA
105815,"2024",NA,NA
105819,"2023",45,77
105819,"2019",285,535
105819,"2018",147,284
105819,"2024",NA,NA
105819,"2016",NA,NA
105819,"2015",22,36
105819,"2012",NA,NA
105819,"2017",44,73
105826,"2015",41,65
105870,"2019",NA,NA
105870,"2021",NA,NA
105870,"2020",130,236
105870,"2024",512,914
105870,"2023",NA,NA
105870,"2022",176,321
105870,"2018",112,215
105870,"2017",185,342
105874,"2016",NA,NA
105874,"2013",46,84
105874,"2012",56,100
105874,"2014",102,183
105881,"2017",32,67
105881,"2016",116,208
105882,"2020",264,520
105882,"2018",225,410
105882,"2021",488,971
105882,"2023",NA,NA
105882,"2017",118,212
105882,"2022",151,274
105882,"2014",NA,NA
105882,"2019",249,450
105902,"2023",130,224
105902,"2015",433,765
105902,"2021",NA,NA
105902,"2020",244,441
105902,"2012",75,146
105902,"2018",164,326
105902,"2022",464,849
105902,"2014",147,269
105902,"2013",231,448
105902,"2019",NA,NA
105902,"2024",411,724
105902,"2017",NA,NA
105902,"2016",288,504
105948,"2022",402,726
105948,"2023",254,474
105948,"2024",255,527
105948,"2018",18,38
105948,"2021",NA,NA
105948,"2020",191,381
105952,"2022",NA,NA
105952,"2021",NA,NA
105952,"2020",71,132
105952,"2018",NA,NA
105952,"2017",329,628
105952,"2015",70,102
105952,"2016",331,588
105952,"2014",29,49
105963,"2017",105,206
105963,"2019",NA,NA
105963,"2015",45,76
105992,"2020",33,63
105992,"2008",18,39
105992,"2019",128,233
105992,"2015",NA,NA
105992,"2017",NA,NA
105992,"2012",NA,NA
105992,"2014",234,442
105992,"2011",579,1026
105992,"2018",NA,NA
105992,"2021",NA,NA
105992,"2016",397,681
105992,"2013",533,986
105992,"2010",208,382
106034,"2022",NA,NA
106034,"2014",NA,NA
106034,"2015",NA,NA
106034,"2024",50,85
106034,"2018",42,72
106034,"2019",70,129
106034,"2020",113,239
106034,"2021",232,425
106034,"2017",61,91
106034,"2013",NA,NA
106044,"2022",NA,NA
106044,"2021",NA,NA
106044,"2018",259,491
106044,"2017",356,605
106044,"2016",57,91
106045,"2014",140,253
106045,"2020",NA,NA
106045,"2019",525,968
106045,"2012",200,358
106045,"2022",376,682
106045,"2017",27,44
106045,"2023",NA,NA
106045,"2018",489,856
106045,"2016",398,755
106045,"2011",96,158
106045,"2024",56,123
106045,"2021",411,709
106045,"2010",46,81
106045,"2013",250,440
106045,"2015",NA,NA
106058,"2017",NA,NA
106058,"2021",202,382
106058,"2016",1086,1792
106058,"2023",102,190
106058,"2014",764,1227
106058,"2012",251,403
106058,"2022",NA,NA
106058,"2019",NA,NA
106058,"2010",NA,NA
106058,"2011",62,108
106058,"2018",NA,NA
106058,"2020",131,223
106058,"2015",NA,NA
106058,"2013",426,713
106065,"2020",289,529
106065,"2015",NA,NA
106065,"2023",380,678
106065,"2022",142,286
106065,"2018",NA,NA
106065,"2019",NA,NA
106065,"2021",480,860
106065,"2013",NA,NA
106065,"2014",NA,NA
106065,"2017",56,119
106065,"2016",167,322
106075,"2016",240,417
106075,"2017",143,259
106075,"2020",135,243
106075,"2019",138,264
106075,"2021",174,343
106075,"2018",191,361
106075,"2022",48,91
106075,"2023",NA,NA
106075,"2024",151,248
106099,"2017",NA,NA
106099,"2019",134,258
106099,"2022",NA,NA
106099,"2021",391,715
106099,"2020",389,695
106099,"2018",86,173
106099,"2016",NA,NA
106109,"2022",NA,NA
106109,"2020",106,178
106109,"2023",42,70
106109,"2024",73,132
106109,"2021",201,368
106109,"2018",163,310
106109,"2017",NA,NA
106109,"2019",143,259
106109,"2015",NA,NA
106120,"2018",67,123
106121,"2015",NA,NA
106121,"2018",598,1059
106121,"2024",506,958
106121,"2017",221,427
106121,"2020",92,161
106121,"2023",445,775
106121,"2016",359,650
106121,"2022",442,892
106121,"2014",NA,NA
106121,"2021",NA,NA
106121,"2019",374,715
106137,"2021",27,49
106137,"2016",56,96
106137,"2017",NA,NA
106137,"2019",22,44
106148,"2019",577,1037
106148,"2024",714,1261
106148,"2014",109,202
106148,"2018",450,808
106148,"2020",186,344
106148,"2017",92,139
106148,"2021",NA,NA
106148,"2022",474,821
106148,"2023",605,1079
106148,"2016",198,360
106148,"2015",40,80
106148,"2013",NA,NA
106162,"2022",70,125
106186,"2022",NA,NA
106186,"2010",NA,NA
106186,"2018",86,176
106186,"2021",26,46
106186,"2014",26,45
106186,"2019",NA,NA
106186,"2024",48,96
106186,"2023",420,769
106214,"2023",NA,NA
106214,"2021",181,343
106214,"2022",NA,NA
106214,"2020",57,103
106214,"2018",53,98
106214,"2024",NA,NA
106214,"2019",81,129
106216,"2018",120,222
106216,"2022",NA,NA
106216,"2021",107,198
106216,"2015",NA,NA
106216,"2016",304,498
106216,"2023",NA,NA
106216,"2019",172,310
106216,"2017",359,634
106218,"2014",NA,NA
106218,"2022",705,1301
106218,"2024",820,1533
106218,"2023",796,1474
106218,"2020",291,570
106218,"2018",25,42
106218,"2019",127,221
106218,"2021",NA,NA
106225,"2017",82,129
106225,"2016",22,42
106234,"2016",NA,NA
106234,"2023",687,1161
106234,"2015",30,49
106234,"2021",NA,NA
106234,"2020",91,166
106234,"2024",186,342
106234,"2022",792,1391
106234,"2013",NA,NA
106234,"2014",NA,NA
106249,"2019",NA,NA
106249,"2015",NA,NA
106249,"2020",44,83
106249,"2018",25,64
106249,"2017",41,91
106261,"2016",145,260
106261,"2017",79,131
106261,"2012",70,118
106261,"2015",NA,NA
106283,"2019",NA,NA
106283,"2020",35,69
106283,"2021",NA,NA
106283,"2024",134,230
106283,"2023",28,47
106283,"2014",NA,NA
106283,"2022",104,184
106283,"2017",63,114
106283,"2018",60,118
106290,"2014",48,93
106290,"2015",NA,NA
106290,"2013",36,62
106296,"2021",90,206
106296,"2017",NA,NA
106296,"2022",74,138
106296,"2023",789,1356
106296,"2020",212,390
106296,"2024",167,329
106296,"2018",NA,NA
106296,"2016",NA,NA
106296,"2019",216,395
106298,"2018",938,1682
106298,"2016",NA,NA
106298,"2024",NA,NA
106298,"2019",829,1410
106298,"2023",40,76
106298,"2013",103,174
106298,"2015",464,833
106298,"2017",1125,1899
106298,"2022",170,319
106298,"2021",380,740
106298,"2014",88,183
106328,"2021",45,70
106328,"2013",61,86
106328,"2016",NA,NA
106328,"2017",NA,NA
106328,"2022",29,44
106328,"2018",49,105
106329,"2019",NA,NA
106329,"2017",577,1049
106329,"2022",NA,NA
106329,"2020",251,439
106329,"2016",164,295
106329,"2018",344,611
106329,"2023",NA,NA
106329,"2021",NA,NA
106329,"2024",379,619
106331,"2020",68,131
106331,"2023",651,1237
106331,"2017",NA,NA
106331,"2022",299,560
106331,"2024",602,1140
106331,"2021",254,479
106361,"2016",107,195
106361,"2018",42,79
106361,"2017",83,182
106390,"2015",23,52
106398,"2019",42,83
106398,"2022",179,348
106398,"2023",NA,NA
106398,"2024",222,458
106398,"2020",19,39
106398,"2018",NA,NA
106398,"2016",NA,NA
106415,"2018",295,536
106415,"2021",NA,NA
106415,"2016",342,579
106415,"2023",665,1134
106415,"2020",382,652
106415,"2024",NA,NA
106415,"2022",518,897
106415,"2015",137,237
106415,"2019",NA,NA
106415,"2014",NA,NA
106415,"2017",259,464
106420,"2017",94,181
106421,"2024",1054,1833
106421,"2016",154,298
106421,"2020",598,1005
106421,"2018",NA,NA
106421,"2017",NA,NA
106421,"2022",905,1522
106421,"2023",NA,NA
106421,"2019",1249,2052
106421,"2021",NA,NA
109303,"2023",NA,NA
109303,"2017",54,103
109303,"2024",108,181
109686,"2023",46,74
110602,"2023",NA,NA
110602,"2019",NA,NA
110602,"2017",40,68
110602,"2015",24,75
110602,"2022",NA,NA
110602,"2021",208,407
110602,"2020",280,496
110602,"2013",NA,NA
110602,"2016",75,126
110602,"2018",186,332
110748,"2022",47,81
110748,"2019",22,45
110748,"2014",29,62
110748,"2021",28,64
110748,"2020",71,122
111153,"2016",NA,NA
111153,"2017",76,122
111153,"2015",NA,NA
111153,"2023",614,1044
111153,"2022",127,226
111153,"2019",120,211
111153,"2020",NA,NA
111153,"2018",NA,NA
111153,"2021",64,108
111153,"2024",392,656
111197,"2018",50,83
111202,"2019",208,376
111202,"2013",NA,NA
111202,"2017",659,1217
111202,"2016",250,460
111202,"2015",NA,NA
111202,"2014",NA,NA
111202,"2018",687,1199
111442,"2023",706,1219
111442,"2014",NA,NA
111442,"2021",731,1372
111442,"2022",NA,NA
111442,"2019",664,1215
111442,"2016",233,420
111442,"2024",NA,NA
111442,"2018",148,322
111442,"2017",459,895
111442,"2020",350,667
111442,"2015",NA,NA
111456,"2022",779,1431
111456,"2016",NA,NA
111456,"2023",NA,NA
111456,"2021",NA,NA
111456,"2024",246,451
111456,"2019",348,627
111456,"2018",377,650
111456,"2013",NA,NA
111456,"2020",188,353
111460,"2022",248,465
111460,"2017",163,274
111460,"2024",360,643
111460,"2018",83,159
111460,"2015",NA,NA
111460,"2021",NA,NA
111460,"2023",584,1001
111460,"2019",NA,NA
111460,"2016",146,282
111460,"2020",NA,NA
111575,"2020",567,1021
111575,"2018",985,1734
111575,"2013",NA,NA
111575,"2017",1052,1889
111575,"2024",868,1564
111575,"2023",780,1365
111575,"2016",416,723
111575,"2014",NA,NA
111575,"2019",965,1660
111575,"2022",NA,NA
111575,"2015",NA,NA
111575,"2021",NA,NA
111577,"2014",NA,NA
111577,"2018",677,1143
111577,"2019",50,100
111577,"2016",326,579
111577,"2017",NA,NA
111577,"2015",221,379
111581,"2021",73,147
111581,"2020",74,149
111581,"2019",NA,NA
111581,"2018",190,346
111581,"2017",NA,NA
111581,"2023",374,670
111581,"2022",NA,NA
111581,"2024",81,145
111581,"2016",NA,NA
111815,"2022",NA,NA
111815,"2021",961,1711
111815,"2023",899,1580
111815,"2024",NA,NA
111815,"2017",91,152
111815,"2018",541,992
111815,"2019",579,1042
111815,"2020",328,558
117358,"2021",28,41
117360,"2019",52,96
117360,"2024",NA,NA
117360,"2021",119,220
117360,"2017",NA,NA
117360,"2020",118,223
117360,"2023",11,23
120424,"2017",34,73
120424,"2019",150,282
120424,"2016",NA,NA
120424,"2020",NA,NA
120424,"2018",197,356
120798,"2016",43,73
122298,"2023",690,1278
122298,"2024",584,1122
122298,"2021",448,799
122298,"2022",NA,NA
122298,"2019",NA,NA
122330,"2024",NA,NA
122330,"2022",NA,NA
122330,"2018",52,105
122330,"2017",87,168
122330,"2020",445,834
122330,"2023",NA,NA
122330,"2016",42,105
122330,"2021",NA,NA
122330,"2019",545,910
122554,"2024",33,66
123755,"2020",124,231
123755,"2018",76,160
123755,"2015",39,64
123755,"2019",110,197
123755,"2023",NA,NA
123755,"2021",NA,NA
123755,"2022",NA,NA
123755,"2024",375,768
123828,"2016",NA,NA
123828,"2023",67,123
123828,"2024",81,159
123896,"2023",27,45
123961,"2024",16,29
123961,"2022",NA,NA
123961,"2021",20,41
124014,"2023",NA,NA
124014,"2024",NA,NA
124014,"2017",515,882
124014,"2020",52,86
124014,"2019",NA,NA
124014,"2022",NA,NA
124014,"2016",110,191
124014,"2018",204,323
124014,"2021",90,180
124079,"2023",222,406
124079,"2024",481,865
124079,"2019",NA,NA
124079,"2021",525,930
124079,"2020",208,396
124079,"2018",NA,NA
124079,"2022",666,1111
124116,"2018",37,69
124116,"2021",90,157
124116,"2022",51,114
124116,"2023",NA,NA
124116,"2024",771,1425
124116,"2017",153,274
124116,"2020",44,83
124116,"2019",NA,NA
124186,"2017",NA,NA
124186,"2019",NA,NA
124186,"2024",514,956
124186,"2021",59,108
124186,"2023",314,592
124187,"2019",833,1379
124187,"2024",239,413
124187,"2016",213,316
124187,"2018",82,123
124187,"2022",584,934
124187,"2020",295,523
124187,"2021",NA,NA
124187,"2017",189,310
125802,"2019",NA,NA
125802,"2022",680,1253
125802,"2017",89,170
125802,"2018",NA,NA
125802,"2020",102,198
125802,"2021",NA,NA
125802,"2023",383,755
125802,"2016",118,222
126094,"2019",865,1525
126094,"2016",119,193
126094,"2021",NA,NA
126094,"2014",NA,NA
126094,"2018",NA,NA
126094,"2017",688,1252
126094,"2023",1324,2418
126094,"2020",811,1430
126094,"2015",NA,NA
126094,"2024",NA,NA
126094,"2022",1061,1923
126106,"2022",132,237
126106,"2023",50,95
126127,"2017",36,77
126127,"2022",NA,NA
126127,"2021",174,344
126127,"2024",153,286
126127,"2018",NA,NA
126127,"2023",NA,NA
126127,"2020",62,130
126128,"2017",NA,NA
126128,"2023",573,972
126128,"2021",116,226
126128,"2024",702,1270
126128,"2022",NA,NA
126128,"2020",29,44
126129,"2023",27,58
126129,"2024",192,324
126149,"2021",646,1164
126149,"2020",194,354
126149,"2017",NA,NA
126149,"2022",93,173
126149,"2019",28,44
126174,"2018",36,64
126203,"2020",486,896
126203,"2016",630,1217
126203,"2024",1251,2110
126203,"2017",486,843
126203,"2022",NA,NA
126203,"2019",NA,NA
126203,"2021",1019,1806
126203,"2015",32,60
126203,"2018",743,1388
126203,"2023",NA,NA
126205,"2024",1064,1826
126205,"2023",NA,NA
126205,"2015",NA,NA
126205,"2022",NA,NA
126205,"2017",159,266
126205,"2021",NA,NA
126205,"2019",93,157
126205,"2016",80,161
126205,"2020",505,903
126205,"2018",61,108
126207,"2022",NA,NA
126207,"2014",NA,NA
126207,"2017",NA,NA
126207,"2021",NA,NA
126207,"2015",103,202
126207,"2019",736,1324
126207,"2024",1148,1981
126207,"2018",NA,NA
126207,"2023",989,1721
126207,"2020",349,661
126207,"2016",117,200
126214,"2021",60,119
126214,"2022",NA,NA
126214,"2024",NA,NA
126214,"2023",117,212
126214,"2020",104,172
126409,"2024",128,259
126409,"2021",NA,NA
126409,"2023",90,167
126409,"2022",123,245
126523,"2022",332,614
126523,"2024",99,189
126523,"2019",NA,NA
126523,"2018",23,52
126523,"2021",246,443
126523,"2023",508,1032
126530,"2018",23,51
126535,"2022",193,363
126535,"2018",42,94
126535,"2023",NA,NA
126535,"2021",228,396
126535,"2024",NA,NA
126535,"2020",48,81
126623,"2021",33,58
126846,"2020",NA,NA
126846,"2021",102,191
126846,"2024",767,1452
126846,"2018",NA,NA
126846,"2023",473,871
126846,"2022",225,375
127157,"2019",NA,NA
127157,"2023",NA,NA
127157,"2020",119,225
127157,"2024",539,1020
127157,"2022",368,737
127157,"2021",230,448
127157,"2017",76,148
128034,"2018",NA,NA
128034,"2019",689,1186
128034,"2023",1137,2105
128034,"2016",80,151
128034,"2020",460,885
128034,"2017",NA,NA
128034,"2022",1015,1751
128034,"2024",1043,1812
128034,"2021",NA,NA
131934,"2023",161,297
131934,"2022",NA,NA
131934,"2024",120,213
131934,"2021",19,37
133297,"2022",98,179
133297,"2021",49,84
133297,"2018",65,107
133297,"2019",NA,NA
133297,"2024",87,154
133297,"2023",392,705
133430,"2023",505,800
133430,"2017",NA,NA
133430,"2019",NA,NA
133430,"2024",785,1255
133430,"2022",NA,NA
133430,"2020",564,956
133430,"2016",76,136
133430,"2018",1208,1972
133430,"2021",NA,NA
133835,"2024",44,91
133835,"2023",199,344
133835,"2022",58,112
133933,"2024",38,71
134770,"2022",NA,NA
134770,"2019",NA,NA
134770,"2017",211,373
134770,"2023",977,1652
134770,"2024",NA,NA
134770,"2020",486,818
134770,"2016",34,54
134770,"2021",NA,NA
134770,"2018",231,432
136440,"2024",550,933
136440,"2019",160,321
136440,"2017",NA,NA
136440,"2021",NA,NA
136440,"2022",190,313
136440,"2020",185,345
136440,"2018",45,84
136440,"2023",197,322
144707,"2019",NA,NA
144707,"2015",NA,NA
144707,"2023",NA,NA
144707,"2022",NA,NA
144707,"2021",471,915
144707,"2018",124,201
144707,"2020",172,341
144707,"2016",27,40
144707,"2017",102,193
144719,"2024",481,886
144719,"2021",383,723
144719,"2016",NA,NA
144719,"2023",369,714
144719,"2018",408,755
144719,"2020",163,316
144719,"2015",30,63
144719,"2019",556,1078
144719,"2022",602,1092
144719,"2017",NA,NA
144750,"2019",NA,NA
144750,"2018",93,169
144750,"2024",71,133
144750,"2022",242,481
144750,"2023",299,535
144750,"2020",280,544
144750,"2017",140,227
144750,"2016",77,158
144750,"2021",NA,NA
144797,"2016",24,51
144821,"2023",54,105
144869,"2021",30,60
144869,"2024",847,1596
144869,"2022",220,406
144869,"2023",NA,NA
144870,"2024",41,76
144895,"2020",NA,NA
144895,"2022",363,650
144895,"2024",NA,NA
144895,"2021",330,603
144895,"2019",208,363
144895,"2023",359,663
144895,"2018",177,333
200059,"2017",84,147
200059,"2024",50,91
200059,"2019",NA,NA
200059,"2022",75,122
200059,"2023",458,830
200059,"2018",122,227
200095,"2022",NA,NA
200095,"2021",38,76
200095,"2019",43,86
200095,"2018",35,62
200095,"2017",NA,NA
200116,"2023",24,55
200116,"2022",39,71
200116,"2024",102,241
200221,"2019",157,293
200221,"2021",NA,NA
200221,"2022",705,1209
200221,"2024",NA,NA
200221,"2023",844,1493
200221,"2020",349,651
200240,"2024",93,211
200240,"2021",51,89
200240,"2022",61,113
200259,"2024",72,117
200267,"2022",NA,NA
200267,"2021",47,95
200267,"2020",32,54
200267,"2023",NA,NA
200267,"2024",590,1019
200297,"2021",27,46
200303,"2022",89,180
200303,"2020",NA,NA
200303,"2024",584,1101
200303,"2021",NA,NA
200303,"2023",388,701
200374,"2022",26,64
200384,"2023",243,456
200384,"2020",159,300
200384,"2018",NA,NA
200384,"2022",508,983
200384,"2024",543,1003
200384,"2021",305,573
200443,"2024",207,375
200553,"2019",25,53
200587,"2022",79,147
200587,"2023",59,129
200587,"2024",NA,NA
200615,"2022",350,657
200615,"2019",542,932
200615,"2021",795,1348
200615,"2023",NA,NA
200615,"2018",89,179
200615,"2020",112,186
200615,"2024",NA,NA
200670,"2020",78,149
200670,"2023",859,1500
200670,"2022",411,760
200670,"2021",NA,NA
200670,"2024",141,283
200677,"2022",19,38
200702,"2024",17,25
202058,"2023",59,104
202058,"2024",159,297
202058,"2021",NA,NA
202195,"2022",942,1292
202195,"2024",82,126
202195,"2023",515,712
202195,"2021",209,312
202195,"2020",50,67
202235,"2023",16,36
202269,"2021",19,38
202358,"2020",29,54
202358,"2022",212,390
202358,"2023",99,180
202358,"2024",NA,NA
202358,"2018",28,46
202358,"2019",NA,NA
205734,"2020",152,278
205734,"2022",37,71
205734,"2018",NA,NA
205734,"2019",87,145
205734,"2021",101,184
205734,"2024",667,1210
205734,"2023",NA,NA
206499,"2022",55,120
206499,"2024",547,1003
206499,"2023",172,336
206748,"2020",NA,NA
206748,"2022",97,184
206748,"2023",90,159
206748,"2021",NA,NA
206748,"2024",180,305
206909,"2020",108,171
206909,"2022",829,1461
206909,"2021",508,873
206909,"2023",513,925
206909,"2024",NA,NA
207182,"2021",NA,NA
207182,"2022",68,149
207182,"2023",61,101
207182,"2019",NA,NA
207182,"2024",62,132
207352,"2022",NA,NA
207352,"2024",256,439
207352,"2023",22,45
207678,"2022",92,171
207678,"2023",262,523
207678,"2024",48,77
207678,"2021",118,206
207681,"2024",211,389
207733,"2022",507,894
207733,"2021",73,135
207733,"2023",449,808
207733,"2024",976,1725
207834,"2022",29,63
207925,"2023",183,337
207925,"2021",47,90
207925,"2022",NA,NA
207925,"2024",1210,2166
207985,"2024",96,157
207989,"2024",980,1568
207989,"2020",35,73
207989,"2023",1124,1827
207989,"2021",759,1308
207989,"2022",NA,NA
208004,"2024",183,328
208004,"2020",NA,NA
208004,"2023",88,161
208010,"2023",21,47
208010,"2024",81,147
208013,"2023",34,66
208013,"2024",NA,NA
208013,"2021",20,38
208014,"2023",370,721
208014,"2022",52,102
208014,"2024",NA,NA
208134,"2020",NA,NA
208134,"2022",82,142
208134,"2024",202,405
208134,"2023",96,189
208144,"2024",21,37
208279,"2024",34,69
208286,"2022",NA,NA
208286,"2024",983,1812
208286,"2023",703,1197
208363,"2024",523,992
208502,"2023",380,691
208502,"2022",200,350
208502,"2021",131,237
208502,"2024",162,294
208859,"2024",102,164
208859,"2022",88,153
208859,"2023",69,128
209070,"2023",NA,NA
209070,"2024",414,774
209070,"2021",69,129
209113,"2022",NA,NA
209113,"2024",227,445
209113,"2023",122,201
209209,"2023",120,233
209209,"2022",NA,NA
209209,"2024",61,136
209263,"2024",33,70
209279,"2024",167,335
209279,"2023",54,88
209318,"2024",21,47
209414,"2023",551,1014
209414,"2022",NA,NA
209414,"2024",414,726
210097,"2024",1007,1624
210097,"2023",817,1361
210097,"2022",121,194
210136,"2022",NA,NA
210136,"2024",39,71
210136,"2023",26,42
210150,"2023",84,143
210150,"2024",744,1398
210319,"2023",46,97
210319,"2024",55,114
210340,"2023",42,85
210460,"2024",38,74
210506,"2023",219,373
210506,"2024",823,1466
211514,"2024",22,42
212720,"2024",18,26
201389,"2011",131,246
201389,"2013",23,42
201389,"2004",NA,NA
201389,"2008",14,29
201389,"2010",NA,NA
201483,"2009",29,63
201483,"2018",137,297
201483,"2021",148,296
201483,"2019",106,223
201483,"2023",143,284
201483,"2016",402,794
201483,"2007",39,84
201483,"2015",NA,NA
201483,"2008",NA,NA
201483,"2010",NA,NA
201483,"2022",NA,NA
201483,"2017",221,475
201483,"2020",47,86
201483,"2012",NA,NA
201483,"2014",NA,NA
201483,"2011",23,44
201514,"2012",NA,NA
201514,"2013",NA,NA
201514,"2021",494,937
201514,"2016",283,541
201514,"2018",511,1063
201514,"2007",NA,NA
201514,"2020",154,299
201514,"2019",488,962
201514,"2006",NA,NA
201514,"2015",49,99
201514,"2023",607,1189
201514,"2014",NA,NA
201514,"2008",NA,NA
201514,"2022",526,991
201514,"2009",NA,NA
201514,"2017",665,1329
201514,"2010",NA,NA
201514,"2011",NA,NA
201514,"2024",345,717
201516,"2023",74,146
201516,"2011",NA,NA
201516,"2019",134,289
201516,"2017",245,476
201516,"2013",NA,NA
201516,"2018",270,536
201516,"2007",NA,NA
201516,"2010",NA,NA
201516,"2009",63,150
201516,"2008",NA,NA
201516,"2012",31,51
201516,"2015",NA,NA
201516,"2016",172,352
201516,"2022",25,48
201516,"2005",NA,NA
201527,"2014",463,1011
201527,"2020",85,192
201527,"2021",245,513
201527,"2008",NA,NA
201527,"2019",235,509
201527,"2013",NA,NA
201527,"2016",299,666
201527,"2022",57,152
201527,"2009",NA,NA
201527,"2011",25,47
201527,"2010",NA,NA
201527,"2018",384,781
201527,"2015",NA,NA
201527,"2017",111,234
201527,"2005",NA,NA
201527,"2012",NA,NA
201527,"2006",NA,NA
201529,"2018",69,151
201529,"2017",106,184
201529,"2019",222,413
201529,"2021",60,135
201529,"2020",NA,NA
201529,"2014",NA,NA
201529,"2008",NA,NA
201535,"2023",46,89
201535,"2022",140,262
201535,"2013",230,423
201535,"2012",NA,NA
201535,"2011",321,604
201535,"2019",50,100
201535,"2006",NA,NA
201535,"2007",NA,NA
201535,"2020",NA,NA
201535,"2008",NA,NA
201535,"2010",NA,NA
201535,"2017",773,1320
201535,"2021",177,323
201535,"2009",33,55
201535,"2015",NA,NA
201535,"2016",629,1136
201535,"2018",419,741
201535,"2014",558,1000
201540,"2014",490,960
201540,"2022",130,246
201540,"2011",NA,NA
201540,"2016",930,1792
201540,"2009",NA,NA
201540,"2023",NA,NA
201540,"2020",151,310
201540,"2024",36,63
201540,"2015",NA,NA
201540,"2018",655,1230
201540,"2017",813,1499
201540,"2012",145,275
201540,"2019",644,1290
201540,"2013",NA,NA
201540,"2010",37,71
201540,"2021",NA,NA
201554,"2020",NA,NA
201554,"2016",NA,NA
201554,"2017",NA,NA
201554,"2009",71,149
201554,"2010",NA,NA
201554,"2014",32,54
201554,"2021",70,152
201554,"2015",98,156
201554,"2012",27,47
201554,"2018",73,141
201554,"2019",NA,NA
201554,"2011",101,186
201554,"2022",46,102
201568,"2023",NA,NA
201568,"2010",NA,NA
201568,"2014",NA,NA
201568,"2008",NA,NA
201568,"2022",102,216
201568,"2020",NA,NA
201568,"2009",50,86
201568,"2018",56,121
201568,"2013",NA,NA
201568,"2019",60,115
201568,"2011",40,76
201568,"2015",NA,NA
201568,"2021",199,377
201568,"2017",136,288
201568,"2016",265,515
201572,"2010",NA,NA
201572,"2011",56,115
201572,"2009",50,108
201572,"2008",35,58
201585,"2023",NA,NA
201585,"2017",270,527
201585,"2019",443,852
201585,"2013",NA,NA
201585,"2011",175,324
201585,"2014",NA,NA
201585,"2012",NA,NA
201585,"2016",371,700
201585,"2020",145,292
201585,"2022",325,633
201585,"2024",346,657
201585,"2010",52,112
201585,"2018",605,1129
201585,"2015",NA,NA
201585,"2021",393,772
201590,"2011",112,210
201590,"2012",NA,NA
201590,"2022",NA,NA
201590,"2023",NA,NA
201590,"2016",497,888
201590,"2017",429,842
201590,"2018",466,819
201590,"2019",549,1011
201590,"2021",NA,NA
201590,"2013",223,389
201590,"2015",NA,NA
201590,"2020",180,311
201590,"2014",NA,NA
201590,"2010",93,169
201597,"2015",NA,NA
201597,"2019",64,130
201597,"2010",NA,NA
201597,"2013",127,237
201597,"2014",NA,NA
201597,"2012",NA,NA
201597,"2017",272,555
201597,"2021",50,93
201597,"2011",41,88
201597,"2016",NA,NA
201597,"2018",204,406
201597,"2009",13,36
201597,"2020",NA,NA
201607,"2010",9,24
201607,"2009",NA,NA
201607,"2011",37,77
201611,"2012",21,38
201611,"2016",573,1050
201611,"2021",57,106
201611,"2014",28,59
201611,"2010",NA,NA
201611,"2013",104,228
201611,"2017",739,1381
201611,"2019",219,415
201611,"2015",NA,NA
201611,"2020",36,60
201611,"2023",141,295
201611,"2022",NA,NA
201611,"2024",297,548
201611,"2018",NA,NA
201616,"2024",NA,NA
201616,"2020",147,299
201616,"2011",NA,NA
201616,"2015",NA,NA
201616,"2016",334,665
201616,"2013",NA,NA
201616,"2014",NA,NA
201616,"2023",376,712
201616,"2022",407,838
201616,"2018",126,243
201616,"2017",504,978
201616,"2019",244,456
201616,"2012",104,188
201616,"2021",357,705
201619,"2023",NA,NA
201619,"2014",NA,NA
201619,"2013",NA,NA
201619,"2015",NA,NA
201619,"2021",274,564
201619,"2018",488,954
201619,"2019",556,1104
201619,"2016",859,1545
201619,"2020",131,246
201619,"2022",NA,NA
201619,"2011",55,99
201619,"2012",59,109
201619,"2009",34,58
201619,"2017",339,627
201619,"2024",NA,NA
201643,"2009",22,50
201648,"2018",65,112
201648,"2012",NA,NA
201648,"2016",342,698
201648,"2010",NA,NA
201648,"2017",239,479
201648,"2015",NA,NA
201648,"2014",59,117
201648,"2011",59,107
201648,"2009",NA,NA
201660,"2008",52,81
201660,"2009",17,41
201696,"2017",289,553
201696,"2014",56,101
201696,"2016",462,838
201696,"2024",NA,NA
201696,"2021",NA,NA
201696,"2015",NA,NA
201696,"2010",NA,NA
201696,"2020",198,342
201696,"2022",97,180
201696,"2018",225,407
201696,"2023",NA,NA
201696,"2019",378,662
201697,"2011",93,197
201697,"2013",NA,NA
201697,"2019",476,918
201697,"2021",241,523
201697,"2018",541,1095
201697,"2014",204,380
201697,"2008",NA,NA
201697,"2012",NA,NA
201697,"2020",209,421
201697,"2007",NA,NA
201697,"2017",663,1275
201697,"2010",NA,NA
201697,"2015",NA,NA
201697,"2016",380,733
202358,"2006",NA,NA
202373,"2007",9,23
202402,"2008",15,43
202423,"2012",33,50
202423,"2011",29,60
202426,"2011",NA,NA
202426,"2015",NA,NA
202426,"2016",76,153
202426,"2017",120,223
202426,"2014",42,68
202429,"2015",NA,NA
202429,"2013",NA,NA
202429,"2018",591,985
202429,"2020",378,652
202429,"2012",185,322
202429,"2016",526,877
202429,"2014",NA,NA
202429,"2022",483,844
202429,"2019",401,722
202429,"2017",457,762
202429,"2021",NA,NA
202429,"2023",NA,NA
202429,"2011",NA,NA
202429,"2024",116,215
202446,"2021",83,162
202446,"2017",424,835
202446,"2019",132,272
202446,"2018",380,730
202446,"2016",715,1295
202446,"2015",NA,NA
202446,"2011",NA,NA
202446,"2022",137,252
202446,"2020",190,360
202446,"2023",82,148
202446,"2014",NA,NA
202446,"2012",141,279
202446,"2013",NA,NA
202452,"2011",16,35
202453,"2015",NA,NA
202453,"2013",56,123
202453,"2018",256,520
202453,"2014",NA,NA
202453,"2019",522,1018
202453,"2024",71,138
202453,"2011",NA,NA
202453,"2012",61,149
202453,"2016",NA,NA
202453,"2021",NA,NA
202453,"2017",227,454
202453,"2020",127,232
202465,"2012",15,32
202482,"2015",NA,NA
202482,"2019",74,153
202482,"2020",47,101
202482,"2012",NA,NA
202482,"2017",78,149
202482,"2018",41,84
202482,"2016",48,109
202482,"2021",NA,NA
202484,"2019",100,186
202484,"2015",NA,NA
202484,"2013",41,83
202484,"2014",NA,NA
202484,"2020",NA,NA
202484,"2018",68,147
202484,"2017",234,467
202484,"2016",298,613
202484,"2012",72,158
202504,"2019",60,134
202504,"2017",310,616
202504,"2016",160,320
202504,"2013",41,78
202504,"2020",NA,NA
202504,"2014",NA,NA
202504,"2015",NA,NA
202504,"2012",36,67
202504,"2018",129,299
202536,"2015",NA,NA
202536,"2017",190,370
202536,"2021",NA,NA
202536,"2014",38,74
202536,"2020",100,174
202536,"2022",NA,NA
202536,"2016",116,250
202536,"2018",389,744
202536,"2019",293,531
202536,"2023",NA,NA
202536,"2024",NA,NA
202578,"2019",17,33
202600,"2017",80,162
202600,"2014",NA,NA
202600,"2015",NA,NA
202600,"2023",NA,NA
202600,"2019",90,191
202600,"2020",73,158
202600,"2024",563,1086
202600,"2021",162,323
202600,"2018",99,224
202600,"2022",170,330
202628,"2016",NA,NA
202628,"2018",26,53
202628,"2015",51,74
202628,"2017",NA,NA
202628,"2014",67,130
202628,"2023",203,380
202628,"2013",66,121
202628,"2022",NA,NA
202628,"2021",130,224
202653,"2015",NA,NA
202653,"2014",42,74
202653,"2016",330,623
202653,"2018",99,186
202653,"2017",170,323
202653,"2019",55,101
202662,"2024",23,52
202662,"2018",NA,NA
202662,"2023",42,88
202684,"2014",NA,NA
202684,"2021",127,238
202684,"2022",222,455
202684,"2015",152,274
202684,"2016",127,234
202684,"2017",300,566
202684,"2020",94,201
202684,"2019",175,370
202684,"2018",164,331
202684,"2024",342,674
202684,"2023",627,1175
202685,"2014",53,104
202685,"2018",NA,NA
202685,"2017",NA,NA
202685,"2016",36,68
202685,"2015",37,64
202702,"2014",107,216
202702,"2013",32,66
202702,"2015",NA,NA
202702,"2016",41,98
202702,"2017",NA,NA
202702,"2019",57,95
202702,"2018",NA,NA
202702,"2021",28,54
202858,"2016",24,40
202916,"2021",60,122
202916,"2019",64,128
202916,"2018",107,230
202921,"2017",27,47
203325,"2021",55,117
203325,"2019",44,92
203354,"2020",61,120
203354,"2023",NA,NA
203354,"2021",214,450
203354,"2022",NA,NA
203354,"2017",29,60
203354,"2024",279,543
203354,"2019",64,134
203354,"2018",NA,NA
203435,"2014",NA,NA
203435,"2017",98,185
203435,"2022",15,31
203435,"2018",343,688
203435,"2023",23,52
203435,"2019",247,509
203435,"2016",NA,NA
203462,"2019",NA,NA
203462,"2016",238,440
203462,"2017",183,375
203462,"2015",NA,NA
203462,"2024",NA,NA
203462,"2022",52,111
203462,"2013",32,66
203462,"2021",273,551
203462,"2023",172,351
203462,"2014",49,94
203462,"2020",80,166
203462,"2018",266,542
203500,"2022",NA,NA
203500,"2016",181,348
203500,"2024",108,246
203500,"2019",123,239
203500,"2020",32,60
203500,"2013",NA,NA
203500,"2018",281,535
203500,"2015",NA,NA
203500,"2017",131,273
203500,"2021",NA,NA
203500,"2023",118,232
203500,"2014",NA,NA
203501,"2020",48,95
203501,"2013",54,114
203501,"2022",60,106
203501,"2018",163,300
203501,"2019",170,321
203501,"2023",184,329
203501,"2024",NA,NA
203501,"2015",109,183
203501,"2017",115,226
203501,"2016",36,75
203501,"2014",146,266
203504,"2016",63,140
203504,"2019",NA,NA
203504,"2017",118,253
203504,"2015",NA,NA
203504,"2018",70,138
203514,"2020",42,87
203514,"2019",117,204
203514,"2023",36,77
203514,"2024",93,199
203514,"2021",114,309
203514,"2022",72,135
203530,"2016",395,700
203530,"2020",NA,NA
203530,"2019",331,650
203530,"2013",46,100
203530,"2023",177,336
203530,"2021",NA,NA
203530,"2017",361,695
203530,"2018",186,386
203530,"2024",NA,NA
203530,"2022",NA,NA
203553,"2017",20,41
203562,"2018",17,31
203562,"2023",NA,NA
203562,"2017",34,46
203564,"2020",NA,NA
203564,"2022",175,324
203564,"2023",38,70
203564,"2016",NA,NA
203564,"2024",154,305
203564,"2018",NA,NA
203564,"2019",186,366
203564,"2017",44,86
203564,"2021",NA,NA
203575,"2014",NA,NA
203575,"2022",295,600
203575,"2011",NA,NA
203575,"2021",392,750
203575,"2020",156,287
203575,"2024",NA,NA
203575,"2018",104,213
203575,"2015",NA,NA
203575,"2019",76,144
203575,"2013",NA,NA
203575,"2017",258,544
203575,"2012",NA,NA
203575,"2023",217,442
203575,"2016",629,1181
203576,"2016",69,149
203576,"2015",NA,NA
203576,"2014",91,169
203576,"2017",168,300
204267,"2017",12,24
204362,"2018",52,91
204362,"2015",NA,NA
204362,"2013",NA,NA
204362,"2017",35,73
204362,"2016",51,97
204388,"2013",50,93
204388,"2014",28,65
204394,"2020",35,71
204394,"2017",49,102
204394,"2019",44,86
204394,"2023",NA,NA
204394,"2021",31,62
204394,"2022",NA,NA
204394,"2018",79,166
204394,"2014",NA,NA
204411,"2020",37,85
204411,"2016",NA,NA
204411,"2014",33,75
204411,"2015",NA,NA
204411,"2021",197,368
204411,"2023",141,291
204411,"2022",NA,NA
204411,"2024",68,114
204427,"2024",NA,NA
204427,"2022",395,715
204427,"2017",306,597
204427,"2015",NA,NA
204427,"2023",NA,NA
204427,"2021",NA,NA
204427,"2020",162,340
204427,"2019",280,557
204427,"2016",150,289
204427,"2018",178,346
205344,"2016",37,68
205344,"2017",34,59
205344,"2022",NA,NA
205344,"2018",NA,NA
205344,"2019",67,118
205723,"2017",47,92
205723,"2021",26,64
205723,"2018",NA,NA
205815,"2017",73,144
205815,"2014",44,93
205815,"2018",23,46
205815,"2022",NA,NA
205815,"2016",NA,NA
205848,"2018",7,32
205925,"2021",447,866
205925,"2014",NA,NA
205925,"2024",174,323
205925,"2019",444,821
205925,"2023",399,761
205925,"2020",262,474
205925,"2013",NA,NA
205925,"2022",NA,NA
205925,"2015",NA,NA
205925,"2017",361,647
205925,"2012",NA,NA
205925,"2018",624,1156
205925,"2016",267,553
206037,"2022",31,58
206037,"2019",37,75
206037,"2023",NA,NA
206037,"2014",NA,NA
206037,"2015",NA,NA
206037,"2016",NA,NA
206037,"2020",28,64
206037,"2018",41,89
206037,"2021",20,42
206037,"2024",NA,NA
206037,"2017",47,80
206107,"2023",NA,NA
206107,"2018",14,33
206107,"2017",15,34
206107,"2015",NA,NA
206107,"2019",39,68
206107,"2021",NA,NA
206107,"2016",26,56
206108,"2023",166,298
206108,"2020",444,778
206108,"2016",127,234
206108,"2018",260,490
206108,"2019",543,1058
206108,"2021",NA,NA
206108,"2017",375,705
206124,"2020",92,192
206124,"2018",79,159
206124,"2017",138,271
206124,"2023",158,334
206124,"2015",32,54
206124,"2021",NA,NA
206124,"2014",NA,NA
206124,"2024",NA,NA
206124,"2019",101,192
206124,"2022",NA,NA
206124,"2016",109,216
206124,"2013",NA,NA
206136,"2018",22,45
206136,"2017",48,86
206183,"2017",39,86
206183,"2015",NA,NA
206183,"2016",70,127
206216,"2017",26,51
206219,"2019",24,46
206219,"2022",254,566
206219,"2017",403,774
206219,"2020",192,368
206219,"2021",269,508
206219,"2015",NA,NA
206219,"2023",33,69
206219,"2018",114,224
206219,"2016",182,382
206219,"2024",120,230
206252,"2019",20,41
206252,"2023",NA,NA
206252,"2021",NA,NA
206252,"2022",NA,NA
206252,"2024",475,878
206252,"2014",20,45
206252,"2018",53,103
206252,"2020",168,351
206252,"2017",122,264
206252,"2015",NA,NA
206252,"2016",88,182
206255,"2019",139,252
206255,"2017",145,275
206255,"2020",176,344
206255,"2023",96,195
206255,"2016",275,501
206255,"2021",161,312
206255,"2015",NA,NA
206289,"2015",NA,NA
206289,"2022",947,1703
206289,"2021",NA,NA
206289,"2020",438,766
206289,"2016",148,342
206289,"2014",NA,NA
206289,"2018",627,1151
206289,"2019",769,1409
206289,"2017",373,729
206289,"2024",NA,NA
206289,"2013",NA,NA
206289,"2023",865,1596
206289,"2012",NA,NA
206292,"2021",339,623
206292,"2023",47,86
206292,"2019",214,385
206292,"2022",187,359
206292,"2020",91,175
206292,"2024",85,146
206374,"2021",144,293
206374,"2018",381,714
206374,"2014",52,101
206374,"2023",26,49
206374,"2019",539,1059
206374,"2017",121,245
206374,"2016",NA,NA
206374,"2020",144,281
206374,"2015",NA,NA
206374,"2024",397,759
206408,"2024",313,653
206408,"2023",379,736
206408,"2018",24,39
206408,"2016",NA,NA
206408,"2021",NA,NA
206408,"2020",125,242
206408,"2017",91,169
206408,"2022",NA,NA
206417,"2022",NA,NA
206417,"2023",101,210
206417,"2024",63,117
206420,"2016",109,191
206420,"2022",711,1243
206420,"2019",767,1420
206420,"2023",NA,NA
206420,"2024",663,1270
206420,"2018",296,602
206420,"2021",NA,NA
206420,"2017",230,486
206420,"2020",380,738
206430,"2022",43,80
206430,"2023",38,68
206430,"2021",15,37
206430,"2015",NA,NA
206430,"2019",46,82
206430,"2024",NA,NA
210672,"2016",29,68
210705,"2022",79,169
210705,"2017",NA,NA
210705,"2019",65,150
210705,"2024",43,87
210705,"2021",174,327
210705,"2020",47,82
210705,"2018",38,59
210722,"2019",781,1389
210722,"2024",682,1227
210722,"2022",NA,NA
210722,"2020",562,1029
210722,"2018",851,1564
210722,"2016",90,164
210722,"2021",NA,NA
210722,"2023",640,1185
210722,"2017",616,1220
210871,"2018",24,52
210871,"2016",33,64
210871,"2017",22,46
210871,"2015",NA,NA
210913,"2019",25,64
210957,"2017",51,115
210957,"2016",NA,NA
210957,"2018",29,68
211095,"2018",360,639
211095,"2019",461,817
211095,"2023",526,930
211095,"2017",NA,NA
211095,"2020",175,354
211095,"2021",428,806
211095,"2022",281,507
211095,"2024",396,762
211279,"2022",NA,NA
211279,"2017",NA,NA
211279,"2015",NA,NA
211279,"2019",162,340
211279,"2023",NA,NA
211279,"2024",332,671
211279,"2021",258,503
211279,"2018",101,195
211279,"2020",48,106
211337,"2022",168,327
211337,"2020",NA,NA
211337,"2018",93,174
211337,"2023",370,734
211337,"2019",138,265
211337,"2024",301,572
211337,"2017",90,160
211337,"2021",133,250
211411,"2024",49,91
211411,"2019",220,404
211411,"2021",NA,NA
211411,"2016",NA,NA
211411,"2018",NA,NA
211411,"2020",102,191
211411,"2017",144,282
211456,"2022",21,47
211472,"2015",16,14
211544,"2021",6,13
211684,"2017",NA,NA
211684,"2024",NA,NA
211684,"2022",NA,NA
211684,"2020",55,119
211684,"2014",NA,NA
211684,"2015",NA,NA
211684,"2021",179,340
211684,"2019",96,216
211684,"2016",29,58
211684,"2023",392,780
211684,"2018",229,503
211701,"2021",509,920
211701,"2024",NA,NA
211701,"2022",NA,NA
211701,"2014",118,243
211701,"2023",NA,NA
211701,"2013",NA,NA
211701,"2017",569,1141
211701,"2020",174,349
211701,"2015",NA,NA
211701,"2016",487,958
211701,"2018",738,1430
211701,"2019",580,1148
211702,"2021",NA,NA
211702,"2018",218,430
211702,"2019",153,310
211702,"2016",NA,NA
211702,"2022",94,181
211702,"2017",342,629
211702,"2015",NA,NA
211702,"2020",164,325
211702,"2024",NA,NA
211702,"2023",229,434
211736,"2017",109,188
211736,"2021",NA,NA
211736,"2018",62,119
211736,"2019",194,380
211736,"2015",NA,NA
211736,"2016",54,119
211796,"2017",160,303
211796,"2016",102,216
211796,"2014",NA,NA
211796,"2019",NA,NA
211796,"2021",33,72
211796,"2018",33,75
211796,"2015",NA,NA
211817,"2017",18,28
211817,"2024",169,324
211817,"2019",87,176
211817,"2022",393,786
211817,"2023",184,359
211817,"2018",70,141
211817,"2020",NA,NA
211817,"2016",NA,NA
211817,"2021",257,524
211878,"2017",91,210
211878,"2020",79,136
211878,"2021",78,175
211878,"2022",NA,NA
211878,"2018",NA,NA
211880,"2024",68,149
211880,"2020",75,158
211880,"2019",195,412
211880,"2017",75,136
211880,"2018",73,169
211880,"2016",NA,NA
211880,"2023",46,91
211880,"2022",89,162
211887,"2019",23,45
211901,"2019",127,261
211901,"2020",72,147
211901,"2021",156,300
211901,"2023",28,66
211903,"2017",NA,NA
211903,"2020",28,58
211903,"2022",22,40
212001,"2019",295,511
212001,"2015",40,82
212001,"2016",29,61
212001,"2022",NA,NA
212001,"2018",304,620
212001,"2017",394,756
212001,"2020",NA,NA
212001,"2021",89,166
212805,"2022",NA,NA
212805,"2017",45,75
212805,"2020",28,59
213525,"2021",NA,NA
213525,"2020",274,497
213525,"2017",43,86
213525,"2016",46,78
213525,"2018",108,207
213525,"2022",NA,NA
213525,"2019",299,583
213525,"2024",NA,NA
213525,"2023",374,743
213544,"2022",NA,NA
213544,"2019",103,208
213544,"2024",NA,NA
213544,"2020",54,111
213544,"2021",39,76
213544,"2017",206,386
213544,"2018",172,340
213544,"2023",49,85
213550,"2021",263,489
213550,"2015",NA,NA
213550,"2018",394,727
213550,"2019",NA,NA
213550,"2022",179,337
213550,"2020",359,668
213550,"2017",74,137
213550,"2023",445,785
213550,"2024",399,750
213550,"2016",NA,NA
213631,"2019",191,364
213631,"2021",398,755
213631,"2017",NA,NA
213631,"2020",214,406
213631,"2015",NA,NA
213631,"2018",72,141
213631,"2024",NA,NA
213631,"2022",NA,NA
213631,"2023",490,901
213646,"2023",NA,NA
213646,"2022",NA,NA
213646,"2024",126,236
213646,"2017",32,75
213646,"2018",43,85
213646,"2019",47,80
213646,"2016",NA,NA
213646,"2021",60,112
213710,"2023",308,633
213710,"2024",NA,NA
213710,"2021",50,109
213710,"2022",128,268
213828,"2020",18,31
213889,"2022",168,371
213889,"2023",NA,NA
213889,"2024",355,716
213889,"2019",207,428
213889,"2020",174,299
213889,"2021",494,973
213908,"2022",75,134
213908,"2023",18,42
213908,"2024",56,105
213926,"2021",9,25
213947,"2016",29,47
214020,"2023",16,44
214020,"2021",22,40
214032,"2019",30,54
214032,"2024",NA,NA
214032,"2020",25,58
214040,"2016",37,64
214040,"2021",53,103
214040,"2022",29,47
214040,"2018",28,59
214040,"2019",30,74
214040,"2024",NA,NA
214040,"2023",207,393
214119,"2023",360,659
214119,"2022",NA,NA
214119,"2024",213,442
214119,"2016",55,104
214119,"2021",46,103
214119,"2017",NA,NA
214149,"2017",50,91
214149,"2022",NA,NA
214149,"2024",NA,NA
214149,"2023",NA,NA
214149,"2018",478,865
214149,"2020",152,338
214149,"2021",208,419
214149,"2019",609,1181
214181,"2021",148,261
214181,"2022",117,203
214229,"2016",40,57
214263,"2017",437,859
214263,"2014",NA,NA
214263,"2018",153,303
214263,"2016",150,269
214263,"2015",41,61
214263,"2020",181,345
214304,"2021",NA,NA
214304,"2017",58,113
214304,"2019",172,359
214304,"2018",390,743
214304,"2016",NA,NA
214304,"2020",38,86
214312,"2016",36,65
214405,"2022",59,112
214405,"2023",131,247
214405,"2017",NA,NA
214405,"2019",NA,NA
214405,"2020",44,74
214452,"2024",358,693
214452,"2017",61,96
214452,"2019",NA,NA
214452,"2021",64,114
214452,"2022",70,137
214452,"2018",178,320
214452,"2020",59,107
214452,"2023",148,282
214480,"2024",46,106
214480,"2023",46,84
214480,"2018",NA,NA
214521,"2024",16,37
214521,"2018",49,96
214521,"2020",23,56
214541,"2024",NA,NA
214541,"2017",97,220
214541,"2022",NA,NA
214541,"2019",45,107
214541,"2023",38,89
214541,"2018",260,508
214541,"2016",NA,NA
214544,"2023",NA,NA
214544,"2022",NA,NA
214544,"2018",1071,1875
214544,"2017",296,568
214544,"2020",543,946
214544,"2019",731,1262
214544,"2021",NA,NA
214544,"2024",885,1550
214593,"2024",78,167
214593,"2021",39,82
214593,"2022",36,75
214593,"2023",95,197
214621,"2016",27,59
214621,"2014",NA,NA
214621,"2017",16,34
214641,"2017",51,69
214641,"2014",NA,NA
214641,"2018",26,49
214643,"2024",NA,NA
214643,"2022",699,1171
214643,"2019",212,410
214643,"2023",NA,NA
214643,"2021",562,1026
214643,"2020",102,200
214694,"2022",39,67
214694,"2017",40,69
214694,"2021",NA,NA
214694,"2019",NA,NA
214694,"2018",95,203
214839,"2022",87,177
214839,"2024",34,70
214839,"2021",NA,NA
214839,"2023",233,463
214906,"2022",NA,NA
214906,"2024",47,118
214906,"2020",NA,NA
214906,"2017",NA,NA
214906,"2021",106,208
214906,"2023",409,812
214906,"2018",134,263
214939,"2019",170,321
214939,"2023",335,630
214939,"2016",NA,NA
214939,"2017",101,195
214939,"2022",NA,NA
214939,"2021",319,568
214939,"2024",NA,NA
214939,"2020",68,121
214939,"2018",NA,NA
214954,"2016",26,40
214954,"2020",254,450
214954,"2019",472,844
214954,"2023",NA,NA
214954,"2024",NA,NA
214954,"2022",NA,NA
214954,"2018",435,744
214954,"2021",NA,NA
214954,"2017",235,433
215016,"2020",34,57
215016,"2018",33,72
215016,"2019",NA,NA
215016,"2017",45,79
215016,"2015",NA,NA
215018,"2021",49,98
215018,"2017",69,128
215018,"2019",45,94
215018,"2022",NA,NA
215018,"2018",55,98
215018,"2024",NA,NA
215020,"2023",649,1205
215020,"2018",264,481
215020,"2020",162,327
215020,"2022",171,345
215020,"2024",403,821
215020,"2021",234,487
215020,"2019",334,654
215020,"2017",114,233
215020,"2016",30,59
215035,"2019",NA,NA
215035,"2018",221,366
215035,"2022",478,875
215035,"2023",299,576
215035,"2021",NA,NA
215035,"2017",62,98
215035,"2024",531,980
215035,"2016",NA,NA
215035,"2020",406,720
215091,"2020",21,43
215096,"2018",31,68
215096,"2017",55,102
215096,"2022",NA,NA
215096,"2019",19,47
215096,"2023",53,100
215138,"2024",304,535
215138,"2022",53,109
215151,"2024",37,72
215151,"2023",NA,NA
215151,"2020",48,75
215151,"2022",45,102
215151,"2019",18,42
215219,"2021",366,713
215219,"2019",142,260
215219,"2023",NA,NA
215219,"2018",18,50
215219,"2022",NA,NA
215219,"2017",NA,NA
215219,"2024",19,27
215219,"2020",152,326
215259,"2020",96,179
215259,"2021",81,150
215259,"2018",NA,NA
215337,"2021",NA,NA
215337,"2022",NA,NA
215337,"2018",180,324
215337,"2023",NA,NA
215337,"2019",87,202
215337,"2024",263,461
215337,"2020",27,60
215370,"2022",NA,NA
215370,"2018",100,180
215370,"2017",179,300
215370,"2021",362,684
215370,"2019",NA,NA
215370,"2024",224,415
215370,"2023",378,695
215371,"2018",26,50
215371,"2019",69,138
215371,"2020",NA,NA
215371,"2022",NA,NA
215371,"2021",53,119
215395,"2020",39,78
215571,"2024",22,34
215613,"2020",NA,NA
215613,"2023",388,710
215613,"2024",813,1517
215613,"2021",54,113
215613,"2019",NA,NA
215613,"2022",56,102
215627,"2022",54,133
215672,"2018",55,98
215713,"2019",474,941
215713,"2021",NA,NA
215713,"2020",170,314
215713,"2018",245,469
215713,"2024",693,1353
215713,"2017",NA,NA
215713,"2023",723,1366
215713,"2022",NA,NA
215785,"2022",292,568
215785,"2016",NA,NA
215785,"2017",53,93
215785,"2018",NA,NA
215785,"2024",NA,NA
215785,"2020",30,59
215785,"2021",NA,NA
215785,"2019",121,204
215785,"2023",364,674
215832,"2021",33,56
215859,"2016",18,30
215869,"2016",24,61
215869,"2017",43,74
215872,"2019",NA,NA
215872,"2022",NA,NA
215872,"2023",303,601
215872,"2024",420,763
215872,"2021",217,408
215872,"2020",30,47
215899,"2023",44,87
215899,"2019",25,54
215899,"2024",42,88
215899,"2022",79,132
215899,"2021",NA,NA
215910,"2024",39,96
215910,"2018",NA,NA
215910,"2023",92,220
215910,"2022",NA,NA
215910,"2021",58,108
215936,"2021",76,154
215936,"2023",45,80
215936,"2024",NA,NA
215983,"2021",402,717
215983,"2024",122,255
215983,"2020",76,150
215983,"2022",NA,NA
215983,"2023",78,159
215996,"2021",42,73
215996,"2022",84,184
215996,"2023",65,145
215996,"2024",82,156
216016,"2024",NA,NA
216016,"2022",NA,NA
216016,"2017",19,42
216016,"2019",95,164
216016,"2021",223,399
216016,"2020",107,195
216016,"2018",43,76
216016,"2023",491,901
216055,"2024",NA,NA
216055,"2019",36,72
216055,"2023",NA,NA
216055,"2018",25,47
216055,"2020",37,69
216074,"2023",5,15
216081,"2024",32,60
216081,"2023",NA,NA
216081,"2022",48,83
216083,"2024",NA,NA
216083,"2020",83,164
216083,"2019",153,287
216083,"2022",159,266
216083,"2023",201,392
216083,"2021",172,316
216097,"2022",109,189
216097,"2023",161,372
216097,"2024",NA,NA
216133,"2019",89,173
216133,"2018",64,117
216133,"2020",NA,NA
216133,"2021",334,600
216133,"2023",674,1239
216133,"2022",NA,NA
216133,"2024",723,1332
216139,"2023",44,68
216146,"2020",89,167
216146,"2019",89,155
216146,"2021",426,816
216146,"2023",NA,NA
216146,"2024",NA,NA
216146,"2022",NA,NA
216146,"2018",135,248
216150,"2020",26,57
216153,"2019",393,711
216153,"2018",206,355
216153,"2024",NA,NA
216153,"2023",100,194
216153,"2021",317,575
216153,"2020",204,395
216153,"2022",NA,NA
216153,"2017",NA,NA
216180,"2022",15,30
216262,"2021",284,571
216262,"2019",NA,NA
216262,"2022",230,477
216262,"2024",NA,NA
216262,"2020",71,138
216262,"2023",384,726
216265,"2022",NA,NA
216265,"2021",60,120
216265,"2024",161,292
216265,"2023",58,117
216462,"2016",24,60
216475,"2016",8,16
219422,"2017",27,57
219875,"2024",NA,NA
219875,"2019",103,196
219875,"2022",321,NA
219875,"2021",473,884
219875,"2020",75,156
219875,"2023",594,1122
219917,"2024",178,343
219917,"2021",78,142
219917,"2023",488,823
219917,"2022",82,134
220272,"2022",50,88
220332,"2024",186,320
220332,"2022",NA,NA
220332,"2023",126,241
220339,"2018",41,78
220395,"2016",30,58
220465,"2019",NA,NA
220465,"2022",82,155
220465,"2024",247,507
220465,"2023",185,370
220465,"2021",NA,NA
220465,"2020",16,27
220520,"2024",264,522
220548,"2024",535,1001
220548,"2023",348,625
220548,"2022",NA,NA
220589,"2024",462,885
220589,"2023",187,412
220589,"2022",66,143
220750,"2022",28,74
220750,"2024",27,60
220750,"2023",46,79
220946,"2022",41,86
221024,"2020",NA,NA
221024,"2024",308,564
221024,"2023",124,222
221024,"2021",138,235
221024,"2022",130,260
221024,"2019",40,68
221054,"2024",NA,NA
221054,"2022",362,670
221054,"2023",113,204
221054,"2021",149,297
221105,"2020",45,70
221236,"2024",132,237
221236,"2023",101,214
221237,"2024",124,232
221237,"2023",82,143
221247,"2024",51,102
221247,"2022",22,41
221247,"2021",NA,NA
221247,"2023",25,51
221818,"2017",26,53
221824,"2017",42,86
221828,"2017",56,110
221831,"2018",41,74
221837,"2018",17,33
221844,"2018",30,54
221852,"2018",35,66
221911,"2024",32,56
221911,"2023",44,110
221911,"2019",NA,NA
222233,"2024",162,296
222233,"2022",39,67
222233,"2023",58,96
222258,"2024",147,306
222258,"2023",361,765
222258,"2022",184,370
222258,"2020",NA,NA
222258,"2021",50,97
222296,"2023",102,204
222296,"2024",109,233
222328,"2022",96,191
222328,"2023",NA,NA
222328,"2024",612,1094
222513,"2022",24,62
222559,"2024",58,116
222601,"2024",222,434
222601,"2023",34,80
222965,"2024",317,631
222965,"2022",48,78
222965,"2023",159,315
222966,"2024",30,44
222966,"2022",26,49
223131,"2020",20,45
223132,"2020",21,53
223133,"2020",27,54
223134,"2020",38,76
223135,"2020",16,27
223159,"2022",30,53
223331,"2024",102,198
223333,"2024",34,68
223333,"2023",102,193
223335,"2022",22,37
232447,"2024",58,129
232447,"2023",124,245
233741,"2024",38,69
239389,"2024",30,68
252499,"2023",27,50
252499,"2024",110,195
252587,"2024",28,60
256684,"2024",47,84
259799,"2023",274,498
259799,"2024",570,1053
259799,"2022",NA,NA
260170,"2024",47,95
260300,"2024",44,79
260847,"2024",NA,NA
260848,"2024",NA,NA
260913,"2024",NA,NA
261963,"2024",NA,NA
263847,"2023",NA,NA
263848,"2023",NA,NA
263849,"2023",NA,NA
263850,"2023",NA,NA
263852,"2023",NA,NA
263853,"2023",NA,NA
263857,"2024",174,362
264205,"2023",NA,NA
266671,"2024",63,133
