"player_id","year","second_return","second_won"
102093,"2024",67,27
102143,"2003",259,114
102143,"2005",69,28
102143,"2002",203,86
102143,"1997",NA,NA
102143,"2001",166,69
102143,"2006",NA,NA
102143,"2004",126,41
102143,"2000",114,49
102179,"2000",484,170
102179,"1996",51,21
102179,"2001",1001,417
102179,"2004",1044,409
102179,"2002",NA,NA
102179,"1999",NA,NA
102179,"2005",556,223
102179,"2007",133,57
102179,"2003",1151,467
102179,"2006",113,33
102269,"2002",NA,NA
102269,"2005",128,52
102269,"2006",97,33
102269,"1997",419,192
102269,"2001",56,16
102269,"1996",104,41
102269,"2003",195,83
102269,"1995",NA,NA
102269,"2000",94,31
102269,"1998",NA,NA
102269,"2004",364,126
102287,"2000",1344,639
102287,"1995",181,88
102287,"2001",1912,921
102287,"2003",731,313
102287,"1993",NA,NA
102287,"1996",NA,NA
102287,"2002",NA,NA
102287,"2007",NA,NA
102287,"2006",535,232
102287,"1998",1109,503
102287,"2005",190,95
102287,"2004",542,238
102287,"1999",NA,NA
102287,"1997",1124,581
102456,"2001",1371,651
102456,"2003",NA,NA
102456,"2005",813,359
102456,"2002",1291,609
102456,"1998",NA,NA
102456,"2007",116,54
102456,"1997",NA,NA
102456,"1996",2088,1048
102456,"2000",836,376
102456,"1995",422,211
102456,"2004",928,442
102456,"1999",NA,NA
102456,"1994",NA,NA
102494,"2000",506,233
102494,"2004",325,147
102494,"2005",549,220
102494,"2003",NA,NA
102494,"1999",55,22
102494,"2006",378,166
102494,"1997",36,22
102494,"2001",382,165
102494,"2002",193,90
102565,"2007",251,83
102565,"2002",304,112
102565,"2005",523,190
102565,"2006",NA,NA
102565,"2004",124,47
102565,"2003",503,175
102642,"2006",392,146
102642,"2003",798,343
102642,"2001",NA,NA
102642,"2002",295,129
102642,"1999",145,60
102642,"2004",1591,683
102642,"2007",55,25
102642,"2005",1106,463
102642,"2000",562,224
102694,"2005",680,279
102694,"2001",1030,478
102694,"2007",NA,NA
102694,"1994",NA,NA
102694,"2004",654,279
102694,"1997",145,70
102694,"2003",NA,NA
102694,"1995",192,105
102694,"2006",352,161
102694,"1996",352,137
102694,"1999",498,224
102694,"1998",461,201
102694,"2000",170,65
102694,"2002",977,422
102788,"2003",492,194
102788,"2008",39,15
102788,"2006",79,36
102788,"2004",383,146
102788,"2001",476,205
102788,"2007",33,20
102788,"2005",60,32
102788,"2002",NA,NA
102834,"2003",209,102
102834,"1994",NA,NA
102834,"1995",NA,NA
102834,"2001",388,163
102834,"2002",110,42
102834,"1996",NA,NA
102834,"2007",568,277
102834,"1998",175,77
102834,"2000",1289,575
102834,"2004",299,129
102834,"2006",916,426
102834,"2005",685,318
102834,"1993",NA,NA
102834,"1999",986,476
102869,"1995",171,84
102869,"2003",509,238
102869,"1998",1269,571
102869,"2005",NA,NA
102869,"2001",1324,584
102869,"1999",888,401
102869,"1997",1009,452
102869,"1996",NA,NA
102869,"2006",56,25
102869,"2002",629,275
102869,"2004",557,221
102869,"2000",889,384
102869,"1994",NA,NA
102880,"2002",525,231
102880,"2000",607,251
102880,"1999",NA,NA
102880,"2001",356,162
102880,"2003",539,226
102880,"2004",675,302
102880,"2005",568,205
102881,"2007",NA,NA
102881,"1995",66,32
102881,"1993",43,20
102881,"1994",42,25
102881,"1997",90,32
102881,"2006",NA,NA
102881,"2008",NA,NA
102881,"1996",95,41
102886,"2010",NA,NA
102886,"2006",43,16
102886,"2003",317,143
102886,"2012",NA,NA
102886,"2005",121,57
102886,"2004",88,43
102886,"2001",NA,NA
102904,"2006",104,60
102904,"2000",98,46
102904,"2001",NA,NA
102925,"2007",317,118
102925,"2005",527,209
102925,"2004",157,62
102925,"1999",1194,488
102925,"2000",977,399
102925,"1997",1217,544
102925,"2001",422,162
102925,"2002",338,150
102925,"1998",NA,NA
102925,"2003",642,274
102925,"2006",869,345
102925,"1996",306,132
102925,"1995",97,47
102967,"2002",44,13
102967,"2011",NA,NA
102967,"2013",NA,NA
102967,"2009",1323,579
102967,"2006",879,392
102967,"2004",96,44
102967,"2014",82,43
102967,"2008",1310,546
102967,"2012",NA,NA
102967,"2010",472,196
102967,"2005",114,66
102967,"2007",1302,563
102999,"2003",86,28
102999,"2006",429,196
102999,"2002",NA,NA
102999,"2001",80,33
102999,"2007",252,107
102999,"2011",NA,NA
102999,"2008",78,38
102999,"2010",NA,NA
103032,"2005",87,39
103105,"2006",NA,NA
103105,"2005",191,87
103105,"2013",176,71
103105,"2010",120,41
103105,"2002",NA,NA
103105,"2009",387,186
103105,"2008",173,74
103105,"2004",NA,NA
103105,"2014",NA,NA
103105,"2003",449,200
103105,"2012",409,174
103105,"2011",567,252
103105,"2001",48,22
103105,"2007",NA,NA
103169,"2007",NA,NA
103169,"2008",1113,519
103169,"2005",540,221
103169,"2009",1017,452
103169,"2006",220,90
103169,"2003",288,139
103169,"2010",340,120
103169,"2004",654,278
103175,"2006",NA,NA
103175,"2007",26,8
103175,"2005",41,16
103181,"2005",726,303
103181,"2006",723,320
103181,"2003",377,149
103181,"2000",NA,NA
103181,"2008",NA,NA
103181,"2007",500,207
103181,"1995",59,34
103181,"2004",316,140
103181,"2002",108,40
103181,"2009",NA,NA
103181,"2001",1079,464
103185,"1997",NA,NA
103185,"2008",NA,NA
103185,"2002",65,29
103185,"2003",63,28
103185,"2001",84,29
103185,"2007",NA,NA
103185,"2000",110,51
103188,"2010",942,437
103188,"2006",NA,NA
103188,"2001",826,359
103188,"2012",569,247
103188,"2013",648,293
103188,"2007",729,313
103188,"2011",787,335
103188,"2009",188,96
103188,"2014",524,236
103188,"2000",248,100
103188,"2008",209,92
103188,"2003",63,28
103188,"2002",531,225
103188,"2015",NA,NA
103188,"1998",NA,NA
103204,"2002",NA,NA
103204,"2005",169,65
103204,"2003",NA,NA
103204,"2001",268,112
103204,"2006",89,41
103204,"2004",170,77
103204,"2007",86,43
103204,"2008",58,30
103204,"2000",NA,NA
103240,"2009",588,242
103240,"1999",NA,NA
103240,"2001",109,37
103240,"2006",597,270
103240,"2010",77,23
103240,"2005",1270,557
103240,"1996",NA,NA
103240,"2004",124,56
103240,"2002",107,49
103240,"2000",186,78
103240,"2003",NA,NA
103240,"2007",489,210
103240,"2008",NA,NA
103252,"2010",203,85
103252,"2003",NA,NA
103252,"2007",408,178
103252,"1998",205,76
103252,"2004",1424,633
103252,"2009",662,295
103252,"2000",NA,NA
103252,"1996",116,53
103252,"2002",NA,NA
103252,"1999",NA,NA
103252,"2001",1791,838
103252,"1997",NA,NA
103252,"2005",1242,580
103252,"2006",1037,501
103252,"2008",201,90
103305,"2000",235,102
103305,"2004",247,112
103305,"2005",50,21
103305,"2002",NA,NA
103305,"1997",NA,NA
103305,"2001",334,147
103339,"1998",NA,NA
103339,"2007",59,19
103339,"2004",32,12
103339,"2006",157,73
103373,"2009",166,56
103373,"2007",NA,NA
103373,"2000",72,33
103373,"2008",670,315
103373,"2005",NA,NA
103373,"2003",132,63
103373,"2006",245,123
103401,"2007",552,243
103401,"2011",202,101
103401,"2005",NA,NA
103401,"2014",57,28
103401,"2015",83,37
103401,"2004",556,250
103401,"2009",NA,NA
103401,"2016",NA,NA
103401,"2010",NA,NA
103401,"2006",NA,NA
103401,"2002",NA,NA
103401,"2000",NA,NA
103401,"2013",233,102
103401,"2008",332,136
103401,"2012",110,42
103408,"2002",477,241
103408,"2006",45,16
103408,"2003",957,426
103408,"2004",334,149
103408,"2005",89,42
103420,"1996",122,62
103420,"1997",NA,NA
103420,"2001",NA,NA
103420,"2005",440,218
103420,"2004",NA,NA
103420,"1998",68,27
103420,"2008",NA,NA
103420,"2002",307,125
103420,"2000",226,100
103420,"1999",105,58
103424,"2006",128,61
103448,"2008",45,15
103451,"2010",547,233
103451,"2002",164,66
103451,"2006",1064,457
103451,"1999",128,70
103451,"2007",429,192
103451,"2009",661,312
103451,"2011",215,89
103451,"1998",NA,NA
103451,"2014",133,64
103451,"2004",229,112
103451,"2012",644,269
103451,"2001",171,74
103451,"2008",160,61
103451,"2005",713,311
103451,"2013",180,75
103451,"2003",166,74
103451,"2000",NA,NA
103470,"2011",319,128
103470,"2012",NA,NA
103470,"2005",NA,NA
103470,"2009",681,274
103470,"2007",665,275
103470,"2008",346,135
103470,"2003",400,162
103470,"2004",218,80
103470,"2010",NA,NA
103470,"2006",227,84
103487,"2002",162,64
103487,"2007",NA,NA
103487,"2001",NA,NA
103487,"2005",189,87
103487,"2000",101,43
103487,"2006",76,25
103487,"1998",NA,NA
103490,"2009",327,152
103490,"2007",212,96
103490,"2006",79,33
103490,"2010",290,111
103490,"2004",NA,NA
103490,"2005",707,308
103490,"2008",580,242
103516,"2005",117,51
103516,"2006",178,57
103516,"2004",NA,NA
103516,"2007",146,54
103534,"2004",61,22
103534,"2012",65,40
103534,"2009",567,254
103534,"2007",690,303
103534,"2008",443,211
103534,"2011",NA,NA
103534,"2005",NA,NA
103534,"2006",71,27
103538,"2006",66,29
103543,"2010",71,22
103543,"2008",225,87
103565,"2010",762,352
103565,"2020",NA,NA
103565,"2011",207,92
103565,"2018",97,44
103565,"2015",219,100
103565,"2004",80,37
103565,"2017",276,116
103565,"2016",965,433
103565,"2014",424,203
103565,"2012",NA,NA
103565,"2013",161,79
103566,"2013",NA,NA
103566,"2000",376,152
103566,"2014",227,93
103566,"2008",NA,NA
103566,"2003",359,129
103566,"2006",NA,NA
103566,"2010",NA,NA
103566,"2009",794,344
103566,"2001",517,219
103566,"2002",NA,NA
103566,"2005",775,309
103566,"2007",974,405
103566,"2004",862,389
103566,"2011",NA,NA
103566,"2012",742,308
103582,"2016",313,133
103582,"2007",705,292
103582,"2010",1277,528
103582,"2005",67,23
103582,"2014",247,87
103582,"2015",474,157
103582,"2013",134,54
103582,"2011",970,396
103582,"2012",424,169
103582,"2004",NA,NA
103582,"2006",449,175
103582,"2008",NA,NA
103582,"2009",427,204
103656,"2005",790,365
103656,"2010",NA,NA
103656,"2007",NA,NA
103656,"2006",730,330
103656,"2008",1249,565
103656,"2012",543,217
103656,"2004",681,293
103656,"2014",730,311
103656,"2003",621,273
103656,"2017",39,15
103656,"2001",635,311
103656,"2011",1356,612
103656,"2002",1117,483
103656,"2009",NA,NA
103656,"2013",914,384
103656,"2015",416,175
103656,"2016",361,143
103675,"2006",124,59
103675,"2007",NA,NA
103675,"2009",495,205
103675,"2008",72,31
103675,"2010",NA,NA
103675,"2012",67,25
103675,"2011",158,65
103693,"2010",NA,NA
103693,"2006",234,95
103693,"2003",169,76
103693,"2008",261,103
103693,"2009",113,43
103693,"2007",206,98
103693,"2005",177,74
103693,"2002",NA,NA
103693,"2004",NA,NA
103700,"2002",NA,NA
103700,"2004",108,54
103700,"2007",NA,NA
103700,"2006",148,60
103700,"2005",75,34
103701,"2008",235,118
103701,"2007",NA,NA
103701,"2006",130,55
103702,"2006",33,13
103722,"2011",368,160
103722,"2010",1286,564
103722,"2004",179,88
103722,"2009",1466,657
103722,"2003",NA,NA
103722,"2014",NA,NA
103722,"2006",1296,585
103722,"2005",602,287
103722,"2007",NA,NA
103722,"2013",NA,NA
103722,"2002",NA,NA
103722,"2012",340,136
103722,"2008",1204,534
103737,"2005",111,44
103737,"2006",299,129
103737,"2002",NA,NA
103737,"2003",46,15
103747,"2009",NA,NA
103747,"2011",NA,NA
103747,"2008",105,48
103747,"2006",26,6
103747,"2007",131,63
103747,"2010",50,22
103761,"2004",53,20
103761,"2007",84,45
103761,"2008",NA,NA
103761,"2006",NA,NA
103761,"2005",97,43
103763,"2008",97,43
103794,"2007",NA,NA
103794,"2006",573,247
103794,"2011",347,137
103794,"2008",779,307
103794,"2015",NA,NA
103794,"2010",NA,NA
103794,"2016",707,281
103794,"2014",1327,580
103794,"2012",698,303
103794,"2013",876,361
103794,"2017",NA,NA
103794,"2009",764,291
103823,"2006",478,200
103823,"2009",266,104
103823,"2008",NA,NA
103823,"2012",27,14
103823,"2011",328,127
103823,"2002",NA,NA
103823,"2007",NA,NA
103823,"2005",96,44
103850,"2008",114,41
103850,"2009",80,41
103850,"2011",NA,NA
103868,"2008",526,199
103868,"2006",219,86
103868,"2007",NA,NA
103868,"2011",76,25
103868,"2010",209,66
103868,"2004",NA,NA
103868,"2005",109,49
103868,"2009",812,334
103868,"2012",43,13
103893,"2014",640,291
103893,"2017",NA,NA
103893,"2011",104,50
103893,"2010",NA,NA
103893,"2016",1414,625
103893,"2015",NA,NA
103893,"2007",53,20
103893,"2012",705,318
103893,"2013",NA,NA
103893,"2019",523,201
103893,"2006",NA,NA
103893,"2009",NA,NA
103893,"2021",NA,NA
103893,"2018",631,259
103893,"2020",105,44
103898,"2004",798,360
103898,"2018",694,317
103898,"2006",1372,596
103898,"2014",NA,NA
103898,"2009",1493,671
103898,"2002",NA,NA
103898,"2013",NA,NA
103898,"2001",62,35
103898,"2016",681,305
103898,"2008",NA,NA
103898,"2015",134,47
103898,"2017",784,346
103898,"2005",527,233
103898,"2003",224,103
103898,"2011",1136,490
103898,"2012",NA,NA
103898,"2010",NA,NA
103898,"2007",1403,626
103917,"2019",243,106
103917,"2006",767,278
103917,"2010",358,125
103917,"2011",NA,NA
103917,"2016",1179,506
103917,"2017",937,376
103917,"2003",247,106
103917,"2018",382,146
103917,"2021",NA,NA
103917,"2009",215,88
103917,"2012",1024,422
103917,"2007",1212,514
103917,"2001",186,68
103917,"2015",NA,NA
103917,"2002",NA,NA
103917,"2005",148,58
103917,"2000",NA,NA
103917,"2008",1119,437
103917,"2013",712,292
103917,"2004",NA,NA
103917,"2014",869,344
104023,"2011",61,23
104025,"2006",157,55
104025,"2008",382,162
104025,"2012",NA,NA
104025,"2005",143,49
104025,"2004",186,62
104025,"2009",294,107
104025,"2011",NA,NA
104025,"2010",NA,NA
104025,"2003",134,38
104025,"2007",900,342
104035,"2010",NA,NA
104035,"2012",275,119
104035,"2005",385,155
104035,"2008",971,416
104035,"2006",347,147
104035,"2011",NA,NA
104035,"2013",215,84
104035,"2004",NA,NA
104035,"2007",NA,NA
104035,"2009",408,142
104035,"2003",NA,NA
104043,"2016",NA,NA
104043,"2010",NA,NA
104043,"2008",83,35
104043,"2005",145,67
104043,"2007",NA,NA
104043,"2001",187,89
104043,"2013",NA,NA
104043,"2014",NA,NA
104043,"2003",163,66
104043,"2004",446,209
104043,"2002",85,33
104068,"2003",NA,NA
104068,"2002",466,189
104068,"2011",180,76
104068,"2005",1724,793
104068,"2010",687,302
104068,"2006",NA,NA
104068,"2008",NA,NA
104068,"2007",887,401
104068,"2013",91,35
104068,"2009",951,405
104068,"2014",280,109
104068,"2001",230,109
104068,"2004",NA,NA
104068,"2012",200,84
104091,"2008",120,55
104149,"2008",53,14
104166,"2001",NA,NA
104166,"2003",404,178
104166,"2012",NA,NA
104166,"2011",1447,666
104166,"2009",130,48
104166,"2005",NA,NA
104166,"2008",NA,NA
104166,"2004",660,295
104166,"2013",NA,NA
104166,"2006",151,66
104166,"2010",NA,NA
104166,"2014",220,105
104166,"2002",91,44
104167,"2009",131,60
104167,"2004",NA,NA
104167,"2005",67,36
104167,"2006",48,24
104173,"2006",87,39
104173,"2007",75,36
104173,"2008",236,103
104196,"2001",35,18
104196,"2002",NA,NA
104196,"2006",130,55
104198,"2014",1558,712
104198,"2009",1469,693
104198,"2008",NA,NA
104198,"2013",NA,NA
104198,"2016",1517,656
104198,"2010",1512,713
104198,"2017",534,227
104198,"2004",333,154
104198,"2018",1268,571
104198,"2011",1385,657
104198,"2005",1177,518
104198,"2019",373,146
104198,"2007",1072,461
104198,"2006",993,440
104198,"2015",NA,NA
104198,"2012",1379,594
104198,"2003",NA,NA
104216,"2009",NA,NA
104216,"2013",71,28
104216,"2015",NA,NA
104216,"2008",266,120
104216,"2014",258,127
104216,"2016",201,92
104216,"2011",436,172
104216,"2012",NA,NA
104216,"2010",368,174
104216,"2007",NA,NA
104216,"2017",63,29
104224,"2005",46,16
104224,"2006",41,14
104230,"2008",45,18
104230,"2009",719,308
104230,"2007",72,39
104230,"2003",NA,NA
104230,"2005",123,51
104230,"2010",NA,NA
104230,"2004",125,58
104256,"2012",44,18
104262,"2006",NA,NA
104262,"2011",421,189
104262,"2012",1086,505
104262,"2009",NA,NA
104262,"2010",NA,NA
104262,"2008",448,214
104262,"2013",246,97
104262,"2007",61,35
104269,"2022",408,169
104269,"2017",1555,743
104269,"2002",65,28
104269,"2007",NA,NA
104269,"2008",NA,NA
104269,"2015",1540,666
104269,"2014",1409,621
104269,"2004",1447,631
104269,"2019",1478,670
104269,"2016",1439,620
104269,"2020",326,150
104269,"2023",NA,NA
104269,"2005",NA,NA
104269,"2012",1477,658
104269,"2010",NA,NA
104269,"2011",NA,NA
104269,"2018",1755,811
104269,"2006",NA,NA
104269,"2021",242,91
104269,"2013",NA,NA
104269,"2003",NA,NA
104269,"2009",NA,NA
104273,"2011",570,266
104273,"2009",156,70
104273,"2007",387,153
104273,"2013",1505,644
104273,"2010",240,105
104273,"2008",133,47
104273,"2004",91,34
104273,"2012",1073,469
104273,"2015",539,202
104273,"2014",1281,554
104273,"2016",147,65
104291,"2017",1133,507
104291,"2011",NA,NA
104291,"2023",NA,NA
104291,"2015",898,367
104291,"2019",509,199
104291,"2022",80,26
104291,"2012",464,198
104291,"2003",NA,NA
104291,"2004",NA,NA
104291,"2021",130,56
104291,"2014",422,174
104291,"2016",1180,485
104291,"2013",NA,NA
104291,"2020",NA,NA
104291,"2018",1210,534
104291,"2008",NA,NA
104314,"2009",371,151
104314,"2011",295,124
104314,"2008",175,80
104314,"2010",228,86
104330,"2012",399,157
104330,"2016",NA,NA
104330,"2009",398,144
104330,"2006",NA,NA
104330,"2004",115,41
104330,"2005",124,55
104330,"2003",36,17
104330,"2011",117,39
104330,"2013",482,200
104330,"2007",85,31
104330,"2008",123,55
104330,"2002",NA,NA
104330,"2010",577,190
104330,"2017",116,42
104330,"2014",265,93
104330,"2015",396,151
104332,"2007",NA,NA
104332,"2009",1208,472
104332,"2012",NA,NA
104332,"2014",94,37
104332,"2013",212,79
104332,"2008",546,247
104332,"2003",138,46
104332,"2011",NA,NA
104332,"2010",1059,466
104332,"2005",NA,NA
104332,"2004",40,12
104460,"2013",217,96
104460,"2011",375,135
104460,"2015",NA,NA
104460,"2003",NA,NA
104460,"2017",701,244
104460,"2018",NA,NA
104460,"2016",683,265
104460,"2019",81,31
104460,"2014",686,297
104460,"2010",459,177
104460,"2021",NA,NA
104460,"2012",273,85
104515,"2008",86,41
104515,"2007",187,79
104515,"2009",57,24
104515,"2006",77,40
104547,"2016",460,172
104547,"2009",249,109
104547,"2012",319,132
104547,"2015",149,60
104547,"2014",353,140
104547,"2018",680,265
104547,"2017",1165,496
104547,"2013",NA,NA
104547,"2011",314,121
104547,"2010",NA,NA
104548,"2012",787,364
104548,"2004",208,85
104548,"2002",NA,NA
104548,"2016",358,133
104548,"2005",167,68
104548,"2013",227,101
104548,"2003",NA,NA
104593,"2012",463,199
104593,"2015",839,367
104593,"2016",437,184
104593,"2009",703,283
104593,"2011",906,404
104593,"2018",NA,NA
104593,"2005",NA,NA
104593,"2014",757,315
104593,"2006",127,58
104593,"2010",1105,430
104593,"2004",NA,NA
104593,"2013",1097,468
104593,"2017",NA,NA
104593,"2008",334,152
104628,"2014",108,40
104628,"2013",40,22
104628,"2010",NA,NA
104628,"2016",NA,NA
104628,"2012",NA,NA
104628,"2011",41,15
104628,"2015",NA,NA
104628,"2007",72,28
104628,"2008",163,67
104629,"2015",171,65
104629,"2012",NA,NA
104629,"2018",153,66
104629,"2013",NA,NA
104629,"2019",86,35
104629,"2017",158,68
104633,"2011",58,28
104651,"2014",87,31
104651,"2013",368,140
104665,"2014",NA,NA
104665,"2018",407,197
104665,"2023",NA,NA
104665,"2016",227,112
104665,"2019",NA,NA
104665,"2008",263,122
104665,"2015",NA,NA
104665,"2020",428,205
104665,"2021",NA,NA
104665,"2012",1556,745
104665,"2013",1369,635
104665,"2007",154,71
104665,"2009",393,163
104665,"2011",1261,566
104665,"2010",457,224
104665,"2022",553,254
104672,"2018",63,25
104672,"2009",NA,NA
104672,"2011",NA,NA
104672,"2016",221,114
104672,"2017",251,105
104672,"2014",110,55
104672,"2012",33,16
104672,"2015",NA,NA
104714,"2012",60,27
104714,"2010",336,149
104714,"2006",NA,NA
104714,"2015",83,37
104714,"2011",218,95
104714,"2007",NA,NA
104714,"2013",326,126
104714,"2014",310,138
104717,"2004",NA,NA
104717,"2005",NA,NA
104717,"2009",198,68
104717,"2010",96,37
104717,"2008",187,55
104719,"2007",110,51
104719,"2006",NA,NA
104719,"2008",921,383
104719,"2017",574,241
104719,"2014",1393,609
104719,"2015",915,401
104719,"2019",498,218
104719,"2011",1268,559
104719,"2016",NA,NA
104719,"2018",220,79
104719,"2013",NA,NA
104719,"2010",1148,520
104719,"2009",1206,507
104719,"2012",NA,NA
104721,"2010",168,64
104721,"2013",NA,NA
104721,"2009",299,126
104721,"2008",172,61
104731,"2016",1020,417
104731,"2009",218,84
104731,"2012",NA,NA
104731,"2022",136,45
104731,"2015",2209,904
104731,"2007",NA,NA
104731,"2013",1853,786
104731,"2014",NA,NA
104731,"2018",NA,NA
104731,"2020",561,212
104731,"2019",332,145
104731,"2008",NA,NA
104731,"2017",1520,629
104731,"2011",NA,NA
104731,"2010",945,389
104731,"2021",730,273
104731,"2023",110,51
104735,"2013",NA,NA
104735,"2010",465,225
104735,"2008",NA,NA
104735,"2019",NA,NA
104735,"2016",250,120
104735,"2007",NA,NA
104735,"2017",109,53
104735,"2011",938,421
104735,"2014",NA,NA
104735,"2015",171,90
104735,"2012",759,355
104812,"2009",62,22
104812,"2005",183,71
104812,"2007",116,50
104812,"2008",NA,NA
104812,"2006",133,54
104812,"2004",NA,NA
104851,"2013",NA,NA
104851,"2006",16,5
104851,"2008",230,106
104851,"2011",55,22
104851,"2005",NA,NA
104871,"2017",NA,NA
104871,"2012",1211,515
104871,"2019",1381,586
104871,"2023",135,61
104871,"2016",1088,476
104871,"2013",1467,639
104871,"2015",1556,691
104871,"2008",649,259
104871,"2020",202,98
104871,"2010",1438,596
104871,"2006",106,45
104871,"2007",NA,NA
104871,"2009",NA,NA
104871,"2014",1593,709
104871,"2011",NA,NA
104871,"2018",1346,565
104871,"2021",NA,NA
104897,"2015",205,100
104897,"2007",69,23
104897,"2014",169,70
104897,"2013",146,60
104897,"2008",NA,NA
104897,"2021",NA,NA
104897,"2012",706,308
104897,"2016",NA,NA
104897,"2018",239,105
104897,"2011",391,151
104897,"2019",212,95
104897,"2010",99,46
104932,"2015",385,154
104932,"2014",602,213
104932,"2018",NA,NA
104932,"2016",167,68
104932,"2017",235,106
104932,"2013",NA,NA
104932,"2011",NA,NA
104932,"2012",127,47
104948,"2010",39,18
104976,"2011",911,423
104976,"2009",245,110
104976,"2005",NA,NA
104976,"2007",176,67
104976,"2012",474,215
104976,"2013",NA,NA
104976,"2006",117,51
104976,"2008",74,31
104976,"2010",400,182
104978,"2010",769,285
104978,"2007",42,8
104978,"2011",309,111
104978,"2017",136,37
104978,"2019",51,21
104978,"2015",77,36
104978,"2013",NA,NA
104978,"2012",432,174
104978,"2018",NA,NA
104978,"2009",366,154
104978,"2008",142,53
104978,"2014",NA,NA
104978,"2016",207,87
104999,"2015",445,193
104999,"2013",219,94
104999,"2017",1634,642
104999,"2021",NA,NA
104999,"2011",516,188
104999,"2010",NA,NA
104999,"2016",681,297
104999,"2012",NA,NA
104999,"2018",1341,576
104999,"2006",166,68
104999,"2008",NA,NA
104999,"2007",407,181
104999,"2019",321,96
104999,"2009",1038,459
104999,"2020",66,24
105023,"2006",481,181
105023,"2016",1539,591
105023,"2009",NA,NA
105023,"2022",319,108
105023,"2011",716,296
105023,"2018",1376,561
105023,"2013",NA,NA
105023,"2010",NA,NA
105023,"2017",NA,NA
105023,"2007",1168,458
105023,"2014",NA,NA
105023,"2012",NA,NA
105023,"2008",NA,NA
105023,"2019",1112,458
105023,"2021",NA,NA
105023,"2020",312,117
105023,"2015",1179,429
105028,"2013",592,245
105028,"2008",NA,NA
105028,"2010",153,64
105028,"2011",NA,NA
105028,"2006",NA,NA
105028,"2007",104,42
105028,"2012",677,299
105028,"2009",454,215
105032,"2015",NA,NA
105032,"2016",502,160
105032,"2008",59,22
105032,"2009",92,30
105032,"2014",NA,NA
105032,"2013",179,63
105032,"2017",159,58
105051,"2016",NA,NA
105051,"2012",NA,NA
105051,"2013",NA,NA
105051,"2024",NA,NA
105051,"2017",474,213
105051,"2021",264,115
105051,"2019",557,227
105051,"2010",64,21
105051,"2014",565,220
105051,"2022",NA,NA
105051,"2011",467,195
105051,"2015",221,94
105051,"2018",1178,496
105065,"2017",253,102
105065,"2015",504,193
105065,"2014",436,185
105065,"2010",151,72
105065,"2012",298,135
105065,"2016",537,218
105065,"2018",545,239
105065,"2013",678,301
105065,"2011",258,108
105065,"2008",NA,NA
105065,"2019",84,30
105077,"2017",2025,905
105077,"2018",1408,618
105077,"2021",1412,673
105077,"2011",854,399
105077,"2016",1963,868
105077,"2012",NA,NA
105077,"2020",656,277
105077,"2023",1073,487
105077,"2024",264,116
105077,"2022",NA,NA
105077,"2015",1058,448
105077,"2010",138,68
105077,"2019",1290,580
105077,"2013",NA,NA
105077,"2014",792,359
105113,"2017",96,35
105113,"2012",48,22
105113,"2014",NA,NA
105128,"2011",50,23
105128,"2013",64,26
105137,"2007",49,20
105137,"2015",NA,NA
105137,"2016",NA,NA
105137,"2010",559,246
105137,"2012",170,69
105137,"2013",NA,NA
105137,"2011",708,308
105137,"2009",162,69
105137,"2014",NA,NA
105154,"2010",138,51
105154,"2014",114,46
105154,"2017",97,31
105154,"2015",NA,NA
105154,"2016",65,21
105154,"2013",105,31
105154,"2011",394,162
105154,"2012",NA,NA
105173,"2015",NA,NA
105173,"2014",1099,504
105173,"2023",NA,NA
105173,"2022",NA,NA
105173,"2020",870,391
105173,"2016",1516,671
105173,"2008",149,65
105173,"2011",1096,468
105173,"2019",1363,621
105173,"2021",975,380
105173,"2024",NA,NA
105173,"2010",164,74
105173,"2018",1551,684
105173,"2017",1783,830
105173,"2013",727,322
105173,"2009",NA,NA
105173,"2012",184,74
105181,"2017",67,23
105332,"2014",764,337
105332,"2016",1648,706
105332,"2010",206,82
105332,"2024",145,74
105332,"2023",NA,NA
105332,"2018",1629,706
105332,"2013",1586,697
105332,"2019",1643,698
105332,"2011",414,190
105332,"2012",1590,718
105332,"2020",655,295
105332,"2021",1066,440
105332,"2017",1521,641
105332,"2015",1130,497
105332,"2022",676,271
105357,"2016",1248,563
105357,"2019",1195,550
105357,"2010",NA,NA
105357,"2011",NA,NA
105357,"2022",680,286
105357,"2023",134,55
105357,"2015",421,191
105357,"2012",65,35
105357,"2018",1246,580
105357,"2017",341,151
105357,"2020",960,448
105357,"2013",142,56
105357,"2021",NA,NA
105359,"2017",NA,NA
105359,"2022",NA,NA
105359,"2023",72,28
105359,"2018",125,51
105359,"2021",136,53
105359,"2020",211,88
105359,"2019",NA,NA
105376,"2010",NA,NA
105376,"2018",1224,529
105376,"2019",820,348
105376,"2012",NA,NA
105376,"2017",608,261
105376,"2013",233,115
105376,"2015",105,47
105376,"2014",NA,NA
105376,"2022",NA,NA
105376,"2021",635,285
105376,"2016",79,27
105376,"2020",126,47
105379,"2013",780,346
105379,"2017",1031,439
105379,"2012",NA,NA
105379,"2015",957,422
105379,"2018",NA,NA
105379,"2014",319,130
105379,"2020",651,262
105379,"2010",NA,NA
105379,"2011",NA,NA
105379,"2022",NA,NA
105379,"2016",994,421
105379,"2019",NA,NA
105379,"2021",858,369
105406,"2021",55,26
105406,"2017",NA,NA
105406,"2020",80,33
105430,"2009",NA,NA
105430,"2016",529,240
105430,"2021",558,228
105430,"2017",864,371
105430,"2019",1464,681
105430,"2024",347,155
105430,"2023",488,211
105430,"2018",1028,489
105430,"2022",555,258
105430,"2015",NA,NA
105430,"2012",NA,NA
105430,"2020",NA,NA
105430,"2013",NA,NA
105430,"2014",NA,NA
105432,"2017",76,26
105432,"2018",172,80
105432,"2023",NA,NA
105432,"2020",138,59
105432,"2022",NA,NA
105432,"2019",441,160
105432,"2021",64,29
105449,"2011",NA,NA
105449,"2017",NA,NA
105449,"2021",723,287
105449,"2020",366,150
105449,"2010",NA,NA
105449,"2015",NA,NA
105449,"2012",251,88
105449,"2014",NA,NA
105449,"2019",891,354
105449,"2023",149,49
105449,"2013",442,141
105449,"2024",NA,NA
105449,"2016",1629,647
105449,"2018",1367,555
105449,"2022",NA,NA
105472,"2013",79,26
105477,"2019",101,38
105477,"2023",NA,NA
105477,"2018",232,111
105477,"2020",NA,NA
105477,"2021",136,53
105477,"2022",NA,NA
105477,"2024",160,58
105477,"2012",52,25
105477,"2016",228,100
105477,"2013",61,24
105477,"2017",139,58
105487,"2021",NA,NA
105487,"2022",577,251
105487,"2024",177,71
105487,"2015",134,52
105487,"2012",82,38
105487,"2014",219,77
105487,"2011",NA,NA
105487,"2019",161,69
105487,"2017",386,147
105487,"2018",178,70
105487,"2020",146,63
105487,"2016",379,163
105487,"2023",NA,NA
105512,"2016",59,25
105512,"2015",79,40
105512,"2021",NA,NA
105526,"2018",1356,558
105526,"2020",774,354
105526,"2017",1576,667
105526,"2015",NA,NA
105526,"2016",1021,439
105526,"2023",1027,444
105526,"2022",NA,NA
105526,"2014",839,376
105526,"2019",1753,767
105526,"2013",431,203
105526,"2024",NA,NA
105526,"2021",NA,NA
105542,"2015",41,17
105550,"2019",1754,841
105550,"2020",517,230
105550,"2021",687,323
105550,"2012",NA,NA
105550,"2015",145,57
105550,"2017",NA,NA
105550,"2013",565,243
105550,"2016",1263,569
105550,"2014",171,70
105550,"2023",651,275
105550,"2018",NA,NA
105558,"2013",NA,NA
105558,"2011",86,37
105558,"2010",228,91
105558,"2012",347,145
105558,"2009",60,30
105561,"2023",NA,NA
105561,"2012",101,45
105561,"2014",NA,NA
105561,"2016",102,47
105561,"2017",475,203
105561,"2022",NA,NA
105561,"2011",70,33
105561,"2019",114,45
105561,"2021",95,36
105561,"2018",75,29
105577,"2014",NA,NA
105577,"2020",672,281
105577,"2008",NA,NA
105577,"2015",NA,NA
105577,"2013",NA,NA
105577,"2022",NA,NA
105577,"2011",NA,NA
105577,"2023",96,38
105577,"2021",602,237
105577,"2019",359,140
105577,"2018",608,226
105577,"2012",NA,NA
105577,"2024",23,11
105577,"2017",652,255
105577,"2016",883,329
105643,"2018",774,345
105643,"2022",690,293
105643,"2017",547,246
105643,"2020",603,267
105643,"2021",NA,NA
105643,"2013",526,226
105643,"2009",NA,NA
105643,"2014",1241,531
105643,"2015",NA,NA
105643,"2010",NA,NA
105643,"2011",122,54
105643,"2012",350,155
105643,"2016",1593,731
105643,"2019",980,456
105643,"2023",83,38
105649,"2016",NA,NA
105649,"2011",163,80
105649,"2012",NA,NA
105649,"2017",359,174
105649,"2019",425,181
105649,"2018",NA,NA
105649,"2013",74,30
105649,"2021",94,38
105649,"2022",53,28
105649,"2020",155,63
105650,"2016",52,20
105655,"2022",77,34
105655,"2016",NA,NA
105655,"2015",105,43
105655,"2014",NA,NA
105655,"2012",130,49
105677,"2016",54,20
105678,"2014",79,48
105732,"2020",551,238
105732,"2022",116,42
105732,"2014",359,115
105732,"2013",108,43
105732,"2019",1142,468
105732,"2017",812,299
105732,"2016",610,235
105732,"2018",1296,518
105732,"2023",108,55
105732,"2015",369,144
105732,"2024",97,38
105732,"2021",647,261
105807,"2013",359,155
105807,"2015",1124,502
105807,"2011",NA,NA
105807,"2019",1643,795
105807,"2021",NA,NA
105807,"2017",NA,NA
105807,"2014",NA,NA
105807,"2023",155,71
105807,"2016",1864,872
105807,"2022",NA,NA
105807,"2018",1536,736
105807,"2020",957,458
105807,"2024",446,205
105815,"2018",994,417
105815,"2021",NA,NA
105815,"2019",903,374
105815,"2017",195,87
105815,"2020",730,301
105815,"2022",NA,NA
105815,"2024",NA,NA
105819,"2023",85,34
105819,"2019",546,233
105819,"2018",268,118
105819,"2024",NA,NA
105819,"2016",NA,NA
105819,"2015",40,23
105819,"2012",NA,NA
105819,"2017",86,34
105826,"2015",65,20
105870,"2019",NA,NA
105870,"2021",NA,NA
105870,"2020",274,125
105870,"2024",1107,474
105870,"2023",NA,NA
105870,"2022",341,141
105870,"2018",237,87
105870,"2017",356,155
105874,"2016",NA,NA
105874,"2013",71,26
105874,"2012",81,32
105874,"2014",155,49
105881,"2017",54,22
105881,"2016",192,60
105882,"2020",422,187
105882,"2018",296,112
105882,"2021",835,336
105882,"2023",NA,NA
105882,"2017",178,73
105882,"2022",228,92
105882,"2014",NA,NA
105882,"2019",350,149
105902,"2023",172,73
105902,"2015",600,234
105902,"2021",NA,NA
105902,"2020",330,115
105902,"2012",123,48
105902,"2018",234,82
105902,"2022",611,262
105902,"2014",216,77
105902,"2013",393,157
105902,"2019",NA,NA
105902,"2024",640,265
105902,"2017",NA,NA
105902,"2016",398,160
105948,"2022",871,399
105948,"2023",582,263
105948,"2024",603,285
105948,"2018",39,22
105948,"2021",NA,NA
105948,"2020",385,183
105952,"2022",NA,NA
105952,"2021",NA,NA
105952,"2020",120,51
105952,"2018",NA,NA
105952,"2017",598,251
105952,"2015",119,54
105952,"2016",565,240
105952,"2014",56,24
105963,"2017",248,89
105963,"2019",NA,NA
105963,"2015",59,20
105992,"2020",50,21
105992,"2008",35,15
105992,"2019",206,83
105992,"2015",NA,NA
105992,"2017",NA,NA
105992,"2012",NA,NA
105992,"2014",396,143
105992,"2011",951,401
105992,"2018",NA,NA
105992,"2021",NA,NA
105992,"2016",679,280
105992,"2013",828,337
105992,"2010",405,167
106034,"2022",NA,NA
106034,"2014",NA,NA
106034,"2015",NA,NA
106034,"2024",93,44
106034,"2018",78,32
106034,"2019",99,42
106034,"2020",240,103
106034,"2021",399,153
106034,"2017",111,49
106034,"2013",NA,NA
106044,"2022",NA,NA
106044,"2021",NA,NA
106044,"2018",503,232
106044,"2017",593,246
106044,"2016",91,49
106045,"2014",246,108
106045,"2020",NA,NA
106045,"2019",823,334
106045,"2012",271,111
106045,"2022",615,268
106045,"2017",62,26
106045,"2023",NA,NA
106045,"2018",786,331
106045,"2016",721,301
106045,"2011",100,38
106045,"2024",107,50
106045,"2021",609,264
106045,"2010",52,25
106045,"2013",437,197
106045,"2015",NA,NA
106058,"2017",NA,NA
106058,"2021",345,159
106058,"2016",1699,728
106058,"2023",151,63
106058,"2014",1155,476
106058,"2012",365,138
106058,"2022",NA,NA
106058,"2019",NA,NA
106058,"2010",NA,NA
106058,"2011",108,46
106058,"2018",NA,NA
106058,"2020",222,99
106058,"2015",NA,NA
106058,"2013",573,228
106065,"2020",543,232
106065,"2015",NA,NA
106065,"2023",534,215
106065,"2022",295,139
106065,"2018",NA,NA
106065,"2019",NA,NA
106065,"2021",926,378
106065,"2013",NA,NA
106065,"2014",NA,NA
106065,"2017",139,57
106065,"2016",283,108
106075,"2016",427,192
106075,"2017",247,103
106075,"2020",162,61
106075,"2019",262,99
106075,"2021",296,128
106075,"2018",375,168
106075,"2022",106,49
106075,"2023",NA,NA
106075,"2024",218,89
106099,"2017",NA,NA
106099,"2019",291,139
106099,"2022",NA,NA
106099,"2021",682,305
106099,"2020",590,253
106099,"2018",174,84
106099,"2016",NA,NA
106109,"2022",NA,NA
106109,"2020",186,84
106109,"2023",57,23
106109,"2024",132,51
106109,"2021",339,146
106109,"2018",247,88
106109,"2017",NA,NA
106109,"2019",213,92
106109,"2015",NA,NA
106120,"2018",116,46
106121,"2015",NA,NA
106121,"2018",1059,502
106121,"2024",893,373
106121,"2017",424,190
106121,"2020",179,76
106121,"2023",723,321
106121,"2016",760,358
106121,"2022",803,354
106121,"2014",NA,NA
106121,"2021",NA,NA
106121,"2019",700,296
106137,"2021",57,30
106137,"2016",90,36
106137,"2017",NA,NA
106137,"2019",42,14
106148,"2019",1074,489
106148,"2024",1366,625
106148,"2014",205,105
106148,"2018",908,404
106148,"2020",418,184
106148,"2017",156,75
106148,"2021",NA,NA
106148,"2022",772,336
106148,"2023",1132,500
106148,"2016",370,159
106148,"2015",76,35
106148,"2013",NA,NA
106162,"2022",128,64
106186,"2022",NA,NA
106186,"2010",NA,NA
106186,"2018",187,87
106186,"2021",54,20
106186,"2014",59,32
106186,"2019",NA,NA
106186,"2024",101,49
106186,"2023",735,316
106214,"2023",NA,NA
106214,"2021",334,161
106214,"2022",NA,NA
106214,"2020",99,44
106214,"2018",105,50
106214,"2024",NA,NA
106214,"2019",107,43
106216,"2018",209,98
106216,"2022",NA,NA
106216,"2021",164,73
106216,"2015",NA,NA
106216,"2016",464,217
106216,"2023",NA,NA
106216,"2019",253,102
106216,"2017",578,258
106218,"2014",NA,NA
106218,"2022",1239,514
106218,"2024",1453,631
106218,"2023",1426,614
106218,"2020",500,218
106218,"2018",43,22
106218,"2019",186,74
106218,"2021",NA,NA
106225,"2017",119,55
106225,"2016",39,18
106234,"2016",NA,NA
106234,"2023",1086,446
106234,"2015",68,35
106234,"2021",NA,NA
106234,"2020",154,69
106234,"2024",339,152
106234,"2022",1332,584
106234,"2013",NA,NA
106234,"2014",NA,NA
106249,"2019",NA,NA
106249,"2015",NA,NA
106249,"2020",77,39
106249,"2018",63,23
106249,"2017",96,44
106261,"2016",193,70
106261,"2017",86,41
106261,"2012",85,30
106261,"2015",NA,NA
106283,"2019",NA,NA
106283,"2020",56,26
106283,"2021",NA,NA
106283,"2024",229,93
106283,"2023",45,22
106283,"2014",NA,NA
106283,"2022",215,80
106283,"2017",101,49
106283,"2018",122,57
106290,"2014",86,36
106290,"2015",NA,NA
106290,"2013",70,29
106296,"2021",222,89
106296,"2017",NA,NA
106296,"2022",141,54
106296,"2023",1230,508
106296,"2020",403,156
106296,"2024",323,137
106296,"2018",NA,NA
106296,"2016",NA,NA
106296,"2019",381,173
106298,"2018",1445,608
106298,"2016",NA,NA
106298,"2024",NA,NA
106298,"2019",1231,508
106298,"2023",57,25
106298,"2013",131,52
106298,"2015",708,316
106298,"2017",1716,780
106298,"2022",271,121
106298,"2021",471,181
106298,"2014",153,59
106328,"2021",103,49
106328,"2013",62,29
106328,"2016",NA,NA
106328,"2017",NA,NA
106328,"2022",64,26
106328,"2018",86,39
106329,"2019",NA,NA
106329,"2017",1220,498
106329,"2022",NA,NA
106329,"2020",516,217
106329,"2016",349,134
106329,"2018",535,228
106329,"2023",NA,NA
106329,"2021",NA,NA
106329,"2024",661,274
106331,"2020",117,53
106331,"2023",1164,470
106331,"2017",NA,NA
106331,"2022",605,254
106331,"2024",948,402
106331,"2021",419,159
106361,"2016",149,59
106361,"2018",105,48
106361,"2017",169,55
106390,"2015",50,23
106398,"2019",61,25
106398,"2022",372,168
106398,"2023",NA,NA
106398,"2024",457,185
106398,"2020",35,16
106398,"2018",NA,NA
106398,"2016",NA,NA
106415,"2018",612,304
106415,"2021",NA,NA
106415,"2016",605,287
106415,"2023",1175,540
106415,"2020",772,367
106415,"2024",NA,NA
106415,"2022",921,450
106415,"2015",264,122
106415,"2019",NA,NA
106415,"2014",NA,NA
106415,"2017",463,224
106420,"2017",147,66
106421,"2024",1939,931
106421,"2016",292,135
106421,"2020",1023,538
106421,"2018",NA,NA
106421,"2017",NA,NA
106421,"2022",1662,817
106421,"2023",NA,NA
106421,"2019",2118,1081
106421,"2021",NA,NA
109303,"2023",NA,NA
109303,"2017",88,46
109303,"2024",173,84
109686,"2023",83,33
110602,"2023",NA,NA
110602,"2019",NA,NA
110602,"2017",76,30
110602,"2015",68,36
110602,"2022",NA,NA
110602,"2021",471,190
110602,"2020",488,219
110602,"2013",NA,NA
110602,"2016",153,70
110602,"2018",359,167
110748,"2022",93,47
110748,"2019",46,24
110748,"2014",47,26
110748,"2021",44,14
110748,"2020",146,76
111153,"2016",NA,NA
111153,"2017",113,31
111153,"2015",NA,NA
111153,"2023",1162,453
111153,"2022",238,78
111153,"2019",223,84
111153,"2020",NA,NA
111153,"2018",NA,NA
111153,"2021",123,47
111153,"2024",762,288
111197,"2018",80,39
111202,"2019",452,187
111202,"2013",NA,NA
111202,"2017",1248,607
111202,"2016",563,265
111202,"2015",NA,NA
111202,"2014",NA,NA
111202,"2018",1251,596
111442,"2023",1054,434
111442,"2014",NA,NA
111442,"2021",1176,505
111442,"2022",NA,NA
111442,"2019",1286,573
111442,"2016",406,159
111442,"2024",NA,NA
111442,"2018",399,167
111442,"2017",892,396
111442,"2020",650,283
111442,"2015",NA,NA
111456,"2022",1426,644
111456,"2016",NA,NA
111456,"2023",NA,NA
111456,"2021",NA,NA
111456,"2024",534,240
111456,"2019",591,248
111456,"2018",698,303
111456,"2013",NA,NA
111456,"2020",390,179
111460,"2022",458,183
111460,"2017",226,85
111460,"2024",565,216
111460,"2018",181,82
111460,"2015",NA,NA
111460,"2021",NA,NA
111460,"2023",901,342
111460,"2019",NA,NA
111460,"2016",274,117
111460,"2020",NA,NA
111575,"2020",1119,552
111575,"2018",1930,893
111575,"2013",NA,NA
111575,"2017",1702,748
111575,"2024",1653,782
111575,"2023",1484,691
111575,"2016",641,268
111575,"2014",NA,NA
111575,"2019",1820,799
111575,"2022",NA,NA
111575,"2015",NA,NA
111575,"2021",NA,NA
111577,"2014",NA,NA
111577,"2018",889,377
111577,"2019",71,31
111577,"2016",501,209
111577,"2017",NA,NA
111577,"2015",302,122
111581,"2021",119,39
111581,"2020",190,72
111581,"2019",NA,NA
111581,"2018",409,177
111581,"2017",NA,NA
111581,"2023",696,331
111581,"2022",NA,NA
111581,"2024",191,86
111581,"2016",NA,NA
111815,"2022",NA,NA
111815,"2021",1982,964
111815,"2023",1722,798
111815,"2024",NA,NA
111815,"2017",133,51
111815,"2018",1076,465
111815,"2019",1148,502
111815,"2020",681,304
117358,"2021",31,12
117360,"2019",117,55
117360,"2024",NA,NA
117360,"2021",258,107
117360,"2017",NA,NA
117360,"2020",231,111
117360,"2023",38,17
120424,"2017",71,35
120424,"2019",283,130
120424,"2016",NA,NA
120424,"2020",NA,NA
120424,"2018",395,175
120798,"2016",79,26
122298,"2023",1325,601
122298,"2024",1174,533
122298,"2021",836,363
122298,"2022",NA,NA
122298,"2019",NA,NA
122330,"2024",NA,NA
122330,"2022",NA,NA
122330,"2018",119,50
122330,"2017",166,64
122330,"2020",807,325
122330,"2023",NA,NA
122330,"2016",90,41
122330,"2021",NA,NA
122330,"2019",904,352
122554,"2024",37,18
123755,"2020",199,92
123755,"2018",146,73
123755,"2015",51,18
123755,"2019",192,81
123755,"2023",NA,NA
123755,"2021",NA,NA
123755,"2022",NA,NA
123755,"2024",668,288
123828,"2016",NA,NA
123828,"2023",138,52
123828,"2024",165,69
123896,"2023",64,30
123961,"2024",30,14
123961,"2022",NA,NA
123961,"2021",68,33
124014,"2023",NA,NA
124014,"2024",NA,NA
124014,"2017",716,266
124014,"2020",104,48
124014,"2019",NA,NA
124014,"2022",NA,NA
124014,"2016",189,82
124014,"2018",266,87
124014,"2021",172,79
124079,"2023",460,205
124079,"2024",1143,546
124079,"2019",NA,NA
124079,"2021",1006,459
124079,"2020",487,244
124079,"2018",NA,NA
124079,"2022",1216,555
124116,"2018",70,25
124116,"2021",137,52
124116,"2022",92,36
124116,"2023",NA,NA
124116,"2024",1140,472
124116,"2017",263,109
124116,"2020",70,31
124116,"2019",NA,NA
124186,"2017",NA,NA
124186,"2019",NA,NA
124186,"2024",1060,512
124186,"2021",113,52
124186,"2023",554,238
124187,"2019",1257,443
124187,"2024",377,131
124187,"2016",283,96
124187,"2018",119,42
124187,"2022",872,302
124187,"2020",493,160
124187,"2021",NA,NA
124187,"2017",309,102
125802,"2019",NA,NA
125802,"2022",1200,491
125802,"2017",153,63
125802,"2018",NA,NA
125802,"2020",237,116
125802,"2021",NA,NA
125802,"2023",777,353
125802,"2016",259,135
126094,"2019",1543,747
126094,"2016",197,84
126094,"2021",NA,NA
126094,"2014",NA,NA
126094,"2018",NA,NA
126094,"2017",1113,519
126094,"2023",2355,1121
126094,"2020",1431,692
126094,"2015",NA,NA
126094,"2024",NA,NA
126094,"2022",2036,939
126106,"2022",236,112
126106,"2023",86,42
126127,"2017",65,27
126127,"2022",NA,NA
126127,"2021",310,125
126127,"2024",285,119
126127,"2018",NA,NA
126127,"2023",NA,NA
126127,"2020",88,38
126128,"2017",NA,NA
126128,"2023",978,441
126128,"2021",197,96
126128,"2024",1216,531
126128,"2022",NA,NA
126128,"2020",46,25
126129,"2023",70,28
126129,"2024",333,114
126149,"2021",1071,451
126149,"2020",346,140
126149,"2017",NA,NA
126149,"2022",152,48
126149,"2019",49,20
126174,"2018",74,37
126203,"2020",812,375
126203,"2016",1022,431
126203,"2024",2032,889
126203,"2017",763,314
126203,"2022",NA,NA
126203,"2019",NA,NA
126203,"2021",1655,721
126203,"2015",26,13
126203,"2018",1309,556
126203,"2023",NA,NA
126205,"2024",1759,847
126205,"2023",NA,NA
126205,"2015",NA,NA
126205,"2022",NA,NA
126205,"2017",318,138
126205,"2021",NA,NA
126205,"2019",149,72
126205,"2016",141,66
126205,"2020",823,382
126205,"2018",107,41
126207,"2022",NA,NA
126207,"2014",NA,NA
126207,"2017",NA,NA
126207,"2021",NA,NA
126207,"2015",200,78
126207,"2019",1401,615
126207,"2024",1723,729
126207,"2018",NA,NA
126207,"2023",1687,757
126207,"2020",699,307
126207,"2016",219,96
126214,"2021",118,47
126214,"2022",NA,NA
126214,"2024",NA,NA
126214,"2023",220,82
126214,"2020",141,72
126409,"2024",268,101
126409,"2021",NA,NA
126409,"2023",120,47
126409,"2022",325,127
126523,"2022",592,259
126523,"2024",187,77
126523,"2019",NA,NA
126523,"2018",46,22
126523,"2021",415,177
126523,"2023",1039,478
126530,"2018",76,36
126535,"2022",330,134
126535,"2018",107,41
126535,"2023",NA,NA
126535,"2021",385,188
126535,"2024",NA,NA
126535,"2020",78,31
126623,"2021",52,18
126846,"2020",NA,NA
126846,"2021",172,67
126846,"2024",1278,546
126846,"2018",NA,NA
126846,"2023",814,322
126846,"2022",315,129
127157,"2019",NA,NA
127157,"2023",NA,NA
127157,"2020",192,82
127157,"2024",1053,415
127157,"2022",634,250
127157,"2021",419,181
127157,"2017",142,56
128034,"2018",NA,NA
128034,"2019",1275,523
128034,"2023",2214,902
128034,"2016",136,65
128034,"2020",817,360
128034,"2017",NA,NA
128034,"2022",1753,748
128034,"2024",1807,782
128034,"2021",NA,NA
131934,"2023",239,95
131934,"2022",NA,NA
131934,"2024",164,74
131934,"2021",31,10
133297,"2022",133,58
133297,"2021",81,41
133297,"2018",124,55
133297,"2019",NA,NA
133297,"2024",150,64
133297,"2023",584,229
133430,"2023",738,314
133430,"2017",NA,NA
133430,"2019",NA,NA
133430,"2024",1248,499
133430,"2022",NA,NA
133430,"2020",994,428
133430,"2016",96,31
133430,"2018",1831,769
133430,"2021",NA,NA
133835,"2024",139,64
133835,"2023",416,173
133835,"2022",141,56
133933,"2024",98,45
134770,"2022",NA,NA
134770,"2019",NA,NA
134770,"2017",414,164
134770,"2023",1675,762
134770,"2024",NA,NA
134770,"2020",976,446
134770,"2016",64,24
134770,"2021",NA,NA
134770,"2018",404,178
136440,"2024",923,414
136440,"2019",292,130
136440,"2017",NA,NA
136440,"2021",NA,NA
136440,"2022",392,182
136440,"2020",372,175
136440,"2018",65,26
136440,"2023",366,159
144707,"2019",NA,NA
144707,"2015",NA,NA
144707,"2023",NA,NA
144707,"2022",NA,NA
144707,"2021",1098,504
144707,"2018",224,103
144707,"2020",348,165
144707,"2016",42,18
144707,"2017",194,99
144719,"2024",1058,494
144719,"2021",947,415
144719,"2016",NA,NA
144719,"2023",897,392
144719,"2018",700,296
144719,"2020",305,154
144719,"2015",58,26
144719,"2019",1020,438
144719,"2022",1145,505
144719,"2017",NA,NA
144750,"2019",NA,NA
144750,"2018",137,57
144750,"2024",143,60
144750,"2022",486,188
144750,"2023",552,195
144750,"2020",657,281
144750,"2017",221,111
144750,"2016",116,52
144750,"2021",NA,NA
144797,"2016",58,25
144821,"2023",117,45
144869,"2021",94,49
144869,"2024",1707,783
144869,"2022",457,179
144869,"2023",NA,NA
144870,"2024",62,24
144895,"2020",NA,NA
144895,"2022",694,330
144895,"2024",NA,NA
144895,"2021",685,317
144895,"2019",486,206
144895,"2023",655,292
144895,"2018",432,183
200059,"2017",106,36
200059,"2024",84,43
200059,"2019",NA,NA
200059,"2022",120,49
200059,"2023",755,320
200059,"2018",199,78
200095,"2022",NA,NA
200095,"2021",92,34
200095,"2019",86,42
200095,"2018",39,14
200095,"2017",NA,NA
200116,"2023",58,26
200116,"2022",74,28
200116,"2024",205,96
200221,"2019",253,109
200221,"2021",NA,NA
200221,"2022",1482,676
200221,"2024",NA,NA
200221,"2023",1580,755
200221,"2020",785,372
200240,"2024",179,83
200240,"2021",68,38
200240,"2022",110,51
200259,"2024",67,35
200267,"2022",NA,NA
200267,"2021",97,34
200267,"2020",53,23
200267,"2023",NA,NA
200267,"2024",1111,499
200297,"2021",47,20
200303,"2022",170,66
200303,"2020",NA,NA
200303,"2024",1170,515
200303,"2021",NA,NA
200303,"2023",770,319
200374,"2022",76,39
200384,"2023",388,159
200384,"2020",249,115
200384,"2018",NA,NA
200384,"2022",723,323
200384,"2024",795,333
200384,"2021",451,188
200443,"2024",384,158
200553,"2019",59,25
200587,"2022",153,70
200587,"2023",115,40
200587,"2024",NA,NA
200615,"2022",649,261
200615,"2019",943,349
200615,"2021",1276,521
200615,"2023",NA,NA
200615,"2018",164,60
200615,"2020",195,80
200615,"2024",NA,NA
200670,"2020",129,50
200670,"2023",1266,566
200670,"2022",669,283
200670,"2021",NA,NA
200670,"2024",230,90
200677,"2022",52,22
200702,"2024",59,26
202058,"2023",115,50
202058,"2024",286,105
202058,"2021",NA,NA
202195,"2022",1430,488
202195,"2024",138,48
202195,"2023",786,263
202195,"2021",358,152
202195,"2020",63,28
202235,"2023",59,23
202269,"2021",43,13
202358,"2020",59,26
202358,"2022",365,162
202358,"2023",156,67
202358,"2024",NA,NA
202358,"2018",47,23
202358,"2019",NA,NA
205734,"2020",275,125
205734,"2022",65,31
205734,"2018",NA,NA
205734,"2019",112,41
205734,"2021",153,66
205734,"2024",1079,449
205734,"2023",NA,NA
206499,"2022",103,42
206499,"2024",944,356
206499,"2023",287,103
206748,"2020",NA,NA
206748,"2022",174,71
206748,"2023",167,62
206748,"2021",NA,NA
206748,"2024",238,101
206909,"2020",130,57
206909,"2022",1569,689
206909,"2021",801,353
206909,"2023",1051,425
206909,"2024",NA,NA
207182,"2021",NA,NA
207182,"2022",167,60
207182,"2023",113,39
207182,"2019",NA,NA
207182,"2024",100,38
207352,"2022",NA,NA
207352,"2024",374,155
207352,"2023",43,21
207678,"2022",177,82
207678,"2023",425,166
207678,"2024",87,32
207678,"2021",277,116
207681,"2024",387,144
207733,"2022",746,348
207733,"2021",101,41
207733,"2023",790,381
207733,"2024",1763,801
207834,"2022",66,36
207925,"2023",294,126
207925,"2021",76,29
207925,"2022",NA,NA
207925,"2024",1787,800
207985,"2024",137,61
207989,"2024",1763,872
207989,"2020",73,33
207989,"2023",2146,1042
207989,"2021",1388,660
207989,"2022",NA,NA
208004,"2024",329,139
208004,"2020",NA,NA
208004,"2023",147,67
208010,"2023",42,22
208010,"2024",153,63
208013,"2023",42,14
208013,"2024",NA,NA
208013,"2021",35,11
208014,"2023",622,282
208014,"2022",79,25
208014,"2024",NA,NA
208134,"2020",NA,NA
208134,"2022",114,46
208134,"2024",406,187
208134,"2023",233,104
208144,"2024",51,25
208279,"2024",77,29
208286,"2022",NA,NA
208286,"2024",1551,682
208286,"2023",1020,467
208363,"2024",1048,475
208502,"2023",644,298
208502,"2022",306,124
208502,"2021",194,94
208502,"2024",275,137
208859,"2024",156,64
208859,"2022",140,62
208859,"2023",117,60
209070,"2023",NA,NA
209070,"2024",637,269
209070,"2021",106,44
209113,"2022",NA,NA
209113,"2024",499,200
209113,"2023",190,84
209209,"2023",208,82
209209,"2022",NA,NA
209209,"2024",110,54
209263,"2024",65,29
209279,"2024",310,137
209279,"2023",68,23
209318,"2024",63,33
209414,"2023",959,425
209414,"2022",NA,NA
209414,"2024",811,366
210097,"2024",1958,778
210097,"2023",1398,555
210097,"2022",161,58
210136,"2022",NA,NA
210136,"2024",99,36
210136,"2023",55,26
210150,"2023",142,65
210150,"2024",1197,533
210319,"2023",102,47
210319,"2024",100,37
210340,"2023",91,43
210460,"2024",84,40
210506,"2023",390,168
210506,"2024",1694,756
211514,"2024",52,22
212720,"2024",33,17
201389,"2011",226,103
201389,"2013",53,25
201389,"2004",NA,NA
201389,"2008",45,25
201389,"2010",NA,NA
201483,"2009",75,36
201483,"2018",348,170
201483,"2021",472,227
201483,"2019",326,176
201483,"2023",491,221
201483,"2016",791,398
201483,"2007",63,32
201483,"2015",NA,NA
201483,"2008",NA,NA
201483,"2010",NA,NA
201483,"2022",NA,NA
201483,"2017",725,385
201483,"2020",143,69
201483,"2012",NA,NA
201483,"2014",NA,NA
201483,"2011",39,16
201514,"2012",NA,NA
201514,"2013",NA,NA
201514,"2021",919,432
201514,"2016",450,232
201514,"2018",853,401
201514,"2007",NA,NA
201514,"2020",253,121
201514,"2019",860,413
201514,"2006",NA,NA
201514,"2015",97,39
201514,"2023",1083,507
201514,"2014",NA,NA
201514,"2008",NA,NA
201514,"2022",902,433
201514,"2009",NA,NA
201514,"2017",1141,567
201514,"2010",NA,NA
201514,"2011",NA,NA
201514,"2024",632,308
201516,"2023",185,79
201516,"2011",NA,NA
201516,"2019",379,174
201516,"2017",586,265
201516,"2013",NA,NA
201516,"2018",563,283
201516,"2007",NA,NA
201516,"2010",NA,NA
201516,"2009",116,39
201516,"2008",NA,NA
201516,"2012",79,37
201516,"2015",NA,NA
201516,"2016",390,174
201516,"2022",94,53
201516,"2005",NA,NA
201527,"2014",838,398
201527,"2020",155,68
201527,"2021",344,145
201527,"2008",NA,NA
201527,"2019",451,205
201527,"2013",NA,NA
201527,"2016",545,246
201527,"2022",129,59
201527,"2009",NA,NA
201527,"2011",34,10
201527,"2010",NA,NA
201527,"2018",607,245
201527,"2015",NA,NA
201527,"2017",205,94
201527,"2005",NA,NA
201527,"2012",NA,NA
201527,"2006",NA,NA
201529,"2018",130,50
201529,"2017",236,124
201529,"2019",404,184
201529,"2021",136,71
201529,"2020",NA,NA
201529,"2014",NA,NA
201529,"2008",NA,NA
201535,"2023",53,23
201535,"2022",228,88
201535,"2013",363,151
201535,"2012",NA,NA
201535,"2011",473,207
201535,"2019",75,26
201535,"2006",NA,NA
201535,"2007",NA,NA
201535,"2020",NA,NA
201535,"2008",NA,NA
201535,"2010",NA,NA
201535,"2017",1158,514
201535,"2021",284,114
201535,"2009",55,15
201535,"2015",NA,NA
201535,"2016",927,419
201535,"2018",667,284
201535,"2014",823,354
201540,"2014",850,391
201540,"2022",285,136
201540,"2011",NA,NA
201540,"2016",1550,773
201540,"2009",NA,NA
201540,"2023",NA,NA
201540,"2020",308,152
201540,"2024",66,37
201540,"2015",NA,NA
201540,"2018",1148,522
201540,"2017",1476,710
201540,"2012",223,105
201540,"2019",1207,611
201540,"2013",NA,NA
201540,"2010",90,35
201540,"2021",NA,NA
201554,"2020",NA,NA
201554,"2016",NA,NA
201554,"2017",NA,NA
201554,"2009",150,71
201554,"2010",NA,NA
201554,"2014",71,38
201554,"2021",165,70
201554,"2015",200,79
201554,"2012",39,18
201554,"2018",108,53
201554,"2019",NA,NA
201554,"2011",190,91
201554,"2022",93,38
201568,"2023",NA,NA
201568,"2010",NA,NA
201568,"2014",NA,NA
201568,"2008",NA,NA
201568,"2022",274,134
201568,"2020",NA,NA
201568,"2009",107,57
201568,"2018",138,72
201568,"2013",NA,NA
201568,"2019",96,40
201568,"2011",75,36
201568,"2015",NA,NA
201568,"2021",400,184
201568,"2017",374,181
201568,"2016",495,252
201572,"2010",NA,NA
201572,"2011",88,43
201572,"2009",110,54
201572,"2008",54,26
201585,"2023",NA,NA
201585,"2017",558,265
201585,"2019",976,488
201585,"2013",NA,NA
201585,"2011",305,144
201585,"2014",NA,NA
201585,"2012",NA,NA
201585,"2016",774,347
201585,"2020",314,131
201585,"2022",814,390
201585,"2024",855,389
201585,"2010",105,46
201585,"2018",1331,712
201585,"2015",NA,NA
201585,"2021",931,415
201590,"2011",250,106
201590,"2012",NA,NA
201590,"2022",NA,NA
201590,"2023",NA,NA
201590,"2016",1074,552
201590,"2017",1059,513
201590,"2018",969,491
201590,"2019",1278,606
201590,"2021",NA,NA
201590,"2013",458,215
201590,"2015",NA,NA
201590,"2020",430,206
201590,"2014",NA,NA
201590,"2010",170,74
201597,"2015",NA,NA
201597,"2019",170,77
201597,"2010",NA,NA
201597,"2013",346,173
201597,"2014",NA,NA
201597,"2012",NA,NA
201597,"2017",595,305
201597,"2021",96,48
201597,"2011",88,40
201597,"2016",NA,NA
201597,"2018",440,217
201597,"2009",33,20
201597,"2020",NA,NA
201607,"2010",34,16
201607,"2009",NA,NA
201607,"2011",83,34
201611,"2012",32,16
201611,"2016",1107,549
201611,"2021",113,51
201611,"2014",54,24
201611,"2010",NA,NA
201611,"2013",215,96
201611,"2017",1536,745
201611,"2019",544,251
201611,"2015",NA,NA
201611,"2020",50,27
201611,"2023",283,150
201611,"2022",NA,NA
201611,"2024",679,350
201611,"2018",NA,NA
201616,"2024",NA,NA
201616,"2020",303,129
201616,"2011",NA,NA
201616,"2015",NA,NA
201616,"2016",631,315
201616,"2013",NA,NA
201616,"2014",NA,NA
201616,"2023",687,313
201616,"2022",712,339
201616,"2018",213,98
201616,"2017",986,499
201616,"2019",426,190
201616,"2012",242,110
201616,"2021",593,278
201619,"2023",NA,NA
201619,"2014",NA,NA
201619,"2013",NA,NA
201619,"2015",NA,NA
201619,"2021",614,280
201619,"2018",991,469
201619,"2019",1044,512
201619,"2016",1519,683
201619,"2020",239,97
201619,"2022",NA,NA
201619,"2011",92,40
201619,"2012",113,50
201619,"2009",49,18
201619,"2017",599,279
201619,"2024",NA,NA
201643,"2009",60,25
201648,"2018",94,38
201648,"2012",NA,NA
201648,"2016",725,309
201648,"2010",NA,NA
201648,"2017",406,171
201648,"2015",NA,NA
201648,"2014",78,35
201648,"2011",97,36
201648,"2009",NA,NA
201660,"2008",109,51
201660,"2009",38,12
201696,"2017",645,345
201696,"2014",65,40
201696,"2016",1089,547
201696,"2024",NA,NA
201696,"2021",NA,NA
201696,"2015",NA,NA
201696,"2010",NA,NA
201696,"2020",472,210
201696,"2022",248,100
201696,"2018",465,218
201696,"2023",NA,NA
201696,"2019",779,372
201697,"2011",139,55
201697,"2013",NA,NA
201697,"2019",856,375
201697,"2021",477,185
201697,"2018",952,407
201697,"2014",335,130
201697,"2008",NA,NA
201697,"2012",NA,NA
201697,"2020",390,173
201697,"2007",NA,NA
201697,"2017",1150,493
201697,"2010",NA,NA
201697,"2015",NA,NA
201697,"2016",610,270
202358,"2006",NA,NA
202373,"2007",46,21
202402,"2008",49,23
202423,"2012",30,12
202423,"2011",38,17
202426,"2011",NA,NA
202426,"2015",NA,NA
202426,"2016",242,108
202426,"2017",247,103
202426,"2014",80,35
202429,"2015",NA,NA
202429,"2013",NA,NA
202429,"2018",977,504
202429,"2020",548,252
202429,"2012",347,157
202429,"2016",880,410
202429,"2014",NA,NA
202429,"2022",774,368
202429,"2019",642,302
202429,"2017",666,302
202429,"2021",NA,NA
202429,"2023",NA,NA
202429,"2011",NA,NA
202429,"2024",195,91
202446,"2021",144,65
202446,"2017",741,342
202446,"2019",243,119
202446,"2018",708,338
202446,"2016",1165,548
202446,"2015",NA,NA
202446,"2011",NA,NA
202446,"2022",205,96
202446,"2020",350,166
202446,"2023",161,69
202446,"2014",NA,NA
202446,"2012",277,138
202446,"2013",NA,NA
202452,"2011",46,25
202453,"2015",NA,NA
202453,"2013",124,60
202453,"2018",586,286
202453,"2014",NA,NA
202453,"2019",1143,538
202453,"2024",158,68
202453,"2011",NA,NA
202453,"2012",104,50
202453,"2016",NA,NA
202453,"2021",NA,NA
202453,"2017",473,201
202453,"2020",278,141
202465,"2012",49,26
202482,"2015",NA,NA
202482,"2019",175,92
202482,"2020",89,38
202482,"2012",NA,NA
202482,"2017",191,99
202482,"2018",87,37
202482,"2016",155,88
202482,"2021",NA,NA
202484,"2019",170,80
202484,"2015",NA,NA
202484,"2013",80,43
202484,"2014",NA,NA
202484,"2020",NA,NA
202484,"2018",118,52
202484,"2017",505,234
202484,"2016",634,310
202484,"2012",116,52
202504,"2019",132,51
202504,"2017",647,287
202504,"2016",314,142
202504,"2013",86,34
202504,"2020",NA,NA
202504,"2014",NA,NA
202504,"2015",NA,NA
202504,"2012",79,38
202504,"2018",362,174
202536,"2015",NA,NA
202536,"2017",328,159
202536,"2021",NA,NA
202536,"2014",76,36
202536,"2020",175,94
202536,"2022",NA,NA
202536,"2016",274,133
202536,"2018",670,316
202536,"2019",536,256
202536,"2023",NA,NA
202536,"2024",NA,NA
202578,"2019",49,31
202600,"2017",186,78
202600,"2014",NA,NA
202600,"2015",NA,NA
202600,"2023",NA,NA
202600,"2019",178,71
202600,"2020",210,106
202600,"2024",1186,572
202600,"2021",443,222
202600,"2018",203,95
202600,"2022",435,200
202628,"2016",NA,NA
202628,"2018",68,32
202628,"2015",101,44
202628,"2017",NA,NA
202628,"2014",141,75
202628,"2023",335,178
202628,"2013",125,59
202628,"2022",NA,NA
202628,"2021",224,129
202653,"2015",NA,NA
202653,"2014",100,53
202653,"2016",641,288
202653,"2018",181,80
202653,"2017",351,155
202653,"2019",126,55
202662,"2024",35,19
202662,"2018",NA,NA
202662,"2023",80,41
202684,"2014",NA,NA
202684,"2021",275,130
202684,"2022",411,206
202684,"2015",221,92
202684,"2016",221,103
202684,"2017",527,235
202684,"2020",206,107
202684,"2019",415,198
202684,"2018",279,138
202684,"2024",628,285
202684,"2023",1168,589
202685,"2014",120,59
202685,"2018",NA,NA
202685,"2017",NA,NA
202685,"2016",112,59
202685,"2015",102,38
202702,"2014",225,90
202702,"2013",71,32
202702,"2015",NA,NA
202702,"2016",76,29
202702,"2017",NA,NA
202702,"2019",75,38
202702,"2018",NA,NA
202702,"2021",49,25
202858,"2016",36,13
202916,"2021",96,37
202916,"2019",71,31
202916,"2018",180,65
202921,"2017",31,18
203325,"2021",113,46
203325,"2019",85,37
203354,"2020",128,60
203354,"2023",NA,NA
203354,"2021",470,198
203354,"2022",NA,NA
203354,"2017",82,41
203354,"2024",591,261
203354,"2019",157,85
203354,"2018",NA,NA
203435,"2014",NA,NA
203435,"2017",195,108
203435,"2022",31,13
203435,"2018",625,314
203435,"2023",62,29
203435,"2019",503,237
203435,"2016",NA,NA
203462,"2019",NA,NA
203462,"2016",525,284
203462,"2017",434,198
203462,"2015",NA,NA
203462,"2024",NA,NA
203462,"2022",181,88
203462,"2013",63,33
203462,"2021",627,331
203462,"2023",499,239
203462,"2014",72,30
203462,"2020",171,78
203462,"2018",563,269
203500,"2022",NA,NA
203500,"2016",262,124
203500,"2024",211,103
203500,"2019",246,118
203500,"2020",51,26
203500,"2013",NA,NA
203500,"2018",442,234
203500,"2015",NA,NA
203500,"2017",172,95
203500,"2021",NA,NA
203500,"2023",229,113
203500,"2014",NA,NA
203501,"2020",105,42
203501,"2013",68,28
203501,"2022",98,41
203501,"2018",274,122
203501,"2019",304,126
203501,"2023",354,160
203501,"2024",NA,NA
203501,"2015",153,53
203501,"2017",268,133
203501,"2016",84,35
203501,"2014",291,132
203504,"2016",134,66
203504,"2019",NA,NA
203504,"2017",280,129
203504,"2015",NA,NA
203504,"2018",117,54
203514,"2020",96,41
203514,"2019",236,128
203514,"2023",71,26
203514,"2024",141,81
203514,"2021",337,174
203514,"2022",135,57
203530,"2016",771,408
203530,"2020",NA,NA
203530,"2019",686,360
203530,"2013",84,42
203530,"2023",411,185
203530,"2021",NA,NA
203530,"2017",696,329
203530,"2018",434,217
203530,"2024",NA,NA
203530,"2022",NA,NA
203553,"2017",52,26
203562,"2018",42,20
203562,"2023",NA,NA
203562,"2017",51,19
203564,"2020",NA,NA
203564,"2022",276,116
203564,"2023",60,30
203564,"2016",NA,NA
203564,"2024",253,124
203564,"2018",NA,NA
203564,"2019",262,115
203564,"2017",87,45
203564,"2021",NA,NA
203575,"2014",NA,NA
203575,"2022",448,217
203575,"2011",NA,NA
203575,"2021",605,278
203575,"2020",286,134
203575,"2024",NA,NA
203575,"2018",197,75
203575,"2015",NA,NA
203575,"2019",141,74
203575,"2013",NA,NA
203575,"2017",427,196
203575,"2012",NA,NA
203575,"2023",341,167
203575,"2016",928,440
203576,"2016",123,65
203576,"2015",NA,NA
203576,"2014",141,72
203576,"2017",230,111
204267,"2017",35,17
204362,"2018",101,49
204362,"2015",NA,NA
204362,"2013",NA,NA
204362,"2017",78,27
204362,"2016",80,38
204388,"2013",54,29
204388,"2014",79,27
204394,"2020",92,47
204394,"2017",120,65
204394,"2019",115,44
204394,"2023",NA,NA
204394,"2021",74,30
204394,"2022",NA,NA
204394,"2018",242,119
204394,"2014",NA,NA
204411,"2020",67,28
204411,"2016",NA,NA
204411,"2014",107,51
204411,"2015",NA,NA
204411,"2021",361,157
204411,"2023",311,138
204411,"2022",NA,NA
204411,"2024",111,49
204427,"2024",NA,NA
204427,"2022",898,465
204427,"2017",726,365
204427,"2015",NA,NA
204427,"2023",NA,NA
204427,"2021",NA,NA
204427,"2020",403,208
204427,"2019",682,350
204427,"2016",336,156
204427,"2018",404,196
205344,"2016",74,42
205344,"2017",53,20
205344,"2022",NA,NA
205344,"2018",NA,NA
205344,"2019",108,43
205723,"2017",83,33
205723,"2021",52,16
205723,"2018",NA,NA
205815,"2017",98,48
205815,"2014",92,34
205815,"2018",51,29
205815,"2022",NA,NA
205815,"2016",NA,NA
205848,"2018",50,19
205925,"2021",953,490
205925,"2014",NA,NA
205925,"2024",386,182
205925,"2019",884,428
205925,"2023",899,430
205925,"2020",506,262
205925,"2013",NA,NA
205925,"2022",NA,NA
205925,"2015",NA,NA
205925,"2017",813,413
205925,"2012",NA,NA
205925,"2018",1317,658
205925,"2016",593,278
206037,"2022",60,30
206037,"2019",91,50
206037,"2023",NA,NA
206037,"2014",NA,NA
206037,"2015",NA,NA
206037,"2016",NA,NA
206037,"2020",76,49
206037,"2018",115,59
206037,"2021",67,34
206037,"2024",NA,NA
206037,"2017",97,43
206107,"2023",NA,NA
206107,"2018",28,16
206107,"2017",58,36
206107,"2015",NA,NA
206107,"2019",88,49
206107,"2021",NA,NA
206107,"2016",81,46
206108,"2023",238,100
206108,"2020",638,297
206108,"2016",227,108
206108,"2018",387,184
206108,"2019",765,339
206108,"2021",NA,NA
206108,"2017",525,236
206124,"2020",267,132
206124,"2018",146,61
206124,"2017",284,119
206124,"2023",533,256
206124,"2015",78,33
206124,"2021",NA,NA
206124,"2014",NA,NA
206124,"2024",NA,NA
206124,"2019",236,117
206124,"2022",NA,NA
206124,"2016",241,99
206124,"2013",NA,NA
206136,"2018",55,27
206136,"2017",113,55
206183,"2017",98,47
206183,"2015",NA,NA
206183,"2016",117,60
206216,"2017",30,18
206219,"2019",38,22
206219,"2022",492,234
206219,"2017",675,312
206219,"2020",300,128
206219,"2021",500,237
206219,"2015",NA,NA
206219,"2023",94,48
206219,"2018",219,97
206219,"2016",369,182
206219,"2024",200,86
206252,"2019",61,35
206252,"2023",NA,NA
206252,"2021",NA,NA
206252,"2022",NA,NA
206252,"2024",947,439
206252,"2014",54,29
206252,"2018",98,54
206252,"2020",417,210
206252,"2017",218,105
206252,"2015",NA,NA
206252,"2016",184,86
206255,"2019",279,133
206255,"2017",237,97
206255,"2020",332,182
206255,"2023",207,94
206255,"2016",479,203
206255,"2021",274,115
206255,"2015",NA,NA
206289,"2015",NA,NA
206289,"2022",1552,759
206289,"2021",NA,NA
206289,"2020",784,378
206289,"2016",451,213
206289,"2014",NA,NA
206289,"2018",1054,496
206289,"2019",1273,616
206289,"2017",798,357
206289,"2024",NA,NA
206289,"2013",NA,NA
206289,"2023",1509,715
206289,"2012",NA,NA
206292,"2021",562,248
206292,"2023",74,33
206292,"2019",358,155
206292,"2022",314,125
206292,"2020",186,72
206292,"2024",143,58
206374,"2021",254,116
206374,"2018",710,331
206374,"2014",105,43
206374,"2023",58,23
206374,"2019",919,433
206374,"2017",172,90
206374,"2016",NA,NA
206374,"2020",206,98
206374,"2015",NA,NA
206374,"2024",743,319
206408,"2024",718,316
206408,"2023",721,327
206408,"2018",22,14
206408,"2016",NA,NA
206408,"2021",NA,NA
206408,"2020",270,136
206408,"2017",186,93
206408,"2022",NA,NA
206417,"2022",NA,NA
206417,"2023",200,85
206417,"2024",90,39
206420,"2016",180,75
206420,"2022",1246,616
206420,"2019",1416,689
206420,"2023",NA,NA
206420,"2024",1237,556
206420,"2018",562,252
206420,"2021",NA,NA
206420,"2017",396,192
206420,"2020",701,338
206430,"2022",56,25
206430,"2023",69,25
206430,"2021",22,13
206430,"2015",NA,NA
206430,"2019",73,31
206430,"2024",NA,NA
210672,"2016",55,26
210705,"2022",223,107
210705,"2017",NA,NA
210705,"2019",176,88
210705,"2024",87,34
210705,"2021",364,156
210705,"2020",100,52
210705,"2018",121,60
210722,"2019",1528,775
210722,"2024",1089,538
210722,"2022",NA,NA
210722,"2020",1087,547
210722,"2018",1571,840
210722,"2016",155,81
210722,"2021",NA,NA
210722,"2023",1148,582
210722,"2017",1122,552
210871,"2018",55,30
210871,"2016",56,21
210871,"2017",36,18
210871,"2015",NA,NA
210913,"2019",53,21
210957,"2017",138,57
210957,"2016",NA,NA
210957,"2018",77,46
211095,"2018",601,274
211095,"2019",828,388
211095,"2023",965,465
211095,"2017",NA,NA
211095,"2020",347,170
211095,"2021",782,366
211095,"2022",545,250
211095,"2024",738,323
211279,"2022",NA,NA
211279,"2017",NA,NA
211279,"2015",NA,NA
211279,"2019",297,125
211279,"2023",NA,NA
211279,"2024",555,285
211279,"2021",392,185
211279,"2018",205,95
211279,"2020",115,55
211337,"2022",295,137
211337,"2020",NA,NA
211337,"2018",128,66
211337,"2023",599,298
211337,"2019",288,146
211337,"2024",490,216
211337,"2017",132,58
211337,"2021",239,126
211411,"2024",131,69
211411,"2019",372,191
211411,"2021",NA,NA
211411,"2016",NA,NA
211411,"2018",NA,NA
211411,"2020",176,76
211411,"2017",255,95
211456,"2022",55,25
211472,"2015",22,3
211544,"2021",8,1
211684,"2017",NA,NA
211684,"2024",NA,NA
211684,"2022",NA,NA
211684,"2020",88,40
211684,"2014",NA,NA
211684,"2015",NA,NA
211684,"2021",325,149
211684,"2019",191,66
211684,"2016",58,35
211684,"2023",779,371
211684,"2018",388,176
211701,"2021",965,474
211701,"2024",NA,NA
211701,"2022",NA,NA
211701,"2014",236,111
211701,"2023",NA,NA
211701,"2013",NA,NA
211701,"2017",1177,565
211701,"2020",335,164
211701,"2015",NA,NA
211701,"2016",853,408
211701,"2018",1380,640
211701,"2019",1184,575
211702,"2021",NA,NA
211702,"2018",442,204
211702,"2019",360,170
211702,"2016",NA,NA
211702,"2022",171,82
211702,"2017",644,299
211702,"2015",NA,NA
211702,"2020",332,154
211702,"2024",NA,NA
211702,"2023",478,232
211736,"2017",172,83
211736,"2021",NA,NA
211736,"2018",137,64
211736,"2019",361,166
211736,"2015",NA,NA
211736,"2016",116,56
211796,"2017",314,153
211796,"2016",230,116
211796,"2014",NA,NA
211796,"2019",NA,NA
211796,"2021",66,35
211796,"2018",78,39
211796,"2015",NA,NA
211817,"2017",43,21
211817,"2024",326,162
211817,"2019",133,67
211817,"2022",687,356
211817,"2023",402,193
211817,"2018",150,72
211817,"2020",NA,NA
211817,"2016",NA,NA
211817,"2021",433,232
211878,"2017",216,104
211878,"2020",165,80
211878,"2021",182,82
211878,"2022",NA,NA
211878,"2018",NA,NA
211880,"2024",136,58
211880,"2020",131,52
211880,"2019",363,180
211880,"2017",113,50
211880,"2018",113,57
211880,"2016",NA,NA
211880,"2023",75,30
211880,"2022",120,41
211887,"2019",37,17
211901,"2019",254,120
211901,"2020",131,57
211901,"2021",304,126
211901,"2023",98,48
211903,"2017",NA,NA
211903,"2020",60,34
211903,"2022",49,31
212001,"2019",520,262
212001,"2015",58,28
212001,"2016",59,27
212001,"2022",NA,NA
212001,"2018",573,240
212001,"2017",689,313
212001,"2020",NA,NA
212001,"2021",186,86
212805,"2022",NA,NA
212805,"2017",67,26
212805,"2020",48,24
213525,"2021",NA,NA
213525,"2020",501,250
213525,"2017",76,33
213525,"2016",51,27
213525,"2018",222,92
213525,"2022",NA,NA
213525,"2019",578,258
213525,"2024",NA,NA
213525,"2023",608,292
213544,"2022",NA,NA
213544,"2019",212,92
213544,"2024",NA,NA
213544,"2020",132,63
213544,"2021",62,23
213544,"2017",339,154
213544,"2018",321,162
213544,"2023",75,34
213550,"2021",552,269
213550,"2015",NA,NA
213550,"2018",906,429
213550,"2019",NA,NA
213550,"2022",412,193
213550,"2020",863,436
213550,"2017",161,71
213550,"2023",976,457
213550,"2024",874,408
213550,"2016",NA,NA
213631,"2019",374,183
213631,"2021",833,365
213631,"2017",NA,NA
213631,"2020",489,238
213631,"2015",NA,NA
213631,"2018",136,69
213631,"2024",NA,NA
213631,"2022",NA,NA
213631,"2023",1038,495
213646,"2023",NA,NA
213646,"2022",NA,NA
213646,"2024",241,97
213646,"2017",67,24
213646,"2018",73,29
213646,"2019",78,39
213646,"2016",NA,NA
213646,"2021",126,65
213710,"2023",678,304
213710,"2024",NA,NA
213710,"2021",173,85
213710,"2022",289,139
213828,"2020",26,11
213889,"2022",313,147
213889,"2023",NA,NA
213889,"2024",743,359
213889,"2019",400,204
213889,"2020",265,120
213889,"2021",786,372
213908,"2022",140,60
213908,"2023",42,17
213908,"2024",112,52
213926,"2021",33,8
213947,"2016",38,18
214020,"2023",38,18
214020,"2021",50,29
214032,"2019",59,22
214032,"2024",NA,NA
214032,"2020",59,22
214040,"2016",70,26
214040,"2021",123,63
214040,"2022",69,31
214040,"2018",77,34
214040,"2019",63,26
214040,"2024",NA,NA
214040,"2023",433,213
214119,"2023",710,301
214119,"2022",NA,NA
214119,"2024",431,171
214119,"2016",83,32
214119,"2021",73,25
214119,"2017",NA,NA
214149,"2017",73,36
214149,"2022",NA,NA
214149,"2024",NA,NA
214149,"2023",NA,NA
214149,"2018",790,369
214149,"2020",292,135
214149,"2021",358,162
214149,"2019",1037,478
214181,"2021",387,195
214181,"2022",266,123
214229,"2016",72,35
214263,"2017",780,391
214263,"2014",NA,NA
214263,"2018",303,162
214263,"2016",261,132
214263,"2015",47,13
214263,"2020",356,178
214304,"2021",NA,NA
214304,"2017",83,40
214304,"2019",281,126
214304,"2018",623,325
214304,"2016",NA,NA
214304,"2020",77,32
214312,"2016",71,30
214405,"2022",144,62
214405,"2023",213,91
214405,"2017",NA,NA
214405,"2019",NA,NA
214405,"2020",113,55
214452,"2024",920,424
214452,"2017",72,36
214452,"2019",NA,NA
214452,"2021",145,57
214452,"2022",174,69
214452,"2018",330,134
214452,"2020",95,39
214452,"2023",281,120
214480,"2024",116,50
214480,"2023",57,27
214480,"2018",NA,NA
214521,"2024",50,22
214521,"2018",90,50
214521,"2020",80,37
214541,"2024",NA,NA
214541,"2017",161,70
214541,"2022",NA,NA
214541,"2019",49,28
214541,"2023",71,36
214541,"2018",358,159
214541,"2016",NA,NA
214544,"2023",NA,NA
214544,"2022",NA,NA
214544,"2018",1782,815
214544,"2017",503,244
214544,"2020",920,451
214544,"2019",1243,621
214544,"2021",NA,NA
214544,"2024",1654,861
214593,"2024",252,133
214593,"2021",105,39
214593,"2022",94,46
214593,"2023",270,125
214621,"2016",70,31
214621,"2014",NA,NA
214621,"2017",24,11
214641,"2017",51,30
214641,"2014",NA,NA
214641,"2018",59,25
214643,"2024",NA,NA
214643,"2022",1006,440
214643,"2019",290,132
214643,"2023",NA,NA
214643,"2021",928,422
214643,"2020",199,92
214694,"2022",63,26
214694,"2017",62,27
214694,"2021",NA,NA
214694,"2019",NA,NA
214694,"2018",148,61
214839,"2022",175,71
214839,"2024",81,37
214839,"2021",NA,NA
214839,"2023",405,191
214906,"2022",NA,NA
214906,"2024",106,45
214906,"2020",NA,NA
214906,"2017",NA,NA
214906,"2021",210,102
214906,"2023",765,355
214906,"2018",312,147
214939,"2019",365,174
214939,"2023",715,346
214939,"2016",NA,NA
214939,"2017",218,106
214939,"2022",NA,NA
214939,"2021",614,274
214939,"2024",NA,NA
214939,"2020",126,45
214939,"2018",NA,NA
214954,"2016",51,22
214954,"2020",433,206
214954,"2019",858,433
214954,"2023",NA,NA
214954,"2024",NA,NA
214954,"2022",NA,NA
214954,"2018",727,347
214954,"2021",NA,NA
214954,"2017",375,195
215016,"2020",74,33
215016,"2018",89,57
215016,"2019",NA,NA
215016,"2017",86,43
215016,"2015",NA,NA
215018,"2021",83,44
215018,"2017",96,41
215018,"2019",64,17
215018,"2022",NA,NA
215018,"2018",90,38
215018,"2024",NA,NA
215020,"2023",1172,552
215020,"2018",482,236
215020,"2020",340,155
215020,"2022",291,132
215020,"2024",873,430
215020,"2021",442,194
215020,"2019",771,368
215020,"2017",193,81
215020,"2016",76,31
215035,"2019",NA,NA
215035,"2018",401,207
215035,"2022",755,337
215035,"2023",553,255
215035,"2021",NA,NA
215035,"2017",67,42
215035,"2024",793,373
215035,"2016",NA,NA
215035,"2020",697,302
215091,"2020",48,20
215096,"2018",71,31
215096,"2017",100,40
215096,"2022",NA,NA
215096,"2019",68,30
215096,"2023",106,42
215138,"2024",472,185
215138,"2022",108,50
215151,"2024",49,14
215151,"2023",NA,NA
215151,"2020",72,36
215151,"2022",88,34
215151,"2019",65,27
215219,"2021",612,276
215219,"2019",268,119
215219,"2023",NA,NA
215219,"2018",53,32
215219,"2022",NA,NA
215219,"2017",NA,NA
215219,"2024",23,13
215219,"2020",294,148
215259,"2020",178,91
215259,"2021",148,64
215259,"2018",NA,NA
215337,"2021",NA,NA
215337,"2022",NA,NA
215337,"2018",274,142
215337,"2023",NA,NA
215337,"2019",150,47
215337,"2024",498,247
215337,"2020",40,24
215370,"2022",NA,NA
215370,"2018",179,91
215370,"2017",267,133
215370,"2021",774,363
215370,"2019",NA,NA
215370,"2024",461,216
215370,"2023",744,351
215371,"2018",57,27
215371,"2019",177,66
215371,"2020",NA,NA
215371,"2022",NA,NA
215371,"2021",142,74
215395,"2020",85,43
215571,"2024",39,21
215613,"2020",NA,NA
215613,"2023",620,300
215613,"2024",1632,805
215613,"2021",81,42
215613,"2019",NA,NA
215613,"2022",66,36
215627,"2022",102,52
215672,"2018",88,40
215713,"2019",776,387
215713,"2021",NA,NA
215713,"2020",265,139
215713,"2018",402,221
215713,"2024",1151,549
215713,"2017",NA,NA
215713,"2023",1359,671
215713,"2022",NA,NA
215785,"2022",703,334
215785,"2016",NA,NA
215785,"2017",72,35
215785,"2018",NA,NA
215785,"2024",NA,NA
215785,"2020",52,21
215785,"2021",NA,NA
215785,"2019",180,93
215785,"2023",810,415
215832,"2021",50,26
215859,"2016",25,12
215869,"2016",52,18
215869,"2017",102,50
215872,"2019",NA,NA
215872,"2022",NA,NA
215872,"2023",516,244
215872,"2024",651,312
215872,"2021",383,175
215872,"2020",45,21
215899,"2023",126,61
215899,"2019",52,27
215899,"2024",79,36
215899,"2022",166,72
215899,"2021",NA,NA
215910,"2024",101,52
215910,"2018",NA,NA
215910,"2023",261,117
215910,"2022",NA,NA
215910,"2021",75,31
215936,"2021",118,53
215936,"2023",68,36
215936,"2024",NA,NA
215983,"2021",627,310
215983,"2024",235,102
215983,"2020",120,55
215983,"2022",NA,NA
215983,"2023",123,46
215996,"2021",57,27
215996,"2022",183,87
215996,"2023",129,64
215996,"2024",155,81
216016,"2024",NA,NA
216016,"2022",NA,NA
216016,"2017",41,25
216016,"2019",182,84
216016,"2021",338,150
216016,"2020",197,96
216016,"2018",83,38
216016,"2023",1025,466
216055,"2024",NA,NA
216055,"2019",94,46
216055,"2023",NA,NA
216055,"2018",60,33
216055,"2020",89,38
216074,"2023",29,13
216081,"2024",74,40
216081,"2023",NA,NA
216081,"2022",100,42
216083,"2024",NA,NA
216083,"2020",147,59
216083,"2019",264,116
216083,"2022",317,138
216083,"2023",445,221
216083,"2021",379,181
216097,"2022",137,58
216097,"2023",311,141
216097,"2024",NA,NA
216133,"2019",163,71
216133,"2018",80,36
216133,"2020",NA,NA
216133,"2021",437,219
216133,"2023",1098,505
216133,"2022",NA,NA
216133,"2024",1324,625
216139,"2023",65,32
216146,"2020",169,81
216146,"2019",160,75
216146,"2021",828,397
216146,"2023",NA,NA
216146,"2024",NA,NA
216146,"2022",NA,NA
216146,"2018",178,71
216150,"2020",78,34
216153,"2019",787,401
216153,"2018",402,207
216153,"2024",NA,NA
216153,"2023",165,75
216153,"2021",678,344
216153,"2020",464,234
216153,"2022",NA,NA
216153,"2017",NA,NA
216180,"2022",49,27
216262,"2021",585,275
216262,"2019",NA,NA
216262,"2022",383,181
216262,"2024",NA,NA
216262,"2020",160,73
216262,"2023",591,278
216265,"2022",NA,NA
216265,"2021",122,51
216265,"2024",298,138
216265,"2023",131,66
216462,"2016",55,16
216475,"2016",39,19
219422,"2017",66,37
219875,"2024",NA,NA
219875,"2019",153,67
219875,"2022",NA,NA
219875,"2021",848,391
219875,"2020",179,92
219875,"2023",1082,518
219917,"2024",265,121
219917,"2021",119,57
219917,"2023",801,340
219917,"2022",135,54
220272,"2022",66,30
220332,"2024",385,180
220332,"2022",NA,NA
220332,"2023",350,181
220339,"2018",83,35
220395,"2016",42,20
220465,"2019",NA,NA
220465,"2022",200,98
220465,"2024",785,372
220465,"2023",418,198
220465,"2021",NA,NA
220465,"2020",56,27
220520,"2024",453,225
220548,"2024",1029,492
220548,"2023",649,329
220548,"2022",NA,NA
220589,"2024",1160,573
220589,"2023",465,238
220589,"2022",195,97
220750,"2022",90,41
220750,"2024",103,51
220750,"2023",144,73
220946,"2022",84,45
221024,"2020",NA,NA
221024,"2024",443,180
221024,"2023",179,86
221024,"2021",187,81
221024,"2022",236,89
221024,"2019",58,18
221054,"2024",NA,NA
221054,"2022",783,390
221054,"2023",228,116
221054,"2021",390,190
221105,"2020",66,31
221236,"2024",204,109
221236,"2023",169,78
221237,"2024",210,96
221237,"2023",144,70
221247,"2024",113,50
221247,"2022",48,24
221247,"2021",NA,NA
221247,"2023",74,40
221818,"2017",77,31
221824,"2017",77,36
221828,"2017",87,42
221831,"2018",44,15
221837,"2018",45,26
221844,"2018",45,21
221852,"2018",68,38
221911,"2024",49,26
221911,"2023",80,38
221911,"2019",NA,NA
222233,"2024",276,139
222233,"2022",67,39
222233,"2023",87,51
222258,"2024",296,133
222258,"2023",790,358
222258,"2022",401,197
222258,"2020",NA,NA
222258,"2021",117,72
222296,"2023",173,73
222296,"2024",235,99
222328,"2022",188,83
222328,"2023",NA,NA
222328,"2024",1047,498
222513,"2022",51,13
222559,"2024",112,59
222601,"2024",441,230
222601,"2023",86,42
222965,"2024",573,242
222965,"2022",59,21
222965,"2023",336,156
222966,"2024",54,26
222966,"2022",36,16
223131,"2020",46,15
223132,"2020",56,22
223133,"2020",51,22
223134,"2020",78,28
223135,"2020",30,13
223159,"2022",65,31
223331,"2024",153,67
223333,"2024",70,29
223333,"2023",122,58
223335,"2022",35,14
232447,"2024",100,45
232447,"2023",261,123
233741,"2024",68,28
239389,"2024",65,26
252499,"2023",45,25
252499,"2024",130,64
252587,"2024",60,33
256684,"2024",94,45
259799,"2023",499,239
259799,"2024",1108,552
259799,"2022",NA,NA
260170,"2024",91,35
260300,"2024",66,38
260847,"2024",NA,NA
260848,"2024",NA,NA
260913,"2024",NA,NA
261963,"2024",NA,NA
263847,"2023",NA,NA
263848,"2023",NA,NA
263849,"2023",NA,NA
263850,"2023",NA,NA
263852,"2023",NA,NA
263853,"2023",NA,NA
263857,"2024",313,163
264205,"2023",NA,NA
266671,"2024",121,60
