"player_id","year","serves","serves_won"
102093,"2024",199,137
102143,"2003",683,454
102143,"2005",197,125
102143,"2002",563,361
102143,"1997",NA,NA
102143,"2001",547,344
102143,"2006",NA,NA
102143,"2004",373,236
102143,"2000",292,198
102179,"2000",1516,939
102179,"1996",138,80
102179,"2001",2662,1674
102179,"2004",3058,1977
102179,"2002",NA,NA
102179,"1999",NA,NA
102179,"2005",1560,958
102179,"2007",448,308
102179,"2003",3044,1954
102179,"2006",312,207
102269,"2002",NA,NA
102269,"2005",367,224
102269,"2006",232,152
102269,"1997",1024,648
102269,"2001",225,136
102269,"1996",243,146
102269,"2003",516,335
102269,"1995",NA,NA
102269,"2000",309,183
102269,"1998",NA,NA
102269,"2004",1215,754
102287,"2000",3485,2090
102287,"1995",496,289
102287,"2001",4781,2875
102287,"2003",2067,1174
102287,"1993",NA,NA
102287,"1996",NA,NA
102287,"2002",NA,NA
102287,"2007",NA,NA
102287,"2006",1505,879
102287,"1998",2762,1577
102287,"2005",546,322
102287,"2004",1450,832
102287,"1999",NA,NA
102287,"1997",3141,1880
102456,"2001",3733,2277
102456,"2003",NA,NA
102456,"2005",2273,1356
102456,"2002",3410,2037
102456,"1998",NA,NA
102456,"2007",312,182
102456,"1997",NA,NA
102456,"1996",5746,3464
102456,"2000",2100,1250
102456,"1995",1124,671
102456,"2004",2615,1551
102456,"1999",NA,NA
102456,"1994",NA,NA
102494,"2000",1397,816
102494,"2004",940,559
102494,"2005",1626,956
102494,"2003",NA,NA
102494,"1999",145,92
102494,"2006",1161,651
102494,"1997",119,77
102494,"2001",947,530
102494,"2002",415,238
102565,"2007",752,472
102565,"2002",974,652
102565,"2005",1548,1041
102565,"2006",NA,NA
102565,"2004",374,249
102565,"2003",1583,969
102642,"2006",1067,662
102642,"2003",2381,1539
102642,"2001",NA,NA
102642,"2002",831,504
102642,"1999",402,228
102642,"2004",4173,2752
102642,"2007",98,69
102642,"2005",3094,1949
102642,"2000",1470,899
102694,"2005",1961,1125
102694,"2001",2694,1619
102694,"2007",NA,NA
102694,"1994",NA,NA
102694,"2004",2054,1188
102694,"1997",433,263
102694,"2003",NA,NA
102694,"1995",574,313
102694,"2006",964,592
102694,"1996",950,600
102694,"1999",1354,827
102694,"1998",1339,778
102694,"2000",443,249
102694,"2002",2671,1587
102788,"2003",1307,777
102788,"2008",147,95
102788,"2006",201,132
102788,"2004",1192,700
102788,"2001",1311,790
102788,"2007",118,71
102788,"2005",133,80
102788,"2002",NA,NA
102834,"2003",647,380
102834,"1994",NA,NA
102834,"1995",NA,NA
102834,"2001",1015,572
102834,"2002",352,204
102834,"1996",NA,NA
102834,"2007",1649,944
102834,"1998",405,259
102834,"2000",3275,1948
102834,"2004",848,510
102834,"2006",2578,1502
102834,"2005",1967,1160
102834,"1993",NA,NA
102834,"1999",2682,1557
102869,"1995",472,267
102869,"2003",1391,848
102869,"1998",3406,2018
102869,"2005",NA,NA
102869,"2001",3324,2008
102869,"1999",2601,1598
102869,"1997",3034,1816
102869,"1996",NA,NA
102869,"2006",223,116
102869,"2002",1818,1096
102869,"2004",1642,952
102869,"2000",2374,1452
102869,"1994",NA,NA
102880,"2002",1286,770
102880,"2000",1705,1039
102880,"1999",NA,NA
102880,"2001",942,549
102880,"2003",1645,1034
102880,"2004",1935,1222
102880,"2005",1434,873
102881,"2007",NA,NA
102881,"1995",164,86
102881,"1993",165,86
102881,"1994",118,66
102881,"1997",265,143
102881,"2006",NA,NA
102881,"2008",NA,NA
102881,"1996",274,153
102886,"2010",NA,NA
102886,"2006",140,77
102886,"2003",838,490
102886,"2012",NA,NA
102886,"2005",359,219
102886,"2004",224,141
102886,"2001",NA,NA
102904,"2006",252,144
102904,"2000",224,132
102904,"2001",NA,NA
102925,"2007",925,525
102925,"2005",1524,994
102925,"2004",392,235
102925,"1999",3352,2071
102925,"2000",2549,1601
102925,"1997",3407,2072
102925,"2001",1202,710
102925,"2002",855,508
102925,"1998",NA,NA
102925,"2003",2024,1228
102925,"2006",2679,1652
102925,"1996",702,434
102925,"1995",289,176
102967,"2002",146,92
102967,"2011",NA,NA
102967,"2013",NA,NA
102967,"2009",3565,2234
102967,"2006",2380,1522
102967,"2004",254,149
102967,"2014",215,149
102967,"2008",3522,2215
102967,"2012",NA,NA
102967,"2010",1284,767
102967,"2005",304,186
102967,"2007",3482,2216
102999,"2003",272,170
102999,"2006",1272,768
102999,"2002",NA,NA
102999,"2001",197,109
102999,"2007",851,475
102999,"2011",NA,NA
102999,"2008",221,144
102999,"2010",NA,NA
103032,"2005",240,137
103105,"2006",NA,NA
103105,"2005",576,353
103105,"2013",507,311
103105,"2010",387,224
103105,"2002",NA,NA
103105,"2009",1139,649
103105,"2008",504,280
103105,"2004",NA,NA
103105,"2014",NA,NA
103105,"2003",1163,692
103105,"2012",1271,730
103105,"2011",1745,963
103105,"2001",130,78
103105,"2007",NA,NA
103169,"2007",NA,NA
103169,"2008",3027,1797
103169,"2005",1573,874
103169,"2009",3085,1828
103169,"2006",650,396
103169,"2003",734,449
103169,"2010",1159,649
103169,"2004",1971,1130
103175,"2006",NA,NA
103175,"2007",156,93
103175,"2005",172,89
103181,"2005",2036,1219
103181,"2006",2060,1203
103181,"2003",1087,677
103181,"2000",NA,NA
103181,"2008",NA,NA
103181,"2007",1523,896
103181,"1995",162,76
103181,"2004",902,528
103181,"2002",386,217
103181,"2009",NA,NA
103181,"2001",2876,1725
103185,"1997",NA,NA
103185,"2008",NA,NA
103185,"2002",177,106
103185,"2003",206,132
103185,"2001",251,144
103185,"2007",NA,NA
103185,"2000",254,155
103188,"2010",2568,1533
103188,"2006",NA,NA
103188,"2001",2121,1235
103188,"2012",1733,1053
103188,"2013",1726,1016
103188,"2007",2138,1278
103188,"2011",2233,1362
103188,"2009",510,301
103188,"2014",1412,836
103188,"2000",644,370
103188,"2008",517,304
103188,"2003",158,95
103188,"2002",1421,791
103188,"2015",NA,NA
103188,"1998",NA,NA
103204,"2002",NA,NA
103204,"2005",457,259
103204,"2003",NA,NA
103204,"2001",696,429
103204,"2006",281,178
103204,"2004",530,346
103204,"2007",293,173
103204,"2008",157,87
103204,"2000",NA,NA
103240,"2009",1727,1010
103240,"1999",NA,NA
103240,"2001",243,156
103240,"2006",1860,1108
103240,"2010",237,139
103240,"2005",3560,2190
103240,"1996",NA,NA
103240,"2004",295,169
103240,"2002",301,186
103240,"2000",481,289
103240,"2003",NA,NA
103240,"2007",1155,664
103240,"2008",NA,NA
103252,"2010",618,378
103252,"2003",NA,NA
103252,"2007",1148,639
103252,"1998",531,265
103252,"2004",3870,2335
103252,"2009",1936,1136
103252,"2000",NA,NA
103252,"1996",313,176
103252,"2002",NA,NA
103252,"1999",NA,NA
103252,"2001",4603,2777
103252,"1997",NA,NA
103252,"2005",3916,2310
103252,"2006",2832,1678
103252,"2008",511,311
103305,"2000",680,400
103305,"2004",598,311
103305,"2005",177,102
103305,"2002",NA,NA
103305,"1997",NA,NA
103305,"2001",904,489
103339,"1998",NA,NA
103339,"2007",233,136
103339,"2004",131,92
103339,"2006",354,220
103373,"2009",519,263
103373,"2007",NA,NA
103373,"2000",173,103
103373,"2008",1837,1072
103373,"2005",NA,NA
103373,"2003",467,274
103373,"2006",698,411
103401,"2007",1551,908
103401,"2011",625,381
103401,"2005",NA,NA
103401,"2014",294,189
103401,"2015",285,168
103401,"2004",1529,916
103401,"2009",NA,NA
103401,"2016",NA,NA
103401,"2010",NA,NA
103401,"2006",NA,NA
103401,"2002",NA,NA
103401,"2000",NA,NA
103401,"2013",705,439
103401,"2008",1080,615
103401,"2012",307,170
103408,"2002",1230,740
103408,"2006",150,90
103408,"2003",2607,1562
103408,"2004",847,489
103408,"2005",232,141
103420,"1996",279,153
103420,"1997",NA,NA
103420,"2001",NA,NA
103420,"2005",1166,654
103420,"2004",NA,NA
103420,"1998",146,83
103420,"2008",NA,NA
103420,"2002",826,468
103420,"2000",538,295
103420,"1999",255,147
103424,"2006",373,234
103448,"2008",119,73
103451,"2010",1568,955
103451,"2002",519,289
103451,"2006",3057,1816
103451,"1999",304,171
103451,"2007",1166,670
103451,"2009",2003,1197
103451,"2011",647,375
103451,"1998",NA,NA
103451,"2014",316,197
103451,"2004",582,372
103451,"2012",1762,1036
103451,"2001",487,265
103451,"2008",566,346
103451,"2005",1943,1164
103451,"2013",414,238
103451,"2003",451,267
103451,"2000",NA,NA
103470,"2011",962,593
103470,"2012",NA,NA
103470,"2005",NA,NA
103470,"2009",2002,1278
103470,"2007",1780,1084
103470,"2008",1028,695
103470,"2003",1303,798
103470,"2004",557,365
103470,"2010",NA,NA
103470,"2006",814,499
103487,"2002",469,259
103487,"2007",NA,NA
103487,"2001",NA,NA
103487,"2005",630,360
103487,"2000",322,184
103487,"2006",312,176
103487,"1998",NA,NA
103490,"2009",919,540
103490,"2007",600,364
103490,"2006",228,137
103490,"2010",1068,599
103490,"2004",NA,NA
103490,"2005",1975,1135
103490,"2008",1809,1039
103516,"2005",378,231
103516,"2006",564,357
103516,"2004",NA,NA
103516,"2007",391,247
103534,"2004",157,109
103534,"2012",232,138
103534,"2009",1693,994
103534,"2007",1961,1153
103534,"2008",1174,675
103534,"2011",NA,NA
103534,"2005",NA,NA
103534,"2006",229,128
103538,"2006",219,151
103543,"2010",245,145
103543,"2008",603,379
103565,"2010",2238,1303
103565,"2020",NA,NA
103565,"2011",548,319
103565,"2018",258,161
103565,"2015",556,304
103565,"2004",216,128
103565,"2017",808,431
103565,"2016",2533,1501
103565,"2014",1235,773
103565,"2012",NA,NA
103565,"2013",385,245
103566,"2013",NA,NA
103566,"2000",1018,628
103566,"2014",724,464
103566,"2008",NA,NA
103566,"2003",1085,654
103566,"2006",NA,NA
103566,"2010",NA,NA
103566,"2009",2214,1495
103566,"2001",1569,954
103566,"2002",NA,NA
103566,"2005",2466,1557
103566,"2007",2726,1798
103566,"2004",2430,1634
103566,"2011",NA,NA
103566,"2012",2084,1367
103582,"2016",1066,643
103582,"2007",1957,1302
103582,"2010",3726,2359
103582,"2005",163,107
103582,"2014",739,471
103582,"2015",1385,882
103582,"2013",368,222
103582,"2011",2886,1817
103582,"2012",1300,788
103582,"2004",NA,NA
103582,"2006",1259,800
103582,"2008",NA,NA
103582,"2009",1062,631
103656,"2005",2229,1349
103656,"2010",NA,NA
103656,"2007",NA,NA
103656,"2006",2031,1180
103656,"2008",3427,2172
103656,"2012",1644,921
103656,"2004",1770,1026
103656,"2014",1915,1187
103656,"2003",1711,1031
103656,"2017",131,69
103656,"2001",1670,1059
103656,"2011",3725,2292
103656,"2002",3143,1923
103656,"2009",NA,NA
103656,"2013",2786,1697
103656,"2015",1031,610
103656,"2016",1034,676
103675,"2006",312,179
103675,"2007",NA,NA
103675,"2009",1500,826
103675,"2008",222,141
103675,"2010",NA,NA
103675,"2012",244,116
103675,"2011",476,256
103693,"2010",NA,NA
103693,"2006",710,421
103693,"2003",558,335
103693,"2008",744,424
103693,"2009",269,178
103693,"2007",579,368
103693,"2005",495,275
103693,"2002",NA,NA
103693,"2004",NA,NA
103700,"2002",NA,NA
103700,"2004",277,172
103700,"2007",NA,NA
103700,"2006",429,263
103700,"2005",226,138
103701,"2008",525,283
103701,"2007",NA,NA
103701,"2006",421,257
103702,"2006",108,62
103722,"2011",1123,663
103722,"2010",3908,2376
103722,"2004",424,251
103722,"2009",4218,2574
103722,"2003",NA,NA
103722,"2014",NA,NA
103722,"2006",4055,2408
103722,"2005",1617,972
103722,"2007",NA,NA
103722,"2013",NA,NA
103722,"2002",NA,NA
103722,"2012",1201,683
103722,"2008",3197,1961
103737,"2005",367,227
103737,"2006",865,523
103737,"2002",NA,NA
103737,"2003",126,77
103747,"2009",NA,NA
103747,"2011",NA,NA
103747,"2008",234,150
103747,"2006",79,45
103747,"2007",345,223
103747,"2010",147,99
103761,"2004",163,100
103761,"2007",232,130
103761,"2008",NA,NA
103761,"2006",NA,NA
103761,"2005",262,154
103763,"2008",244,134
103794,"2007",NA,NA
103794,"2006",1519,1034
103794,"2011",931,609
103794,"2008",2148,1349
103794,"2015",NA,NA
103794,"2010",NA,NA
103794,"2016",1902,1151
103794,"2014",3874,2475
103794,"2012",1895,1164
103794,"2013",2352,1472
103794,"2017",NA,NA
103794,"2009",2352,1534
103823,"2006",1346,806
103823,"2009",810,429
103823,"2008",NA,NA
103823,"2012",147,84
103823,"2011",1004,588
103823,"2002",NA,NA
103823,"2007",NA,NA
103823,"2005",267,162
103850,"2008",398,234
103850,"2009",196,124
103850,"2011",NA,NA
103868,"2008",1486,965
103868,"2006",655,405
103868,"2007",NA,NA
103868,"2011",224,143
103868,"2010",665,410
103868,"2004",NA,NA
103868,"2005",321,202
103868,"2009",2370,1505
103868,"2012",124,76
103893,"2014",1764,1061
103893,"2017",NA,NA
103893,"2011",332,193
103893,"2010",NA,NA
103893,"2016",4018,2455
103893,"2015",NA,NA
103893,"2007",171,98
103893,"2012",2000,1181
103893,"2013",NA,NA
103893,"2019",1554,1002
103893,"2006",NA,NA
103893,"2009",NA,NA
103893,"2021",NA,NA
103893,"2018",1958,1178
103893,"2020",344,199
103898,"2004",2185,1330
103898,"2018",1815,1099
103898,"2006",3833,2332
103898,"2014",NA,NA
103898,"2009",4412,2751
103898,"2002",NA,NA
103898,"2013",NA,NA
103898,"2001",153,83
103898,"2016",1706,1071
103898,"2008",NA,NA
103898,"2015",355,232
103898,"2017",2009,1289
103898,"2005",1626,918
103898,"2003",660,370
103898,"2011",3260,2066
103898,"2012",NA,NA
103898,"2010",NA,NA
103898,"2007",3790,2298
103917,"2019",819,532
103917,"2006",2193,1395
103917,"2010",1243,877
103917,"2011",NA,NA
103917,"2016",3249,2115
103917,"2017",2768,1764
103917,"2003",772,482
103917,"2018",1063,669
103917,"2021",NA,NA
103917,"2009",594,403
103917,"2012",2941,1870
103917,"2007",3417,2224
103917,"2001",462,286
103917,"2015",NA,NA
103917,"2002",NA,NA
103917,"2005",419,271
103917,"2000",NA,NA
103917,"2008",3379,2180
103917,"2013",1884,1271
103917,"2004",NA,NA
103917,"2014",2592,1653
104023,"2011",136,85
104025,"2006",439,275
104025,"2008",1254,816
104025,"2012",NA,NA
104025,"2005",354,222
104025,"2004",512,301
104025,"2009",917,604
104025,"2011",NA,NA
104025,"2010",NA,NA
104025,"2003",440,279
104025,"2007",2598,1655
104035,"2010",NA,NA
104035,"2012",871,525
104035,"2005",1097,699
104035,"2008",2907,1834
104035,"2006",943,551
104035,"2011",NA,NA
104035,"2013",565,340
104035,"2004",NA,NA
104035,"2007",NA,NA
104035,"2009",1196,712
104035,"2003",NA,NA
104043,"2016",NA,NA
104043,"2010",NA,NA
104043,"2008",253,140
104043,"2005",380,233
104043,"2007",NA,NA
104043,"2001",544,322
104043,"2013",NA,NA
104043,"2014",NA,NA
104043,"2003",537,320
104043,"2004",1518,861
104043,"2002",318,181
104068,"2003",NA,NA
104068,"2002",1297,748
104068,"2011",506,316
104068,"2005",4470,2914
104068,"2010",2032,1276
104068,"2006",NA,NA
104068,"2008",NA,NA
104068,"2007",2652,1643
104068,"2013",268,155
104068,"2009",2769,1702
104068,"2014",763,451
104068,"2001",683,410
104068,"2004",NA,NA
104068,"2012",510,309
104091,"2008",295,171
104149,"2008",160,96
104166,"2001",NA,NA
104166,"2003",1027,607
104166,"2012",NA,NA
104166,"2011",3873,2401
104166,"2009",367,217
104166,"2005",NA,NA
104166,"2008",NA,NA
104166,"2004",1964,1171
104166,"2013",NA,NA
104166,"2006",464,262
104166,"2010",NA,NA
104166,"2014",648,351
104166,"2002",278,164
104167,"2009",461,279
104167,"2004",NA,NA
104167,"2005",193,110
104167,"2006",158,93
104173,"2006",209,127
104173,"2007",212,136
104173,"2008",749,458
104196,"2001",94,55
104196,"2002",NA,NA
104196,"2006",359,241
104198,"2014",4214,2540
104198,"2009",4026,2467
104198,"2008",NA,NA
104198,"2013",NA,NA
104198,"2016",4201,2585
104198,"2010",4232,2674
104198,"2017",1519,904
104198,"2004",914,544
104198,"2018",3290,2054
104198,"2011",3893,2359
104198,"2005",3340,1984
104198,"2019",1149,714
104198,"2007",2917,1745
104198,"2006",2869,1702
104198,"2015",NA,NA
104198,"2012",3746,2245
104198,"2003",NA,NA
104216,"2009",NA,NA
104216,"2013",198,126
104216,"2015",NA,NA
104216,"2008",815,455
104216,"2014",644,389
104216,"2016",509,292
104216,"2011",1336,757
104216,"2012",NA,NA
104216,"2010",909,510
104216,"2007",NA,NA
104216,"2017",229,130
104224,"2005",174,117
104224,"2006",130,79
104230,"2008",195,112
104230,"2009",2210,1325
104230,"2007",134,77
104230,"2003",NA,NA
104230,"2005",276,174
104230,"2010",NA,NA
104230,"2004",265,157
104256,"2012",178,111
104262,"2006",NA,NA
104262,"2011",1185,656
104262,"2012",2962,1655
104262,"2009",NA,NA
104262,"2010",NA,NA
104262,"2008",1170,650
104262,"2013",675,346
104262,"2007",177,96
104269,"2022",1352,814
104269,"2017",4231,2696
104269,"2002",213,107
104269,"2007",NA,NA
104269,"2008",NA,NA
104269,"2015",4364,2886
104269,"2014",3993,2574
104269,"2004",3985,2568
104269,"2019",4432,2834
104269,"2016",4264,2730
104269,"2020",975,614
104269,"2023",NA,NA
104269,"2005",NA,NA
104269,"2012",4010,2578
104269,"2010",NA,NA
104269,"2011",NA,NA
104269,"2018",5021,3187
104269,"2006",NA,NA
104269,"2021",743,431
104269,"2013",NA,NA
104269,"2003",NA,NA
104269,"2009",NA,NA
104273,"2011",1464,896
104273,"2009",461,283
104273,"2007",1112,666
104273,"2013",4185,2635
104273,"2010",744,446
104273,"2008",505,284
104273,"2004",197,119
104273,"2012",2956,1882
104273,"2015",1419,887
104273,"2014",3766,2404
104273,"2016",449,256
104291,"2017",3029,1846
104291,"2011",NA,NA
104291,"2023",NA,NA
104291,"2015",2640,1617
104291,"2019",1782,1032
104291,"2022",286,169
104291,"2012",1469,879
104291,"2003",NA,NA
104291,"2004",NA,NA
104291,"2021",377,209
104291,"2014",1378,835
104291,"2016",3553,2225
104291,"2013",NA,NA
104291,"2020",NA,NA
104291,"2018",3655,2223
104291,"2008",NA,NA
104314,"2009",1178,714
104314,"2011",675,418
104314,"2008",577,367
104314,"2010",573,370
104330,"2012",1114,701
104330,"2016",NA,NA
104330,"2009",1120,745
104330,"2006",NA,NA
104330,"2004",308,195
104330,"2005",411,262
104330,"2003",109,64
104330,"2011",323,197
104330,"2013",1297,798
104330,"2007",215,135
104330,"2008",373,226
104330,"2002",NA,NA
104330,"2010",1827,1130
104330,"2017",250,164
104330,"2014",745,466
104330,"2015",1189,794
104332,"2007",NA,NA
104332,"2009",3469,2146
104332,"2012",NA,NA
104332,"2014",242,150
104332,"2013",529,315
104332,"2008",1505,963
104332,"2003",313,205
104332,"2011",NA,NA
104332,"2010",3216,2049
104332,"2005",NA,NA
104332,"2004",141,84
104460,"2013",628,416
104460,"2011",1175,744
104460,"2015",NA,NA
104460,"2003",NA,NA
104460,"2017",2222,1380
104460,"2018",NA,NA
104460,"2016",2130,1366
104460,"2019",312,214
104460,"2014",2143,1378
104460,"2010",1331,860
104460,"2021",NA,NA
104460,"2012",912,578
104515,"2008",230,112
104515,"2007",469,267
104515,"2009",149,88
104515,"2006",201,110
104547,"2016",1523,969
104547,"2009",886,578
104547,"2012",973,596
104547,"2015",434,260
104547,"2014",1122,722
104547,"2018",2211,1428
104547,"2017",3386,2221
104547,"2013",NA,NA
104547,"2011",895,568
104547,"2010",NA,NA
104548,"2012",2127,1310
104548,"2004",618,377
104548,"2002",NA,NA
104548,"2016",1109,681
104548,"2005",481,314
104548,"2013",605,368
104548,"2003",NA,NA
104593,"2012",1547,941
104593,"2015",2390,1475
104593,"2016",1443,840
104593,"2009",2248,1358
104593,"2011",2515,1491
104593,"2018",NA,NA
104593,"2005",NA,NA
104593,"2014",2276,1393
104593,"2006",470,267
104593,"2010",3126,1992
104593,"2004",NA,NA
104593,"2013",3291,2000
104593,"2017",NA,NA
104593,"2008",941,607
104628,"2014",229,150
104628,"2013",116,77
104628,"2010",NA,NA
104628,"2016",NA,NA
104628,"2012",NA,NA
104628,"2011",109,70
104628,"2015",NA,NA
104628,"2007",185,121
104628,"2008",425,272
104629,"2015",451,283
104629,"2012",NA,NA
104629,"2018",517,301
104629,"2013",NA,NA
104629,"2019",274,158
104629,"2017",484,300
104633,"2011",165,94
104651,"2014",258,170
104651,"2013",1222,728
104665,"2014",NA,NA
104665,"2018",1080,637
104665,"2023",NA,NA
104665,"2016",630,367
104665,"2019",NA,NA
104665,"2008",786,459
104665,"2015",NA,NA
104665,"2020",1214,718
104665,"2021",NA,NA
104665,"2012",3891,2235
104665,"2013",3802,2202
104665,"2007",395,229
104665,"2009",982,552
104665,"2011",3693,2167
104665,"2010",1246,737
104665,"2022",1692,961
104672,"2018",135,87
104672,"2009",NA,NA
104672,"2011",NA,NA
104672,"2016",538,329
104672,"2017",679,398
104672,"2014",317,177
104672,"2012",125,71
104672,"2015",NA,NA
104714,"2012",172,108
104714,"2010",994,635
104714,"2006",NA,NA
104714,"2015",219,133
104714,"2011",727,437
104714,"2007",NA,NA
104714,"2013",944,562
104714,"2014",952,546
104717,"2004",NA,NA
104717,"2005",NA,NA
104717,"2009",591,365
104717,"2010",316,204
104717,"2008",547,347
104719,"2007",289,173
104719,"2006",NA,NA
104719,"2008",2605,1571
104719,"2017",1598,959
104719,"2014",3504,2131
104719,"2015",2513,1530
104719,"2019",1363,903
104719,"2011",3582,2211
104719,"2016",NA,NA
104719,"2018",678,429
104719,"2013",NA,NA
104719,"2010",3269,1979
104719,"2009",3230,1929
104719,"2012",NA,NA
104721,"2010",664,438
104721,"2013",NA,NA
104721,"2009",876,548
104721,"2008",478,302
104731,"2016",3002,2015
104731,"2009",602,388
104731,"2012",NA,NA
104731,"2022",489,344
104731,"2015",5745,4024
104731,"2007",NA,NA
104731,"2013",4801,3267
104731,"2014",NA,NA
104731,"2018",NA,NA
104731,"2020",1685,1115
104731,"2019",1002,684
104731,"2008",NA,NA
104731,"2017",4368,3069
104731,"2011",NA,NA
104731,"2010",2571,1718
104731,"2021",2174,1498
104731,"2023",284,183
104735,"2013",NA,NA
104735,"2010",1176,695
104735,"2008",NA,NA
104735,"2019",NA,NA
104735,"2016",715,422
104735,"2007",NA,NA
104735,"2017",316,201
104735,"2011",2800,1659
104735,"2014",NA,NA
104735,"2015",497,276
104735,"2012",1947,1074
104812,"2009",159,91
104812,"2005",610,377
104812,"2007",396,235
104812,"2008",NA,NA
104812,"2006",401,241
104812,"2004",NA,NA
104851,"2013",NA,NA
104851,"2006",58,27
104851,"2008",606,362
104851,"2011",158,98
104851,"2005",NA,NA
104871,"2017",NA,NA
104871,"2012",3465,2214
104871,"2019",4394,2850
104871,"2023",443,236
104871,"2016",2993,1920
104871,"2013",4251,2758
104871,"2015",4426,2914
104871,"2008",1880,1240
104871,"2020",661,392
104871,"2010",4105,2573
104871,"2006",335,184
104871,"2007",NA,NA
104871,"2009",NA,NA
104871,"2014",4542,2966
104871,"2011",NA,NA
104871,"2018",4080,2655
104871,"2021",NA,NA
104897,"2015",534,341
104897,"2007",213,131
104897,"2014",495,337
104897,"2013",501,293
104897,"2008",NA,NA
104897,"2021",NA,NA
104897,"2012",2203,1348
104897,"2016",NA,NA
104897,"2018",709,425
104897,"2011",1085,676
104897,"2019",608,368
104897,"2010",233,155
104932,"2015",1169,738
104932,"2014",1946,1247
104932,"2018",NA,NA
104932,"2016",538,329
104932,"2017",690,436
104932,"2013",NA,NA
104932,"2011",NA,NA
104932,"2012",386,258
104948,"2010",154,93
104976,"2011",2620,1542
104976,"2009",724,394
104976,"2005",NA,NA
104976,"2007",495,304
104976,"2012",1469,948
104976,"2013",NA,NA
104976,"2006",315,183
104976,"2008",281,170
104976,"2010",1076,608
104978,"2010",2323,1501
104978,"2007",145,111
104978,"2011",1176,729
104978,"2017",412,246
104978,"2019",154,97
104978,"2015",180,124
104978,"2013",NA,NA
104978,"2012",1359,916
104978,"2018",NA,NA
104978,"2009",1027,691
104978,"2008",341,214
104978,"2014",NA,NA
104978,"2016",589,383
104999,"2015",1244,794
104999,"2013",710,418
104999,"2017",5093,3256
104999,"2021",NA,NA
104999,"2011",1502,827
104999,"2010",NA,NA
104999,"2016",1843,1198
104999,"2012",NA,NA
104999,"2018",3523,2217
104999,"2006",470,307
104999,"2008",NA,NA
104999,"2007",1249,771
104999,"2019",983,573
104999,"2009",3184,1957
104999,"2020",170,106
105023,"2006",1346,869
105023,"2016",4187,2854
105023,"2009",NA,NA
105023,"2022",1115,721
105023,"2011",2199,1417
105023,"2018",3937,2710
105023,"2013",NA,NA
105023,"2010",NA,NA
105023,"2017",NA,NA
105023,"2007",3343,2194
105023,"2014",NA,NA
105023,"2012",NA,NA
105023,"2008",NA,NA
105023,"2019",3325,2265
105023,"2021",NA,NA
105023,"2020",786,532
105023,"2015",3404,2331
105028,"2013",1669,992
105028,"2008",NA,NA
105028,"2010",443,250
105028,"2011",NA,NA
105028,"2006",NA,NA
105028,"2007",274,160
105028,"2012",2002,1239
105028,"2009",1247,765
105032,"2015",NA,NA
105032,"2016",1547,973
105032,"2008",176,123
105032,"2009",280,164
105032,"2014",NA,NA
105032,"2013",539,369
105032,"2017",602,399
105051,"2016",NA,NA
105051,"2012",NA,NA
105051,"2013",NA,NA
105051,"2024",NA,NA
105051,"2017",1187,738
105051,"2021",756,480
105051,"2019",1681,1015
105051,"2010",201,133
105051,"2014",1836,1032
105051,"2022",NA,NA
105051,"2011",1435,893
105051,"2015",676,424
105051,"2018",3330,2104
105065,"2017",591,348
105065,"2015",1375,813
105065,"2014",1398,842
105065,"2010",429,241
105065,"2012",713,433
105065,"2016",1519,934
105065,"2018",1611,969
105065,"2013",1787,1105
105065,"2011",767,453
105065,"2008",NA,NA
105065,"2019",251,155
105077,"2017",5721,3563
105077,"2018",3980,2461
105077,"2021",4016,2494
105077,"2011",2326,1421
105077,"2016",5332,3306
105077,"2012",NA,NA
105077,"2020",1987,1196
105077,"2023",3320,2011
105077,"2024",809,448
105077,"2022",NA,NA
105077,"2015",2899,1815
105077,"2010",486,281
105077,"2019",3767,2379
105077,"2013",NA,NA
105077,"2014",2336,1411
105113,"2017",253,160
105113,"2012",108,64
105113,"2014",NA,NA
105128,"2011",183,106
105128,"2013",194,110
105137,"2007",122,67
105137,"2015",NA,NA
105137,"2016",NA,NA
105137,"2010",1676,962
105137,"2012",548,292
105137,"2013",NA,NA
105137,"2011",2367,1383
105137,"2009",384,233
105137,"2014",NA,NA
105154,"2010",348,215
105154,"2014",304,198
105154,"2017",249,166
105154,"2015",NA,NA
105154,"2016",204,139
105154,"2013",275,186
105154,"2011",1089,658
105154,"2012",NA,NA
105173,"2015",NA,NA
105173,"2014",3060,1884
105173,"2023",NA,NA
105173,"2022",NA,NA
105173,"2020",2537,1573
105173,"2016",4157,2561
105173,"2008",418,254
105173,"2011",3187,1904
105173,"2019",3887,2454
105173,"2021",2997,1829
105173,"2024",NA,NA
105173,"2010",546,328
105173,"2018",4621,2887
105173,"2017",4667,2906
105173,"2013",2126,1322
105173,"2009",NA,NA
105173,"2012",510,283
105181,"2017",219,136
105332,"2014",2398,1474
105332,"2016",4738,2798
105332,"2010",611,369
105332,"2024",436,257
105332,"2023",NA,NA
105332,"2018",4881,2972
105332,"2013",4829,2944
105332,"2019",5004,3108
105332,"2011",1275,749
105332,"2012",4706,2823
105332,"2020",2058,1254
105332,"2021",3424,1983
105332,"2017",4786,2944
105332,"2015",3502,2151
105332,"2022",2336,1331
105357,"2016",3450,2139
105357,"2019",3772,2405
105357,"2010",NA,NA
105357,"2011",NA,NA
105357,"2022",2150,1347
105357,"2023",413,254
105357,"2015",1108,696
105357,"2012",197,119
105357,"2018",3312,2078
105357,"2017",914,544
105357,"2020",2837,1789
105357,"2013",349,206
105357,"2021",NA,NA
105359,"2017",NA,NA
105359,"2022",NA,NA
105359,"2023",185,102
105359,"2018",443,264
105359,"2021",352,217
105359,"2020",678,403
105359,"2019",NA,NA
105376,"2010",NA,NA
105376,"2018",3624,2312
105376,"2019",2380,1417
105376,"2012",NA,NA
105376,"2017",1831,1165
105376,"2013",585,372
105376,"2015",281,173
105376,"2014",NA,NA
105376,"2022",NA,NA
105376,"2021",1927,1209
105376,"2016",259,170
105376,"2020",399,252
105379,"2013",2169,1331
105379,"2017",2798,1843
105379,"2012",NA,NA
105379,"2015",2616,1645
105379,"2018",NA,NA
105379,"2014",893,533
105379,"2020",1797,1167
105379,"2010",NA,NA
105379,"2011",NA,NA
105379,"2022",NA,NA
105379,"2016",2670,1690
105379,"2019",NA,NA
105379,"2021",2397,1521
105406,"2021",193,121
105406,"2017",NA,NA
105406,"2020",189,130
105430,"2009",NA,NA
105430,"2016",1399,799
105430,"2021",1707,992
105430,"2017",2352,1432
105430,"2019",4388,2716
105430,"2024",1013,617
105430,"2023",1478,867
105430,"2018",2983,1787
105430,"2022",1611,1013
105430,"2015",NA,NA
105430,"2012",NA,NA
105430,"2020",NA,NA
105430,"2013",NA,NA
105430,"2014",NA,NA
105432,"2017",154,113
105432,"2018",501,294
105432,"2023",NA,NA
105432,"2020",400,248
105432,"2022",NA,NA
105432,"2019",1345,816
105432,"2021",196,129
105449,"2011",NA,NA
105449,"2017",NA,NA
105449,"2021",2065,1342
105449,"2020",1321,836
105449,"2010",NA,NA
105449,"2015",NA,NA
105449,"2012",753,493
105449,"2014",NA,NA
105449,"2019",2835,1835
105449,"2023",491,301
105449,"2013",1387,870
105449,"2024",NA,NA
105449,"2016",4512,2999
105449,"2018",4013,2637
105449,"2022",NA,NA
105472,"2013",202,130
105477,"2019",310,179
105477,"2023",NA,NA
105477,"2018",643,387
105477,"2020",NA,NA
105477,"2021",430,269
105477,"2022",NA,NA
105477,"2024",537,317
105477,"2012",166,89
105477,"2016",625,377
105477,"2013",157,89
105477,"2017",362,202
105487,"2021",NA,NA
105487,"2022",1751,1054
105487,"2024",614,385
105487,"2015",396,235
105487,"2012",203,129
105487,"2014",593,356
105487,"2011",NA,NA
105487,"2019",439,253
105487,"2017",1273,767
105487,"2018",494,321
105487,"2020",385,231
105487,"2016",1181,688
105487,"2023",NA,NA
105512,"2016",192,111
105512,"2015",122,90
105512,"2021",NA,NA
105526,"2018",4123,2677
105526,"2020",2234,1434
105526,"2017",4549,2937
105526,"2015",NA,NA
105526,"2016",2603,1658
105526,"2023",3085,2003
105526,"2022",NA,NA
105526,"2014",2386,1527
105526,"2019",5002,3346
105526,"2013",1098,685
105526,"2024",NA,NA
105526,"2021",NA,NA
105542,"2015",197,113
105550,"2019",5101,3230
105550,"2020",1553,966
105550,"2021",1967,1117
105550,"2012",NA,NA
105550,"2015",470,302
105550,"2017",NA,NA
105550,"2013",1571,928
105550,"2016",3576,2290
105550,"2014",520,340
105550,"2023",1999,1243
105550,"2018",NA,NA
105558,"2013",NA,NA
105558,"2011",250,144
105558,"2010",676,405
105558,"2012",1176,715
105558,"2009",178,109
105561,"2023",NA,NA
105561,"2012",372,204
105561,"2014",NA,NA
105561,"2016",212,128
105561,"2017",1329,796
105561,"2022",NA,NA
105561,"2011",230,133
105561,"2019",336,202
105561,"2021",331,201
105561,"2018",155,109
105577,"2014",NA,NA
105577,"2020",2064,1379
105577,"2008",NA,NA
105577,"2015",NA,NA
105577,"2013",NA,NA
105577,"2022",NA,NA
105577,"2011",NA,NA
105577,"2023",289,186
105577,"2021",1871,1186
105577,"2019",1110,734
105577,"2018",2019,1283
105577,"2012",NA,NA
105577,"2024",78,47
105577,"2017",1748,1133
105577,"2016",2613,1650
105643,"2018",2419,1486
105643,"2022",2354,1406
105643,"2017",1544,966
105643,"2020",1793,1085
105643,"2021",NA,NA
105643,"2013",1566,1001
105643,"2009",NA,NA
105643,"2014",3530,2268
105643,"2015",NA,NA
105643,"2010",NA,NA
105643,"2011",326,212
105643,"2012",976,614
105643,"2016",4372,2786
105643,"2019",2881,1749
105643,"2023",214,131
105649,"2016",NA,NA
105649,"2011",636,349
105649,"2012",NA,NA
105649,"2017",977,549
105649,"2019",1284,777
105649,"2018",NA,NA
105649,"2013",183,107
105649,"2021",307,167
105649,"2022",181,122
105649,"2020",432,270
105650,"2016",221,131
105655,"2022",204,119
105655,"2016",NA,NA
105655,"2015",359,210
105655,"2014",NA,NA
105655,"2012",346,204
105677,"2016",154,83
105678,"2014",231,120
105732,"2020",1747,1086
105732,"2022",341,215
105732,"2014",1200,803
105732,"2013",289,184
105732,"2019",3447,2177
105732,"2017",2411,1550
105732,"2016",1828,1184
105732,"2018",4245,2754
105732,"2023",304,205
105732,"2015",1087,713
105732,"2024",355,226
105732,"2021",2114,1347
105807,"2013",1121,645
105807,"2015",3119,1950
105807,"2011",NA,NA
105807,"2019",4350,2835
105807,"2021",NA,NA
105807,"2017",NA,NA
105807,"2014",NA,NA
105807,"2023",487,323
105807,"2016",4887,3089
105807,"2022",NA,NA
105807,"2018",4305,2670
105807,"2020",2669,1702
105807,"2024",1211,741
105815,"2018",3040,1957
105815,"2021",NA,NA
105815,"2019",2602,1660
105815,"2017",584,354
105815,"2020",2135,1394
105815,"2022",NA,NA
105815,"2024",NA,NA
105819,"2023",228,139
105819,"2019",1636,969
105819,"2018",827,484
105819,"2024",NA,NA
105819,"2016",NA,NA
105819,"2015",108,69
105819,"2012",NA,NA
105819,"2017",225,148
105826,"2015",187,105
105870,"2019",NA,NA
105870,"2021",NA,NA
105870,"2020",641,408
105870,"2024",3056,1929
105870,"2023",NA,NA
105870,"2022",935,597
105870,"2018",683,434
105870,"2017",998,615
105874,"2016",NA,NA
105874,"2013",248,162
105874,"2012",289,190
105874,"2014",473,309
105881,"2017",174,113
105881,"2016",611,423
105882,"2020",1349,844
105882,"2018",966,608
105882,"2021",2465,1463
105882,"2023",NA,NA
105882,"2017",488,299
105882,"2022",710,432
105882,"2014",NA,NA
105882,"2019",1007,648
105902,"2023",572,355
105902,"2015",1941,1228
105902,"2021",NA,NA
105902,"2020",1092,681
105902,"2012",407,249
105902,"2018",754,448
105902,"2022",1990,1250
105902,"2014",741,465
105902,"2013",1179,738
105902,"2019",NA,NA
105902,"2024",1954,1275
105902,"2017",NA,NA
105902,"2016",1153,732
105948,"2022",2439,1446
105948,"2023",1572,897
105948,"2024",1688,958
105948,"2018",137,81
105948,"2021",NA,NA
105948,"2020",1359,772
105952,"2022",NA,NA
105952,"2021",NA,NA
105952,"2020",388,225
105952,"2018",NA,NA
105952,"2017",1791,1011
105952,"2015",320,200
105952,"2016",1649,996
105952,"2014",149,94
105963,"2017",590,347
105963,"2019",NA,NA
105963,"2015",154,89
105992,"2020",195,120
105992,"2008",98,55
105992,"2019",632,408
105992,"2015",NA,NA
105992,"2017",NA,NA
105992,"2012",NA,NA
105992,"2014",1200,722
105992,"2011",2688,1628
105992,"2018",NA,NA
105992,"2021",NA,NA
105992,"2016",1829,1204
105992,"2013",2735,1694
105992,"2010",1102,681
106034,"2022",NA,NA
106034,"2014",NA,NA
106034,"2015",NA,NA
106034,"2024",230,159
106034,"2018",223,162
106034,"2019",343,215
106034,"2020",696,420
106034,"2021",1172,725
106034,"2017",247,180
106034,"2013",NA,NA
106044,"2022",NA,NA
106044,"2021",NA,NA
106044,"2018",1502,900
106044,"2017",1712,1049
106044,"2016",275,164
106045,"2014",690,406
106045,"2020",NA,NA
106045,"2019",2521,1513
106045,"2012",880,528
106045,"2022",1929,1192
106045,"2017",139,89
106045,"2023",NA,NA
106045,"2018",2223,1430
106045,"2016",2039,1238
106045,"2011",351,208
106045,"2024",290,165
106045,"2021",1756,1112
106045,"2010",182,106
106045,"2013",1232,767
106045,"2015",NA,NA
106058,"2017",NA,NA
106058,"2021",1043,664
106058,"2016",4812,3177
106058,"2023",513,313
106058,"2014",3432,2300
106058,"2012",1054,669
106058,"2022",NA,NA
106058,"2019",NA,NA
106058,"2010",NA,NA
106058,"2011",266,160
106058,"2018",NA,NA
106058,"2020",646,406
106058,"2015",NA,NA
106058,"2013",1830,1172
106065,"2020",1743,1071
106065,"2015",NA,NA
106065,"2023",1944,1159
106065,"2022",940,546
106065,"2018",NA,NA
106065,"2019",NA,NA
106065,"2021",2868,1788
106065,"2013",NA,NA
106065,"2014",NA,NA
106065,"2017",414,235
106065,"2016",936,567
106075,"2016",1175,715
106075,"2017",717,429
106075,"2020",595,353
106075,"2019",760,443
106075,"2021",925,533
106075,"2018",996,631
106075,"2022",334,188
106075,"2023",NA,NA
106075,"2024",736,462
106099,"2017",NA,NA
106099,"2019",879,508
106099,"2022",NA,NA
106099,"2021",1894,1116
106099,"2020",1731,1044
106099,"2018",461,271
106099,"2016",NA,NA
106109,"2022",NA,NA
106109,"2020",537,338
106109,"2023",174,119
106109,"2024",391,247
106109,"2021",1021,627
106109,"2018",826,501
106109,"2017",NA,NA
106109,"2019",634,409
106109,"2015",NA,NA
106120,"2018",403,233
106121,"2015",NA,NA
106121,"2018",2942,1763
106121,"2024",2609,1560
106121,"2017",1362,788
106121,"2020",426,268
106121,"2023",2106,1280
106121,"2016",2069,1254
106121,"2022",2463,1521
106121,"2014",NA,NA
106121,"2021",NA,NA
106121,"2019",2211,1311
106137,"2021",139,79
106137,"2016",287,165
106137,"2017",NA,NA
106137,"2019",147,90
106148,"2019",3087,1867
106148,"2024",3902,2427
106148,"2014",550,306
106148,"2018",2478,1552
106148,"2020",1109,635
106148,"2017",378,252
106148,"2021",NA,NA
106148,"2022",2407,1454
106148,"2023",3198,1966
106148,"2016",1042,636
106148,"2015",235,135
106148,"2013",NA,NA
106162,"2022",411,241
106186,"2022",NA,NA
106186,"2010",NA,NA
106186,"2018",564,320
106186,"2021",159,97
106186,"2014",168,98
106186,"2019",NA,NA
106186,"2024",297,170
106186,"2023",2204,1390
106214,"2023",NA,NA
106214,"2021",1010,647
106214,"2022",NA,NA
106214,"2020",263,160
106214,"2018",262,171
106214,"2024",NA,NA
106214,"2019",337,217
106216,"2018",556,331
106216,"2022",NA,NA
106216,"2021",518,337
106216,"2015",NA,NA
106216,"2016",1275,780
106216,"2023",NA,NA
106216,"2019",776,478
106216,"2017",1665,1008
106218,"2014",NA,NA
106218,"2022",3496,2201
106218,"2024",4047,2604
106218,"2023",4120,2667
106218,"2020",1588,976
106218,"2018",124,75
106218,"2019",554,341
106218,"2021",NA,NA
106225,"2017",342,230
106225,"2016",124,73
106234,"2016",NA,NA
106234,"2023",3375,2197
106234,"2015",157,93
106234,"2021",NA,NA
106234,"2020",420,262
106234,"2024",1046,638
106234,"2022",3994,2425
106234,"2013",NA,NA
106234,"2014",NA,NA
106249,"2019",NA,NA
106249,"2015",NA,NA
106249,"2020",233,131
106249,"2018",236,128
106249,"2017",280,164
106261,"2016",682,425
106261,"2017",319,207
106261,"2012",266,171
106261,"2015",NA,NA
106283,"2019",NA,NA
106283,"2020",193,113
106283,"2021",NA,NA
106283,"2024",647,415
106283,"2023",136,87
106283,"2014",NA,NA
106283,"2022",613,400
106283,"2017",311,182
106283,"2018",299,180
106290,"2014",224,134
106290,"2015",NA,NA
106290,"2013",175,102
106296,"2021",599,348
106296,"2017",NA,NA
106296,"2022",433,286
106296,"2023",3749,2407
106296,"2020",1168,740
106296,"2024",971,584
106296,"2018",NA,NA
106296,"2016",NA,NA
106296,"2019",1182,730
106298,"2018",4276,2739
106298,"2016",NA,NA
106298,"2024",NA,NA
106298,"2019",3787,2449
106298,"2023",174,102
106298,"2013",413,247
106298,"2015",2023,1234
106298,"2017",4847,3171
106298,"2022",814,494
106298,"2021",1743,1014
106298,"2014",502,287
106328,"2021",253,171
106328,"2013",216,154
106328,"2016",NA,NA
106328,"2017",NA,NA
106328,"2022",162,103
106328,"2018",283,166
106329,"2019",NA,NA
106329,"2017",3327,2076
106329,"2022",NA,NA
106329,"2020",1545,1043
106329,"2016",939,580
106329,"2018",1699,1105
106329,"2023",NA,NA
106329,"2021",NA,NA
106329,"2024",1967,1332
106331,"2020",376,233
106331,"2023",3507,2248
106331,"2017",NA,NA
106331,"2022",1659,1043
106331,"2024",2979,1900
106331,"2021",1354,895
106361,"2016",542,338
106361,"2018",272,172
106361,"2017",497,280
106390,"2015",145,86
106398,"2019",186,120
106398,"2022",1134,718
106398,"2023",NA,NA
106398,"2024",1391,778
106398,"2020",111,64
106398,"2018",NA,NA
106398,"2016",NA,NA
106415,"2018",1761,1028
106415,"2021",NA,NA
106415,"2016",1605,1005
106415,"2023",3360,2067
106415,"2020",2105,1297
106415,"2024",NA,NA
106415,"2022",2858,1751
106415,"2015",621,356
106415,"2019",NA,NA
106415,"2014",NA,NA
106415,"2017",1354,810
106420,"2017",464,275
106421,"2024",5614,3597
106421,"2016",770,471
106421,"2020",2813,1930
106421,"2018",NA,NA
106421,"2017",NA,NA
106421,"2022",4980,3352
106421,"2023",NA,NA
106421,"2019",5700,3827
106421,"2021",NA,NA
109303,"2023",NA,NA
109303,"2017",273,164
109303,"2024",465,301
109686,"2023",215,137
110602,"2023",NA,NA
110602,"2019",NA,NA
110602,"2017",226,140
110602,"2015",227,125
110602,"2022",NA,NA
110602,"2021",1284,766
110602,"2020",1539,952
110602,"2013",NA,NA
110602,"2016",386,229
110602,"2018",1087,666
110748,"2022",252,151
110748,"2019",116,59
110748,"2014",158,93
110748,"2021",178,99
110748,"2020",341,222
111153,"2016",NA,NA
111153,"2017",407,254
111153,"2015",NA,NA
111153,"2023",3752,2521
111153,"2022",835,559
111153,"2019",708,474
111153,"2020",NA,NA
111153,"2018",NA,NA
111153,"2021",406,264
111153,"2024",2456,1622
111197,"2018",218,148
111202,"2019",1157,748
111202,"2013",NA,NA
111202,"2017",3459,2163
111202,"2016",1475,902
111202,"2015",NA,NA
111202,"2014",NA,NA
111202,"2018",3576,2255
111442,"2023",3119,2079
111442,"2014",NA,NA
111442,"2021",3476,2195
111442,"2022",NA,NA
111442,"2019",3905,2522
111442,"2016",1083,701
111442,"2024",NA,NA
111442,"2018",1126,636
111442,"2017",2513,1519
111442,"2020",1911,1200
111442,"2015",NA,NA
111456,"2022",4416,2755
111456,"2016",NA,NA
111456,"2023",NA,NA
111456,"2021",NA,NA
111456,"2024",1457,870
111456,"2019",1799,1103
111456,"2018",2077,1325
111456,"2013",NA,NA
111456,"2020",1075,643
111460,"2022",1278,842
111460,"2017",763,490
111460,"2024",1711,1158
111460,"2018",493,307
111460,"2015",NA,NA
111460,"2021",NA,NA
111460,"2023",2756,1879
111460,"2019",NA,NA
111460,"2016",863,528
111460,"2020",NA,NA
111575,"2020",3104,2007
111575,"2018",5307,3603
111575,"2013",NA,NA
111575,"2017",4922,3130
111575,"2024",4662,3105
111575,"2023",4019,2668
111575,"2016",1852,1202
111575,"2014",NA,NA
111575,"2019",4905,3199
111575,"2022",NA,NA
111575,"2015",NA,NA
111575,"2021",NA,NA
111577,"2014",NA,NA
111577,"2018",2689,1698
111577,"2019",222,119
111577,"2016",1295,806
111577,"2017",NA,NA
111577,"2015",848,551
111581,"2021",486,281
111581,"2020",569,341
111581,"2019",NA,NA
111581,"2018",1197,747
111581,"2017",NA,NA
111581,"2023",2181,1374
111581,"2022",NA,NA
111581,"2024",528,346
111581,"2016",NA,NA
111815,"2022",NA,NA
111815,"2021",5677,3637
111815,"2023",4960,3180
111815,"2024",NA,NA
111815,"2017",417,246
111815,"2018",3165,1988
111815,"2019",3487,2144
111815,"2020",1891,1151
117358,"2021",133,90
117360,"2019",302,182
117360,"2024",NA,NA
117360,"2021",751,453
117360,"2017",NA,NA
117360,"2020",777,452
117360,"2023",93,57
120424,"2017",203,124
120424,"2019",798,468
120424,"2016",NA,NA
120424,"2020",NA,NA
120424,"2018",1115,658
120798,"2016",239,149
122298,"2023",3981,2453
122298,"2024",3453,2106
122298,"2021",2418,1572
122298,"2022",NA,NA
122298,"2019",NA,NA
122330,"2024",NA,NA
122330,"2022",NA,NA
122330,"2018",356,206
122330,"2017",488,299
122330,"2020",2322,1458
122330,"2023",NA,NA
122330,"2016",291,162
122330,"2021",NA,NA
122330,"2019",2808,1778
122554,"2024",183,107
123755,"2020",663,412
123755,"2018",431,258
123755,"2015",171,117
123755,"2019",542,339
123755,"2023",NA,NA
123755,"2021",NA,NA
123755,"2022",NA,NA
123755,"2024",2091,1223
123828,"2016",NA,NA
123828,"2023",460,276
123828,"2024",521,321
123896,"2023",146,93
123961,"2024",84,49
123961,"2022",NA,NA
123961,"2021",139,78
124014,"2023",NA,NA
124014,"2024",NA,NA
124014,"2017",2103,1324
124014,"2020",223,149
124014,"2019",NA,NA
124014,"2022",NA,NA
124014,"2016",480,311
124014,"2018",826,560
124014,"2021",573,349
124079,"2023",1409,814
124079,"2024",3289,1965
124079,"2019",NA,NA
124079,"2021",2955,1796
124079,"2020",1430,842
124079,"2018",NA,NA
124079,"2022",3667,2204
124116,"2018",199,126
124116,"2021",397,267
124116,"2022",272,158
124116,"2023",NA,NA
124116,"2024",3584,2281
124116,"2017",699,434
124116,"2020",213,121
124116,"2019",NA,NA
124186,"2017",NA,NA
124186,"2019",NA,NA
124186,"2024",2889,1778
124186,"2021",337,197
124186,"2023",1775,1051
124187,"2019",4292,3063
124187,"2024",1251,867
124187,"2016",845,598
124187,"2018",338,236
124187,"2022",2903,2088
124187,"2020",1643,1158
124187,"2021",NA,NA
124187,"2017",842,557
125802,"2019",NA,NA
125802,"2022",3756,2351
125802,"2017",459,284
125802,"2018",NA,NA
125802,"2020",665,433
125802,"2021",NA,NA
125802,"2023",2188,1298
125802,"2016",690,415
126094,"2019",4173,2707
126094,"2016",521,326
126094,"2021",NA,NA
126094,"2014",NA,NA
126094,"2018",NA,NA
126094,"2017",3364,2051
126094,"2023",6708,4437
126094,"2020",3726,2564
126094,"2015",NA,NA
126094,"2024",NA,NA
126094,"2022",5489,3670
126106,"2022",751,472
126106,"2023",235,141
126127,"2017",188,104
126127,"2022",NA,NA
126127,"2021",930,555
126127,"2024",833,532
126127,"2018",NA,NA
126127,"2023",NA,NA
126127,"2020",317,187
126128,"2017",NA,NA
126128,"2023",3038,1987
126128,"2021",674,415
126128,"2024",3595,2310
126128,"2022",NA,NA
126128,"2020",111,71
126129,"2023",177,116
126129,"2024",1019,678
126149,"2021",3138,1975
126149,"2020",1123,703
126149,"2017",NA,NA
126149,"2022",485,313
126149,"2019",132,88
126174,"2018",178,113
126203,"2020",2432,1636
126203,"2016",3060,1905
126203,"2024",6051,4231
126203,"2017",2097,1355
126203,"2022",NA,NA
126203,"2019",NA,NA
126203,"2021",4818,3150
126203,"2015",131,78
126203,"2018",3743,2400
126203,"2023",NA,NA
126205,"2024",5074,3310
126205,"2023",NA,NA
126205,"2015",NA,NA
126205,"2022",NA,NA
126205,"2017",839,542
126205,"2021",NA,NA
126205,"2019",415,268
126205,"2016",405,238
126205,"2020",2357,1471
126205,"2018",328,207
126207,"2022",NA,NA
126207,"2014",NA,NA
126207,"2017",NA,NA
126207,"2021",NA,NA
126207,"2015",539,334
126207,"2019",4192,2683
126207,"2024",5173,3410
126207,"2018",NA,NA
126207,"2023",4654,3125
126207,"2020",1882,1167
126207,"2016",612,388
126214,"2021",378,226
126214,"2022",NA,NA
126214,"2024",NA,NA
126214,"2023",635,398
126214,"2020",524,343
126409,"2024",820,484
126409,"2021",NA,NA
126409,"2023",469,268
126409,"2022",846,533
126523,"2022",1966,1132
126523,"2024",658,341
126523,"2019",NA,NA
126523,"2018",120,72
126523,"2021",1334,782
126523,"2023",3313,1908
126530,"2018",137,77
126535,"2022",1160,672
126535,"2018",309,187
126535,"2023",NA,NA
126535,"2021",1119,683
126535,"2024",NA,NA
126535,"2020",243,153
126623,"2021",157,88
126846,"2020",NA,NA
126846,"2021",459,300
126846,"2024",3780,2422
126846,"2018",NA,NA
126846,"2023",2414,1560
126846,"2022",946,641
127157,"2019",NA,NA
127157,"2023",NA,NA
127157,"2020",575,351
127157,"2024",2981,1858
127157,"2022",2092,1252
127157,"2021",1203,739
127157,"2017",402,252
128034,"2018",NA,NA
128034,"2019",3754,2468
128034,"2023",6221,4303
128034,"2016",478,276
128034,"2020",2452,1538
128034,"2017",NA,NA
128034,"2022",5119,3575
128034,"2024",5194,3600
128034,"2021",NA,NA
131934,"2023",880,538
131934,"2022",NA,NA
131934,"2024",609,389
131934,"2021",119,74
133297,"2022",411,257
133297,"2021",192,121
133297,"2018",279,182
133297,"2019",NA,NA
133297,"2024",420,273
133297,"2023",1759,1136
133430,"2023",2314,1477
133430,"2017",NA,NA
133430,"2019",NA,NA
133430,"2024",3921,2603
133430,"2022",NA,NA
133430,"2020",2895,1881
133430,"2016",345,220
133430,"2018",5397,3521
133430,"2021",NA,NA
133835,"2024",383,239
133835,"2023",1198,790
133835,"2022",367,239
133933,"2024",220,146
134770,"2022",NA,NA
134770,"2019",NA,NA
134770,"2017",1225,763
134770,"2023",4983,3232
134770,"2024",NA,NA
134770,"2020",2676,1763
134770,"2016",171,108
134770,"2021",NA,NA
134770,"2018",1341,829
136440,"2024",2752,1731
136440,"2019",886,537
136440,"2017",NA,NA
136440,"2021",NA,NA
136440,"2022",1065,638
136440,"2020",1086,644
136440,"2018",207,134
136440,"2023",970,632
144707,"2019",NA,NA
144707,"2015",NA,NA
144707,"2023",NA,NA
144707,"2022",NA,NA
144707,"2021",3285,1886
144707,"2018",602,378
144707,"2020",1106,649
144707,"2016",137,93
144707,"2017",616,344
144719,"2024",2907,1746
144719,"2021",2616,1570
144719,"2016",NA,NA
144719,"2023",2547,1500
144719,"2018",2290,1407
144719,"2020",956,567
144719,"2015",160,87
144719,"2019",3056,1877
144719,"2022",3412,2074
144719,"2017",NA,NA
144750,"2019",NA,NA
144750,"2018",437,262
144750,"2024",457,322
144750,"2022",1414,900
144750,"2023",1636,1101
144750,"2020",1813,1176
144750,"2017",563,386
144750,"2016",358,200
144750,"2021",NA,NA
144797,"2016",139,77
144821,"2023",397,240
144869,"2021",225,140
144869,"2024",4946,3185
144869,"2022",1391,815
144869,"2023",NA,NA
144870,"2024",187,111
144895,"2020",NA,NA
144895,"2022",2106,1297
144895,"2024",NA,NA
144895,"2021",2078,1237
144895,"2019",1384,794
144895,"2023",2057,1215
144895,"2018",1192,679
200059,"2017",344,213
200059,"2024",264,173
200059,"2019",NA,NA
200059,"2022",355,223
200059,"2023",2343,1430
200059,"2018",578,352
200095,"2022",NA,NA
200095,"2021",229,127
200095,"2019",294,172
200095,"2018",128,74
200095,"2017",NA,NA
200116,"2023",181,97
200116,"2022",248,138
200116,"2024",649,345
200221,"2019",1018,576
200221,"2021",NA,NA
200221,"2022",4145,2541
200221,"2024",NA,NA
200221,"2023",4680,2923
200221,"2020",2123,1242
200240,"2024",620,344
200240,"2021",203,128
200240,"2022",323,181
200259,"2024",284,179
200267,"2022",NA,NA
200267,"2021",323,190
200267,"2020",174,110
200267,"2023",NA,NA
200267,"2024",3019,1962
200297,"2021",112,68
200303,"2022",471,268
200303,"2020",NA,NA
200303,"2024",3528,2197
200303,"2021",NA,NA
200303,"2023",2323,1466
200374,"2022",227,127
200384,"2023",1075,622
200384,"2020",770,448
200384,"2018",NA,NA
200384,"2022",2382,1386
200384,"2024",2495,1478
200384,"2021",1465,848
200443,"2024",1145,742
200553,"2019",139,80
200587,"2022",418,261
200587,"2023",423,246
200587,"2024",NA,NA
200615,"2022",1914,1203
200615,"2019",2685,1748
200615,"2021",3723,2443
200615,"2023",NA,NA
200615,"2018",480,280
200615,"2020",592,381
200615,"2024",NA,NA
200670,"2020",388,229
200670,"2023",3886,2512
200670,"2022",2111,1315
200670,"2021",NA,NA
200670,"2024",713,399
200677,"2022",143,88
200702,"2024",138,75
202058,"2023",335,201
202058,"2024",985,627
202058,"2021",NA,NA
202195,"2022",4516,3122
202195,"2024",409,255
202195,"2023",2481,1673
202195,"2021",1062,723
202195,"2020",214,142
202235,"2023",111,60
202269,"2021",107,68
202358,"2020",140,90
202358,"2022",1070,617
202358,"2023",534,324
202358,"2024",NA,NA
202358,"2018",118,78
202358,"2019",NA,NA
205734,"2020",765,480
205734,"2022",206,119
205734,"2018",NA,NA
205734,"2019",351,219
205734,"2021",489,286
205734,"2024",3605,2229
205734,"2023",NA,NA
206499,"2022",340,225
206499,"2024",2734,1775
206499,"2023",909,558
206748,"2020",NA,NA
206748,"2022",548,346
206748,"2023",429,268
206748,"2021",NA,NA
206748,"2024",785,507
206909,"2020",466,312
206909,"2022",4479,3011
206909,"2021",2295,1546
206909,"2023",2808,1876
206909,"2024",NA,NA
207182,"2021",NA,NA
207182,"2022",435,245
207182,"2023",333,220
207182,"2019",NA,NA
207182,"2024",428,250
207352,"2022",NA,NA
207352,"2024",1099,729
207352,"2023",121,78
207678,"2022",550,312
207678,"2023",1521,870
207678,"2024",224,132
207678,"2021",819,481
207681,"2024",1120,700
207733,"2022",2419,1583
207733,"2021",360,229
207733,"2023",2238,1489
207733,"2024",4746,3180
207834,"2022",182,89
207925,"2023",851,518
207925,"2021",246,142
207925,"2022",NA,NA
207925,"2024",5312,3355
207985,"2024",452,297
207989,"2024",4923,3355
207989,"2020",234,136
207989,"2023",5820,3885
207989,"2021",3803,2385
207989,"2022",NA,NA
208004,"2024",974,596
208004,"2020",NA,NA
208004,"2023",492,317
208010,"2023",156,96
208010,"2024",456,289
208013,"2023",163,94
208013,"2024",NA,NA
208013,"2021",137,75
208014,"2023",1886,1129
208014,"2022",257,151
208014,"2024",NA,NA
208134,"2020",NA,NA
208134,"2022",395,237
208134,"2024",1254,718
208134,"2023",640,384
208144,"2024",124,84
208279,"2024",272,162
208286,"2022",NA,NA
208286,"2024",4594,2832
208286,"2023",3133,1957
208363,"2024",3211,1859
208502,"2023",1709,1105
208502,"2022",958,652
208502,"2021",602,397
208502,"2024",724,469
208859,"2024",449,296
208859,"2022",499,294
208859,"2023",378,223
209070,"2023",NA,NA
209070,"2024",1957,1270
209070,"2021",304,189
209113,"2022",NA,NA
209113,"2024",1542,946
209113,"2023",625,408
209209,"2023",647,404
209209,"2022",NA,NA
209209,"2024",354,196
209263,"2024",176,94
209279,"2024",902,545
209279,"2023",259,165
209318,"2024",124,66
209414,"2023",2733,1648
209414,"2022",NA,NA
209414,"2024",2161,1341
210097,"2024",5966,4117
210097,"2023",4385,2938
210097,"2022",538,370
210136,"2022",NA,NA
210136,"2024",242,145
210136,"2023",128,94
210150,"2023",334,225
210150,"2024",3925,2487
210319,"2023",272,160
210319,"2024",332,200
210340,"2023",257,152
210460,"2024",226,143
210506,"2023",1231,791
210506,"2024",5038,3194
211514,"2024",147,95
212720,"2024",88,49
201389,"2011",883,439
201389,"2013",186,100
201389,"2004",NA,NA
201389,"2008",116,61
201389,"2010",NA,NA
201483,"2009",189,94
201483,"2018",1041,499
201483,"2021",1413,744
201483,"2019",1022,503
201483,"2023",1347,699
201483,"2016",2822,1501
201483,"2007",248,126
201483,"2015",NA,NA
201483,"2008",NA,NA
201483,"2010",NA,NA
201483,"2022",NA,NA
201483,"2017",2083,1065
201483,"2020",394,198
201483,"2012",NA,NA
201483,"2014",NA,NA
201483,"2011",137,72
201514,"2012",NA,NA
201514,"2013",NA,NA
201514,"2021",2709,1556
201514,"2016",1426,782
201514,"2018",2800,1514
201514,"2007",NA,NA
201514,"2020",936,516
201514,"2019",2697,1541
201514,"2006",NA,NA
201514,"2015",323,174
201514,"2023",3381,1957
201514,"2014",NA,NA
201514,"2008",NA,NA
201514,"2022",2886,1647
201514,"2009",NA,NA
201514,"2017",3496,1965
201514,"2010",NA,NA
201514,"2011",NA,NA
201514,"2024",2017,1126
201516,"2023",652,333
201516,"2011",NA,NA
201516,"2019",1121,561
201516,"2017",1733,922
201516,"2013",NA,NA
201516,"2018",1726,923
201516,"2007",NA,NA
201516,"2010",NA,NA
201516,"2009",390,212
201516,"2008",NA,NA
201516,"2012",166,91
201516,"2015",NA,NA
201516,"2016",1371,697
201516,"2022",263,134
201516,"2005",NA,NA
201527,"2014",2504,1385
201527,"2020",451,240
201527,"2021",1244,654
201527,"2008",NA,NA
201527,"2019",1323,706
201527,"2013",NA,NA
201527,"2016",1650,874
201527,"2022",371,165
201527,"2009",NA,NA
201527,"2011",124,66
201527,"2010",NA,NA
201527,"2018",1931,1088
201527,"2015",NA,NA
201527,"2017",592,322
201527,"2005",NA,NA
201527,"2012",NA,NA
201527,"2006",NA,NA
201529,"2018",483,249
201529,"2017",567,335
201529,"2019",1139,636
201529,"2021",412,216
201529,"2020",NA,NA
201529,"2014",NA,NA
201529,"2008",NA,NA
201535,"2023",215,120
201535,"2022",622,364
201535,"2013",996,562
201535,"2012",NA,NA
201535,"2011",1491,825
201535,"2019",228,124
201535,"2006",NA,NA
201535,"2007",NA,NA
201535,"2020",NA,NA
201535,"2008",NA,NA
201535,"2010",NA,NA
201535,"2017",3400,2146
201535,"2021",859,496
201535,"2009",157,91
201535,"2015",NA,NA
201535,"2016",2789,1712
201535,"2018",1955,1155
201535,"2014",2514,1573
201540,"2014",2710,1503
201540,"2022",956,490
201540,"2011",NA,NA
201540,"2016",4903,2789
201540,"2009",NA,NA
201540,"2023",NA,NA
201540,"2020",934,489
201540,"2024",242,122
201540,"2015",NA,NA
201540,"2018",3530,1989
201540,"2017",4650,2719
201540,"2012",705,407
201540,"2019",3678,2035
201540,"2013",NA,NA
201540,"2010",223,105
201540,"2021",NA,NA
201554,"2020",NA,NA
201554,"2016",NA,NA
201554,"2017",NA,NA
201554,"2009",462,219
201554,"2010",NA,NA
201554,"2014",190,109
201554,"2021",497,240
201554,"2015",662,363
201554,"2012",123,70
201554,"2018",394,211
201554,"2019",NA,NA
201554,"2011",524,261
201554,"2022",304,158
201568,"2023",NA,NA
201568,"2010",NA,NA
201568,"2014",NA,NA
201568,"2008",NA,NA
201568,"2022",789,414
201568,"2020",NA,NA
201568,"2009",273,141
201568,"2018",415,205
201568,"2013",NA,NA
201568,"2019",338,169
201568,"2011",242,131
201568,"2015",NA,NA
201568,"2021",1252,694
201568,"2017",1015,514
201568,"2016",1617,864
201572,"2010",NA,NA
201572,"2011",329,169
201572,"2009",341,179
201572,"2008",175,103
201585,"2023",NA,NA
201585,"2017",1771,1020
201585,"2019",2992,1679
201585,"2013",NA,NA
201585,"2011",913,498
201585,"2014",NA,NA
201585,"2012",NA,NA
201585,"2016",2249,1325
201585,"2020",1066,597
201585,"2022",2458,1382
201585,"2024",2605,1465
201585,"2010",361,189
201585,"2018",4068,2318
201585,"2015",NA,NA
201585,"2021",2746,1535
201590,"2011",771,422
201590,"2012",NA,NA
201590,"2022",NA,NA
201590,"2023",NA,NA
201590,"2016",3145,1808
201590,"2017",3095,1730
201590,"2018",2901,1668
201590,"2019",3510,2002
201590,"2021",NA,NA
201590,"2013",1381,829
201590,"2015",NA,NA
201590,"2020",1117,638
201590,"2014",NA,NA
201590,"2010",684,406
201597,"2015",NA,NA
201597,"2019",517,275
201597,"2010",NA,NA
201597,"2013",976,540
201597,"2014",NA,NA
201597,"2012",NA,NA
201597,"2017",1916,986
201597,"2021",391,220
201597,"2011",322,155
201597,"2016",NA,NA
201597,"2018",1364,736
201597,"2009",148,69
201597,"2020",NA,NA
201607,"2010",90,45
201607,"2009",NA,NA
201607,"2011",262,135
201611,"2012",124,72
201611,"2016",3363,1887
201611,"2021",325,184
201611,"2014",192,99
201611,"2010",NA,NA
201611,"2013",636,318
201611,"2017",4501,2557
201611,"2019",1527,811
201611,"2015",NA,NA
201611,"2020",178,103
201611,"2023",1004,533
201611,"2022",NA,NA
201611,"2024",2151,1141
201611,"2018",NA,NA
201616,"2024",NA,NA
201616,"2020",977,517
201616,"2011",NA,NA
201616,"2015",NA,NA
201616,"2016",1767,977
201616,"2013",NA,NA
201616,"2014",NA,NA
201616,"2023",2087,1154
201616,"2022",2187,1202
201616,"2018",753,407
201616,"2017",3123,1629
201616,"2019",1341,731
201616,"2012",651,366
201616,"2021",1788,999
201619,"2023",NA,NA
201619,"2014",NA,NA
201619,"2013",NA,NA
201619,"2015",NA,NA
201619,"2021",1731,1012
201619,"2018",2907,1803
201619,"2019",3206,1952
201619,"2016",4581,2864
201619,"2020",784,500
201619,"2022",NA,NA
201619,"2011",262,151
201619,"2012",292,153
201619,"2009",119,72
201619,"2017",1899,1156
201619,"2024",NA,NA
201643,"2009",225,104
201648,"2018",306,190
201648,"2012",NA,NA
201648,"2016",1905,1116
201648,"2010",NA,NA
201648,"2017",1284,789
201648,"2015",NA,NA
201648,"2014",314,188
201648,"2011",264,170
201648,"2009",NA,NA
201660,"2008",235,136
201660,"2009",133,70
201696,"2017",2154,1162
201696,"2014",340,186
201696,"2016",3273,1845
201696,"2024",NA,NA
201696,"2021",NA,NA
201696,"2015",NA,NA
201696,"2010",NA,NA
201696,"2020",1318,759
201696,"2022",749,404
201696,"2018",1407,771
201696,"2023",NA,NA
201696,"2019",2529,1421
201697,"2011",554,296
201697,"2013",NA,NA
201697,"2019",2652,1639
201697,"2021",1552,917
201697,"2018",2903,1721
201697,"2014",946,572
201697,"2008",NA,NA
201697,"2012",NA,NA
201697,"2020",1212,740
201697,"2007",NA,NA
201697,"2017",3436,2070
201697,"2010",NA,NA
201697,"2015",NA,NA
201697,"2016",1943,1178
202358,"2006",NA,NA
202373,"2007",142,70
202402,"2008",165,74
202423,"2012",101,62
202423,"2011",154,91
202426,"2011",NA,NA
202426,"2015",NA,NA
202426,"2016",577,333
202426,"2017",730,404
202426,"2014",219,121
202429,"2015",NA,NA
202429,"2013",NA,NA
202429,"2018",2980,1760
202429,"2020",1790,1036
202429,"2012",947,516
202429,"2016",2589,1447
202429,"2014",NA,NA
202429,"2022",2372,1356
202429,"2019",2053,1144
202429,"2017",2154,1246
202429,"2021",NA,NA
202429,"2023",NA,NA
202429,"2011",NA,NA
202429,"2024",587,332
202446,"2021",485,279
202446,"2017",2260,1208
202446,"2019",794,412
202446,"2018",2047,1150
202446,"2016",3655,2106
202446,"2015",NA,NA
202446,"2011",NA,NA
202446,"2022",614,355
202446,"2020",1128,673
202446,"2023",478,277
202446,"2014",NA,NA
202446,"2012",737,423
202446,"2013",NA,NA
202452,"2011",146,73
202453,"2015",NA,NA
202453,"2013",380,201
202453,"2018",1743,949
202453,"2014",NA,NA
202453,"2019",3282,1792
202453,"2024",439,220
202453,"2011",NA,NA
202453,"2012",394,190
202453,"2016",NA,NA
202453,"2021",NA,NA
202453,"2017",1439,768
202453,"2020",819,488
202465,"2012",122,61
202482,"2015",NA,NA
202482,"2019",464,247
202482,"2020",330,161
202482,"2012",NA,NA
202482,"2017",532,294
202482,"2018",236,130
202482,"2016",495,239
202482,"2021",NA,NA
202484,"2019",545,301
202484,"2015",NA,NA
202484,"2013",221,109
202484,"2014",NA,NA
202484,"2020",NA,NA
202484,"2018",407,214
202484,"2017",1336,705
202484,"2016",1780,969
202484,"2012",396,193
202504,"2019",398,219
202504,"2017",2270,1281
202504,"2016",1106,638
202504,"2013",235,136
202504,"2020",NA,NA
202504,"2014",NA,NA
202504,"2015",NA,NA
202504,"2012",226,126
202504,"2018",1117,622
202536,"2015",NA,NA
202536,"2017",1035,584
202536,"2021",NA,NA
202536,"2014",226,118
202536,"2020",471,293
202536,"2022",NA,NA
202536,"2016",901,487
202536,"2018",2111,1166
202536,"2019",1487,845
202536,"2023",NA,NA
202536,"2024",NA,NA
202578,"2019",139,68
202600,"2017",633,340
202600,"2014",NA,NA
202600,"2015",NA,NA
202600,"2023",NA,NA
202600,"2019",588,299
202600,"2020",546,267
202600,"2024",3546,1939
202600,"2021",1234,636
202600,"2018",738,351
202600,"2022",1196,646
202628,"2016",NA,NA
202628,"2018",180,92
202628,"2015",356,187
202628,"2017",NA,NA
202628,"2014",397,202
202628,"2023",1123,598
202628,"2013",347,177
202628,"2022",NA,NA
202628,"2021",662,397
202653,"2015",NA,NA
202653,"2014",275,156
202653,"2016",2077,1149
202653,"2018",594,333
202653,"2017",1035,562
202653,"2019",375,210
202662,"2024",136,65
202662,"2018",NA,NA
202662,"2023",258,135
202684,"2014",NA,NA
202684,"2021",792,442
202684,"2022",1396,740
202684,"2015",723,405
202684,"2016",637,365
202684,"2017",1523,868
202684,"2020",669,363
202684,"2019",1231,635
202684,"2018",886,479
202684,"2024",1878,1055
202684,"2023",3728,2106
202685,"2014",403,220
202685,"2018",NA,NA
202685,"2017",NA,NA
202685,"2016",284,176
202685,"2015",303,161
202702,"2014",640,372
202702,"2013",187,101
202702,"2015",NA,NA
202702,"2016",300,166
202702,"2017",NA,NA
202702,"2019",223,132
202702,"2018",NA,NA
202702,"2021",149,89
202858,"2016",120,58
202916,"2021",354,221
202916,"2019",330,206
202916,"2018",576,325
202921,"2017",129,72
203325,"2021",333,177
203325,"2019",253,148
203354,"2020",447,227
203354,"2023",NA,NA
203354,"2021",1560,802
203354,"2022",NA,NA
203354,"2017",232,113
203354,"2024",1927,1024
203354,"2019",475,226
203354,"2018",NA,NA
203435,"2014",NA,NA
203435,"2017",552,324
203435,"2022",76,35
203435,"2018",1853,1010
203435,"2023",161,75
203435,"2019",1638,839
203435,"2016",NA,NA
203462,"2019",NA,NA
203462,"2016",1612,903
203462,"2017",1325,718
203462,"2015",NA,NA
203462,"2024",NA,NA
203462,"2022",596,317
203462,"2013",287,147
203462,"2021",2314,1210
203462,"2023",1554,836
203462,"2014",320,170
203462,"2020",584,306
203462,"2018",1750,972
203500,"2022",NA,NA
203500,"2016",890,489
203500,"2024",594,309
203500,"2019",718,380
203500,"2020",192,111
203500,"2013",NA,NA
203500,"2018",1455,775
203500,"2015",NA,NA
203500,"2017",705,371
203500,"2021",NA,NA
203500,"2023",648,366
203500,"2014",NA,NA
203501,"2020",356,205
203501,"2013",295,146
203501,"2022",327,190
203501,"2018",954,535
203501,"2019",1052,614
203501,"2023",1065,663
203501,"2024",NA,NA
203501,"2015",539,311
203501,"2017",821,446
203501,"2016",224,125
203501,"2014",851,462
203504,"2016",450,223
203504,"2019",NA,NA
203504,"2017",810,422
203504,"2015",NA,NA
203504,"2018",376,193
203514,"2020",274,141
203514,"2019",636,363
203514,"2023",204,113
203514,"2024",526,271
203514,"2021",1505,677
203514,"2022",359,193
203530,"2016",2443,1353
203530,"2020",NA,NA
203530,"2019",2244,1157
203530,"2013",294,154
203530,"2023",1188,695
203530,"2021",NA,NA
203530,"2017",2400,1276
203530,"2018",1290,677
203530,"2024",NA,NA
203530,"2022",NA,NA
203553,"2017",131,72
203562,"2018",100,55
203562,"2023",NA,NA
203562,"2017",118,74
203564,"2020",NA,NA
203564,"2022",892,449
203564,"2023",209,114
203564,"2016",NA,NA
203564,"2024",888,482
203564,"2018",NA,NA
203564,"2019",1009,558
203564,"2017",220,120
203564,"2021",NA,NA
203575,"2014",NA,NA
203575,"2022",1469,789
203575,"2011",NA,NA
203575,"2021",1856,974
203575,"2020",829,489
203575,"2024",NA,NA
203575,"2018",528,284
203575,"2015",NA,NA
203575,"2019",451,241
203575,"2013",NA,NA
203575,"2017",1339,691
203575,"2012",NA,NA
203575,"2023",1255,686
203575,"2016",2831,1615
203576,"2016",433,207
203576,"2015",NA,NA
203576,"2014",425,218
203576,"2017",757,401
204267,"2017",104,65
204362,"2018",275,154
204362,"2015",NA,NA
204362,"2013",NA,NA
204362,"2017",183,88
204362,"2016",273,150
204388,"2013",234,126
204388,"2014",224,111
204394,"2020",219,121
204394,"2017",336,181
204394,"2019",305,165
204394,"2023",NA,NA
204394,"2021",247,119
204394,"2022",NA,NA
204394,"2018",782,382
204394,"2014",NA,NA
204411,"2020",211,93
204411,"2016",NA,NA
204411,"2014",264,149
204411,"2015",NA,NA
204411,"2021",1109,614
204411,"2023",901,485
204411,"2022",NA,NA
204411,"2024",371,212
204427,"2024",NA,NA
204427,"2022",2971,1612
204427,"2017",2396,1173
204427,"2015",NA,NA
204427,"2023",NA,NA
204427,"2021",NA,NA
204427,"2020",1332,677
204427,"2019",2092,1062
204427,"2016",982,478
204427,"2018",1366,645
205344,"2016",239,131
205344,"2017",157,91
205344,"2022",NA,NA
205344,"2018",NA,NA
205344,"2019",328,187
205723,"2017",278,164
205723,"2021",177,89
205723,"2018",NA,NA
205815,"2017",380,211
205815,"2014",312,178
205815,"2018",130,77
205815,"2022",NA,NA
205815,"2016",NA,NA
205848,"2018",156,84
205925,"2021",2989,1591
205925,"2014",NA,NA
205925,"2024",1168,603
205925,"2019",2587,1462
205925,"2023",2727,1494
205925,"2020",1619,907
205925,"2013",NA,NA
205925,"2022",NA,NA
205925,"2015",NA,NA
205925,"2017",2260,1260
205925,"2012",NA,NA
205925,"2018",3754,2155
205925,"2016",1706,873
206037,"2022",296,148
206037,"2019",234,132
206037,"2023",NA,NA
206037,"2014",NA,NA
206037,"2015",NA,NA
206037,"2016",NA,NA
206037,"2020",297,152
206037,"2018",304,167
206037,"2021",191,100
206037,"2024",NA,NA
206037,"2017",343,191
206107,"2023",NA,NA
206107,"2018",132,69
206107,"2017",131,81
206107,"2015",NA,NA
206107,"2019",290,156
206107,"2021",NA,NA
206107,"2016",196,100
206108,"2023",737,419
206108,"2020",1983,1248
206108,"2016",581,341
206108,"2018",1235,707
206108,"2019",2612,1569
206108,"2021",NA,NA
206108,"2017",1701,979
206124,"2020",838,469
206124,"2018",573,294
206124,"2017",920,504
206124,"2023",1424,769
206124,"2015",273,144
206124,"2021",NA,NA
206124,"2014",NA,NA
206124,"2024",NA,NA
206124,"2019",759,432
206124,"2022",NA,NA
206124,"2016",757,407
206124,"2013",NA,NA
206136,"2018",160,81
206136,"2017",355,183
206183,"2017",217,114
206183,"2015",NA,NA
206183,"2016",324,169
206216,"2017",122,65
206219,"2019",113,70
206219,"2022",1531,816
206219,"2017",2085,1166
206219,"2020",994,584
206219,"2021",1451,788
206219,"2015",NA,NA
206219,"2023",209,111
206219,"2018",574,305
206219,"2016",1016,591
206219,"2024",659,367
206252,"2019",186,104
206252,"2023",NA,NA
206252,"2021",NA,NA
206252,"2022",NA,NA
206252,"2024",2811,1662
206252,"2014",165,93
206252,"2018",250,127
206252,"2020",1102,638
206252,"2017",735,397
206252,"2015",NA,NA
206252,"2016",546,301
206255,"2019",849,489
206255,"2017",766,411
206255,"2020",1106,606
206255,"2023",634,301
206255,"2016",1506,815
206255,"2021",875,474
206255,"2015",NA,NA
206289,"2015",NA,NA
206289,"2022",4684,2825
206289,"2021",NA,NA
206289,"2020",2258,1351
206289,"2016",1296,689
206289,"2014",NA,NA
206289,"2018",3271,1863
206289,"2019",3889,2239
206289,"2017",2414,1334
206289,"2024",NA,NA
206289,"2013",NA,NA
206289,"2023",4462,2654
206289,"2012",NA,NA
206292,"2021",1814,1045
206292,"2023",203,113
206292,"2019",1154,669
206292,"2022",1044,571
206292,"2020",584,333
206292,"2024",492,288
206374,"2021",827,425
206374,"2018",2236,1265
206374,"2014",298,172
206374,"2023",133,82
206374,"2019",2860,1598
206374,"2017",663,341
206374,"2016",NA,NA
206374,"2020",724,397
206374,"2015",NA,NA
206374,"2024",2153,1224
206408,"2024",2232,1186
206408,"2023",2328,1261
206408,"2018",122,65
206408,"2016",NA,NA
206408,"2021",NA,NA
206408,"2020",870,466
206408,"2017",572,296
206408,"2022",NA,NA
206417,"2022",NA,NA
206417,"2023",582,286
206417,"2024",351,195
206420,"2016",500,300
206420,"2022",3597,2165
206420,"2019",4024,2385
206420,"2023",NA,NA
206420,"2024",3812,2237
206420,"2018",1641,910
206420,"2021",NA,NA
206420,"2017",1257,667
206420,"2020",2213,1295
206430,"2022",257,141
206430,"2023",189,106
206430,"2021",125,76
206430,"2015",NA,NA
206430,"2019",332,190
206430,"2024",NA,NA
210672,"2016",174,86
210705,"2022",671,338
210705,"2017",NA,NA
210705,"2019",602,279
210705,"2024",347,172
210705,"2021",1239,655
210705,"2020",298,168
210705,"2018",280,147
210722,"2019",4273,2497
210722,"2024",3296,1911
210722,"2022",NA,NA
210722,"2020",3084,1863
210722,"2018",4710,2739
210722,"2016",439,237
210722,"2021",NA,NA
210722,"2023",3322,1856
210722,"2017",3708,2061
210871,"2018",188,106
210871,"2016",223,102
210871,"2017",128,58
210871,"2015",NA,NA
210913,"2019",152,75
210957,"2017",371,218
210957,"2016",NA,NA
210957,"2018",231,123
211095,"2018",1923,1096
211095,"2019",2550,1505
211095,"2023",3098,1740
211095,"2017",NA,NA
211095,"2020",1113,611
211095,"2021",2443,1333
211095,"2022",1590,941
211095,"2024",2315,1279
211279,"2022",NA,NA
211279,"2017",NA,NA
211279,"2015",NA,NA
211279,"2019",899,469
211279,"2023",NA,NA
211279,"2024",1884,1019
211279,"2021",1133,621
211279,"2018",518,284
211279,"2020",358,195
211337,"2022",861,462
211337,"2020",NA,NA
211337,"2018",483,251
211337,"2023",1953,1040
211337,"2019",814,422
211337,"2024",1577,803
211337,"2017",515,282
211337,"2021",796,419
211411,"2024",282,151
211411,"2019",1078,609
211411,"2021",NA,NA
211411,"2016",NA,NA
211411,"2018",NA,NA
211411,"2020",519,287
211411,"2017",734,383
211456,"2022",165,79
211472,"2015",63,41
211544,"2021",35,10
211684,"2017",NA,NA
211684,"2024",NA,NA
211684,"2022",NA,NA
211684,"2020",349,178
211684,"2014",NA,NA
211684,"2015",NA,NA
211684,"2021",999,562
211684,"2019",603,320
211684,"2016",159,83
211684,"2023",2316,1309
211684,"2018",1221,644
211701,"2021",2962,1657
211701,"2024",NA,NA
211701,"2022",NA,NA
211701,"2014",748,404
211701,"2023",NA,NA
211701,"2013",NA,NA
211701,"2017",3548,1957
211701,"2020",1204,631
211701,"2015",NA,NA
211701,"2016",2693,1482
211701,"2018",4003,2268
211701,"2019",3325,1837
211702,"2021",NA,NA
211702,"2018",1304,722
211702,"2019",973,565
211702,"2016",NA,NA
211702,"2022",692,374
211702,"2017",2066,1130
211702,"2015",NA,NA
211702,"2020",1061,594
211702,"2024",NA,NA
211702,"2023",1484,807
211736,"2017",540,311
211736,"2021",NA,NA
211736,"2018",395,200
211736,"2019",1135,622
211736,"2015",NA,NA
211736,"2016",349,165
211796,"2017",978,558
211796,"2016",698,388
211796,"2014",NA,NA
211796,"2019",NA,NA
211796,"2021",219,122
211796,"2018",253,137
211796,"2015",NA,NA
211817,"2017",103,63
211817,"2024",884,494
211817,"2019",520,280
211817,"2022",2152,1119
211817,"2023",1044,586
211817,"2018",415,222
211817,"2020",NA,NA
211817,"2016",NA,NA
211817,"2021",1263,665
211878,"2017",708,356
211878,"2020",443,259
211878,"2021",593,295
211878,"2022",NA,NA
211878,"2018",NA,NA
211880,"2024",385,209
211880,"2020",431,219
211880,"2019",1127,634
211880,"2017",340,198
211880,"2018",421,224
211880,"2016",NA,NA
211880,"2023",264,143
211880,"2022",416,252
211887,"2019",137,78
211901,"2019",805,446
211901,"2020",471,248
211901,"2021",908,497
211901,"2023",290,140
211903,"2017",NA,NA
211903,"2020",244,133
211903,"2022",181,100
212001,"2019",1671,965
212001,"2015",237,133
212001,"2016",191,110
212001,"2022",NA,NA
212001,"2018",1919,1061
212001,"2017",2234,1277
212001,"2020",NA,NA
212001,"2021",550,289
212805,"2022",NA,NA
212805,"2017",192,124
212805,"2020",172,100
213525,"2021",NA,NA
213525,"2020",1512,869
213525,"2017",228,112
213525,"2016",164,97
213525,"2018",617,364
213525,"2022",NA,NA
213525,"2019",1804,1045
213525,"2024",NA,NA
213525,"2023",2101,1165
213544,"2022",NA,NA
213544,"2019",594,296
213544,"2024",NA,NA
213544,"2020",322,162
213544,"2021",218,111
213544,"2017",1111,621
213544,"2018",900,476
213544,"2023",308,162
213550,"2021",1636,907
213550,"2015",NA,NA
213550,"2018",2515,1441
213550,"2019",NA,NA
213550,"2022",1261,702
213550,"2020",2435,1465
213550,"2017",473,264
213550,"2023",2951,1749
213550,"2024",2774,1591
213550,"2016",NA,NA
213631,"2019",1053,580
213631,"2021",2599,1454
213631,"2017",NA,NA
213631,"2020",1380,798
213631,"2015",NA,NA
213631,"2018",386,219
213631,"2024",NA,NA
213631,"2022",NA,NA
213631,"2023",3189,1889
213646,"2023",NA,NA
213646,"2022",NA,NA
213646,"2024",773,456
213646,"2017",192,97
213646,"2018",259,140
213646,"2019",208,134
213646,"2016",NA,NA
213646,"2021",361,203
213710,"2023",2046,1042
213710,"2024",NA,NA
213710,"2021",514,246
213710,"2022",981,505
213828,"2020",115,62
213889,"2022",1102,594
213889,"2023",NA,NA
213889,"2024",2230,1248
213889,"2019",1144,669
213889,"2020",806,466
213889,"2021",2464,1419
213908,"2022",407,229
213908,"2023",124,71
213908,"2024",340,174
213926,"2021",110,49
213947,"2016",114,70
214020,"2023",152,72
214020,"2021",124,62
214032,"2019",205,106
214032,"2024",NA,NA
214032,"2020",199,99
214040,"2016",214,110
214040,"2021",335,186
214040,"2022",162,90
214040,"2018",168,92
214040,"2019",268,145
214040,"2024",NA,NA
214040,"2023",1220,668
214119,"2023",2347,1409
214119,"2022",NA,NA
214119,"2024",1400,755
214119,"2016",310,172
214119,"2021",283,160
214119,"2017",NA,NA
214149,"2017",225,120
214149,"2022",NA,NA
214149,"2024",NA,NA
214149,"2023",NA,NA
214149,"2018",2478,1482
214149,"2020",942,517
214149,"2021",1118,633
214149,"2019",3078,1783
214181,"2021",1234,655
214181,"2022",775,407
214229,"2016",186,110
214263,"2017",2403,1357
214263,"2014",NA,NA
214263,"2018",968,527
214263,"2016",664,357
214263,"2015",184,114
214263,"2020",1020,569
214304,"2021",NA,NA
214304,"2017",302,178
214304,"2019",941,515
214304,"2018",1870,1067
214304,"2016",NA,NA
214304,"2020",212,111
214312,"2016",203,115
214405,"2022",466,264
214405,"2023",811,455
214405,"2017",NA,NA
214405,"2019",NA,NA
214405,"2020",233,137
214452,"2024",3137,1768
214452,"2017",253,153
214452,"2019",NA,NA
214452,"2021",439,238
214452,"2022",501,273
214452,"2018",970,565
214452,"2020",355,194
214452,"2023",1045,613
214480,"2024",298,155
214480,"2023",241,132
214480,"2018",NA,NA
214521,"2024",171,98
214521,"2018",300,157
214521,"2020",223,109
214541,"2024",NA,NA
214541,"2017",521,284
214541,"2022",NA,NA
214541,"2019",247,116
214541,"2023",259,134
214541,"2018",1265,733
214541,"2016",NA,NA
214544,"2023",NA,NA
214544,"2022",NA,NA
214544,"2018",5543,3369
214544,"2017",1564,928
214544,"2020",2892,1746
214544,"2019",4133,2447
214544,"2021",NA,NA
214544,"2024",4722,2959
214593,"2024",826,413
214593,"2021",343,180
214593,"2022",346,184
214593,"2023",880,444
214621,"2016",223,97
214621,"2014",NA,NA
214621,"2017",109,47
214641,"2017",217,126
214641,"2014",NA,NA
214641,"2018",181,84
214643,"2024",NA,NA
214643,"2022",3056,1929
214643,"2019",1014,565
214643,"2023",NA,NA
214643,"2021",2796,1695
214643,"2020",554,311
214694,"2022",171,101
214694,"2017",167,94
214694,"2021",NA,NA
214694,"2019",NA,NA
214694,"2018",524,289
214839,"2022",505,296
214839,"2024",236,136
214839,"2021",NA,NA
214839,"2023",1348,731
214906,"2022",NA,NA
214906,"2024",359,176
214906,"2020",NA,NA
214906,"2017",NA,NA
214906,"2021",633,347
214906,"2023",2482,1382
214906,"2018",917,473
214939,"2019",976,533
214939,"2023",2066,1200
214939,"2016",NA,NA
214939,"2017",638,352
214939,"2022",NA,NA
214939,"2021",1841,1021
214939,"2024",NA,NA
214939,"2020",416,225
214939,"2018",NA,NA
214954,"2016",117,72
214954,"2020",1252,691
214954,"2019",2577,1494
214954,"2023",NA,NA
214954,"2024",NA,NA
214954,"2022",NA,NA
214954,"2018",2217,1262
214954,"2021",NA,NA
214954,"2017",1165,673
215016,"2020",187,116
215016,"2018",312,155
215016,"2019",NA,NA
215016,"2017",297,180
215016,"2015",NA,NA
215018,"2021",312,170
215018,"2017",335,204
215018,"2019",282,145
215018,"2022",NA,NA
215018,"2018",271,152
215018,"2024",NA,NA
215020,"2023",3470,1934
215020,"2018",1465,774
215020,"2020",1090,576
215020,"2022",973,539
215020,"2024",2655,1346
215020,"2021",1412,725
215020,"2019",2258,1237
215020,"2017",628,324
215020,"2016",166,84
215035,"2019",NA,NA
215035,"2018",1160,680
215035,"2022",2399,1365
215035,"2023",1654,865
215035,"2021",NA,NA
215035,"2017",316,165
215035,"2024",2732,1509
215035,"2016",NA,NA
215035,"2020",2105,1240
215091,"2020",146,66
215096,"2018",259,143
215096,"2017",327,179
215096,"2022",NA,NA
215096,"2019",207,108
215096,"2023",350,181
215138,"2024",1436,900
215138,"2022",327,173
215151,"2024",188,114
215151,"2023",NA,NA
215151,"2020",220,149
215151,"2022",293,160
215151,"2019",193,110
215219,"2021",1766,1000
215219,"2019",782,446
215219,"2023",NA,NA
215219,"2018",144,73
215219,"2022",NA,NA
215219,"2017",NA,NA
215219,"2024",96,53
215219,"2020",1039,523
215259,"2020",556,316
215259,"2021",430,234
215259,"2018",NA,NA
215337,"2021",NA,NA
215337,"2022",NA,NA
215337,"2018",786,470
215337,"2023",NA,NA
215337,"2019",470,239
215337,"2024",1502,855
215337,"2020",171,85
215370,"2022",NA,NA
215370,"2018",585,332
215370,"2017",843,505
215370,"2021",2263,1331
215370,"2019",NA,NA
215370,"2024",1418,822
215370,"2023",2274,1315
215371,"2018",163,83
215371,"2019",473,276
215371,"2020",NA,NA
215371,"2022",NA,NA
215371,"2021",407,198
215395,"2020",314,169
215571,"2024",128,72
215613,"2020",NA,NA
215613,"2023",2054,1148
215613,"2024",4864,2848
215613,"2021",331,169
215613,"2019",NA,NA
215613,"2022",292,148
215627,"2022",334,171
215672,"2018",243,132
215713,"2019",2266,1195
215713,"2021",NA,NA
215713,"2020",766,429
215713,"2018",1178,665
215713,"2024",3572,1990
215713,"2017",NA,NA
215713,"2023",3852,2140
215713,"2022",NA,NA
215785,"2022",2259,1219
215785,"2016",NA,NA
215785,"2017",269,144
215785,"2018",NA,NA
215785,"2024",NA,NA
215785,"2020",200,98
215785,"2021",NA,NA
215785,"2019",624,355
215785,"2023",2414,1304
215832,"2021",137,81
215859,"2016",69,32
215869,"2016",200,94
215869,"2017",277,151
215872,"2019",NA,NA
215872,"2022",NA,NA
215872,"2023",1665,908
215872,"2024",2042,1116
215872,"2021",1192,652
215872,"2020",127,76
215899,"2023",350,173
215899,"2019",146,80
215899,"2024",300,147
215899,"2022",489,281
215899,"2021",NA,NA
215910,"2024",238,129
215910,"2018",NA,NA
215910,"2023",772,380
215910,"2022",NA,NA
215910,"2021",254,144
215936,"2021",474,258
215936,"2023",235,127
215936,"2024",NA,NA
215983,"2021",2003,1172
215983,"2024",825,475
215983,"2020",469,262
215983,"2022",NA,NA
215983,"2023",383,212
215996,"2021",212,117
215996,"2022",541,261
215996,"2023",416,214
215996,"2024",423,245
216016,"2024",NA,NA
216016,"2022",NA,NA
216016,"2017",125,69
216016,"2019",534,290
216016,"2021",1314,786
216016,"2020",642,388
216016,"2018",258,129
216016,"2023",3107,1854
216055,"2024",NA,NA
216055,"2019",256,144
216055,"2023",NA,NA
216055,"2018",162,78
216055,"2020",280,155
216074,"2023",77,43
216081,"2024",246,127
216081,"2023",NA,NA
216081,"2022",293,166
216083,"2024",NA,NA
216083,"2020",525,281
216083,"2019",832,445
216083,"2022",944,536
216083,"2023",1486,806
216083,"2021",1207,651
216097,"2022",412,225
216097,"2023",1002,507
216097,"2024",NA,NA
216133,"2019",472,257
216133,"2018",297,158
216133,"2020",NA,NA
216133,"2021",1419,811
216133,"2023",3299,1863
216133,"2022",NA,NA
216133,"2024",4044,2315
216139,"2023",209,117
216146,"2020",537,301
216146,"2019",474,265
216146,"2021",2559,1417
216146,"2023",NA,NA
216146,"2024",NA,NA
216146,"2022",NA,NA
216146,"2018",735,408
216150,"2020",202,91
216153,"2019",2410,1375
216153,"2018",1238,746
216153,"2024",NA,NA
216153,"2023",654,357
216153,"2021",1989,1157
216153,"2020",1371,757
216153,"2022",NA,NA
216153,"2017",NA,NA
216180,"2022",186,80
216262,"2021",1487,776
216262,"2019",NA,NA
216262,"2022",1290,670
216262,"2024",NA,NA
216262,"2020",486,252
216262,"2023",1926,1050
216265,"2022",NA,NA
216265,"2021",403,234
216265,"2024",918,528
216265,"2023",378,213
216462,"2016",256,106
216475,"2016",93,38
219422,"2017",196,91
219875,"2024",NA,NA
219875,"2019",434,238
219875,"2022",1929,1004
219875,"2021",2569,1414
219875,"2020",506,277
219875,"2023",3314,1925
219917,"2024",976,516
219917,"2021",382,211
219917,"2023",2443,1405
219917,"2022",452,267
220272,"2022",271,130
220332,"2024",1119,607
220332,"2022",NA,NA
220332,"2023",1039,547
220339,"2018",222,106
220395,"2016",119,63
220465,"2019",NA,NA
220465,"2022",653,325
220465,"2024",2356,1280
220465,"2023",1429,749
220465,"2021",NA,NA
220465,"2020",155,89
220520,"2024",1404,783
220548,"2024",3320,1855
220548,"2023",2282,1268
220548,"2022",NA,NA
220589,"2024",3424,1865
220589,"2023",1523,796
220589,"2022",569,289
220750,"2022",267,138
220750,"2024",285,166
220750,"2023",411,216
220946,"2022",294,134
221024,"2020",NA,NA
221024,"2024",1473,871
221024,"2023",516,298
221024,"2021",604,350
221024,"2022",686,383
221024,"2019",176,109
221054,"2024",NA,NA
221054,"2022",2477,1399
221054,"2023",618,370
221054,"2021",1139,690
221105,"2020",196,118
221236,"2024",592,341
221236,"2023",553,289
221237,"2024",731,410
221237,"2023",524,301
221247,"2024",344,169
221247,"2022",130,67
221247,"2021",NA,NA
221247,"2023",249,112
221818,"2017",259,114
221824,"2017",268,114
221828,"2017",271,137
221831,"2018",208,96
221837,"2018",126,67
221844,"2018",142,64
221852,"2018",166,83
221911,"2024",165,101
221911,"2023",269,140
221911,"2019",NA,NA
222233,"2024",903,478
222233,"2022",173,96
222233,"2023",265,156
222258,"2024",909,496
222258,"2023",2638,1424
222258,"2022",1182,656
222258,"2020",NA,NA
222258,"2021",353,186
222296,"2023",561,312
222296,"2024",748,404
222328,"2022",601,346
222328,"2023",NA,NA
222328,"2024",3229,1971
222513,"2022",258,122
222559,"2024",330,183
222601,"2024",1391,718
222601,"2023",317,168
222965,"2024",1814,1044
222965,"2022",208,121
222965,"2023",1007,558
222966,"2024",121,72
222966,"2022",103,52
223131,"2020",130,63
223132,"2020",200,101
223133,"2020",195,105
223134,"2020",264,134
223135,"2020",93,55
223159,"2022",171,90
223331,"2024",499,284
223333,"2024",232,119
223333,"2023",493,268
223335,"2022",124,71
232447,"2024",349,195
232447,"2023",694,392
233741,"2024",205,116
239389,"2024",256,128
252499,"2023",147,83
252499,"2024",453,249
252587,"2024",186,93
256684,"2024",415,231
259799,"2023",1462,870
259799,"2024",3291,1923
259799,"2022",NA,NA
260170,"2024",346,196
260300,"2024",166,96
260847,"2024",NA,NA
260848,"2024",NA,NA
260913,"2024",NA,NA
261963,"2024",NA,NA
263847,"2023",NA,NA
263848,"2023",NA,NA
263849,"2023",NA,NA
263850,"2023",NA,NA
263852,"2023",NA,NA
263853,"2023",NA,NA
263857,"2024",1147,617
264205,"2023",NA,NA
266671,"2024",387,195
