"year","player_id","total_points","total_won"
1993,102287,NA,NA
1993,102834,NA,NA
1993,102881,285,131
1994,102456,NA,NA
1994,102694,NA,NA
1994,102834,NA,NA
1994,102869,NA,NA
1994,102881,232,117
1995,102269,NA,NA
1995,102287,962,484
1995,102456,2270,1168
1995,102694,1095,539
1995,102834,NA,NA
1995,102869,987,469
1995,102881,313,154
1995,102925,560,268
1995,103181,317,150
1996,102179,285,134
1996,102269,484,225
1996,102287,NA,NA
1996,102456,11581,5917
1996,102694,1897,953
1996,102834,NA,NA
1996,102869,NA,NA
1996,102881,547,248
1996,102925,1512,719
1996,103240,NA,NA
1996,103252,622,294
1996,103420,567,279
1997,102143,NA,NA
1997,102269,2086,1031
1997,102287,6290,3165
1997,102456,NA,NA
1997,102494,230,123
1997,102694,815,401
1997,102869,5831,2829
1997,102881,500,228
1997,102925,6759,3301
1997,103185,NA,NA
1997,103252,NA,NA
1997,103305,NA,NA
1997,103420,NA,NA
1998,102269,NA,NA
1998,102287,5567,2648
1998,102456,NA,NA
1998,102694,2623,1284
1998,102834,866,425
1998,102869,6816,3331
1998,102925,NA,NA
1998,103188,NA,NA
1998,103252,1028,440
1998,103339,NA,NA
1998,103420,314,148
1998,103451,NA,NA
1998,103487,NA,NA
1999,102179,NA,NA
1999,102287,NA,NA
1999,102456,NA,NA
1999,102494,275,148
1999,102642,767,362
1999,102694,2680,1370
1999,102834,5291,2644
1999,102869,5038,2488
1999,102880,NA,NA
1999,102925,6612,3238
1999,103240,NA,NA
1999,103252,NA,NA
1999,103420,528,278
1999,103451,623,307
2000,102143,592,298
2000,102179,2882,1374
2000,102269,578,266
2000,102287,6866,3400
2000,102456,4189,2076
2000,102494,2812,1380
2000,102642,2889,1350
2000,102694,890,408
2000,102834,6556,3239
2000,102869,4721,2305
2000,102880,3401,1681
2000,102904,478,236
2000,102925,5080,2521
2000,103181,NA,NA
2000,103185,505,241
2000,103188,1245,588
2000,103204,NA,NA
2000,103240,1036,495
2000,103252,NA,NA
2000,103305,1313,634
2000,103373,360,174
2000,103401,NA,NA
2000,103420,1147,542
2000,103451,NA,NA
2000,103487,673,324
2000,103566,2058,1018
2000,103917,NA,NA
2001,102143,1105,541
2001,102179,5349,2625
2001,102269,407,191
2001,102287,9625,4869
2001,102456,7356,3698
2001,102494,1941,947
2001,102642,NA,NA
2001,102694,5419,2665
2001,102788,2647,1309
2001,102834,1999,954
2001,102869,6632,3241
2001,102880,1950,926
2001,102886,NA,NA
2001,102904,NA,NA
2001,102925,2391,1130
2001,102999,396,188
2001,103105,242,117
2001,103181,5616,2718
2001,103185,467,216
2001,103188,4243,2032
2001,103204,1431,710
2001,103240,492,237
2001,103252,9266,4667
2001,103305,1719,773
2001,103420,NA,NA
2001,103451,945,431
2001,103487,NA,NA
2001,103566,3058,1488
2001,103656,3317,1725
2001,103898,288,145
2001,103917,926,436
2001,104043,1048,533
2001,104068,1325,643
2001,104166,NA,NA
2001,104196,196,93
2002,102143,1111,538
2002,102179,NA,NA
2002,102269,NA,NA
2002,102287,NA,NA
2002,102456,6845,3373
2002,102494,856,419
2002,102565,1882,916
2002,102642,1643,813
2002,102694,5326,2638
2002,102788,NA,NA
2002,102834,669,314
2002,102869,3567,1705
2002,102880,2584,1291
2002,102925,1777,856
2002,102967,249,117
2002,102999,NA,NA
2002,103105,NA,NA
2002,103181,739,332
2002,103185,372,176
2002,103188,2827,1328
2002,103204,NA,NA
2002,103240,585,294
2002,103252,NA,NA
2002,103305,NA,NA
2002,103401,NA,NA
2002,103408,2499,1243
2002,103420,1597,754
2002,103451,1030,486
2002,103487,943,418
2002,103566,NA,NA
2002,103656,6228,3006
2002,103693,NA,NA
2002,103700,NA,NA
2002,103722,NA,NA
2002,103737,NA,NA
2002,103823,NA,NA
2002,103898,NA,NA
2002,103917,NA,NA
2002,104043,588,284
2002,104068,2571,1211
2002,104166,546,270
2002,104196,NA,NA
2002,104269,404,184
2002,104330,NA,NA
2002,104548,NA,NA
2003,102143,1381,709
2003,102179,6069,3011
2003,102269,1060,539
2003,102287,4126,1945
2003,102456,NA,NA
2003,102494,NA,NA
2003,102565,3060,1424
2003,102642,4655,2315
2003,102694,NA,NA
2003,102788,2560,1211
2003,102834,1237,628
2003,102869,2805,1436
2003,102880,3236,1608
2003,102886,1633,809
2003,102925,3986,1941
2003,102999,561,278
2003,103105,2392,1166
2003,103169,1468,743
2003,103181,2169,1061
2003,103185,401,206
2003,103188,320,158
2003,103204,NA,NA
2003,103240,NA,NA
2003,103252,NA,NA
2003,103373,907,432
2003,103408,5208,2524
2003,103451,900,422
2003,103470,2565,1231
2003,103566,2125,988
2003,103656,3436,1688
2003,103693,1089,543
2003,103722,NA,NA
2003,103737,257,123
2003,103898,1381,633
2003,103917,1559,758
2003,104025,857,400
2003,104035,NA,NA
2003,104043,1029,500
2003,104068,NA,NA
2003,104166,2042,986
2003,104198,NA,NA
2003,104230,NA,NA
2003,104269,NA,NA
2003,104291,NA,NA
2003,104330,203,102
2003,104332,659,313
2003,104460,NA,NA
2003,104548,NA,NA
2004,102143,720,332
2004,102179,6144,3011
2004,102269,2323,1111
2004,102287,2871,1336
2004,102456,5256,2627
2004,102494,1805,873
2004,102565,756,373
2004,102642,8422,4269
2004,102694,4028,1874
2004,102788,2322,1073
2004,102834,1627,799
2004,102869,3233,1509
2004,102880,3864,1923
2004,102886,452,222
2004,102925,836,395
2004,102967,518,246
2004,103105,NA,NA
2004,103169,3862,1780
2004,103181,1828,879
2004,103204,1013,511
2004,103240,606,285
2004,103252,7703,3797
2004,103305,1213,530
2004,103339,272,137
2004,103401,3037,1482
2004,103408,1735,805
2004,103420,NA,NA
2004,103451,1193,630
2004,103470,1137,555
2004,103490,NA,NA
2004,103516,NA,NA
2004,103534,325,167
2004,103565,447,225
2004,103566,4887,2566
2004,103582,NA,NA
2004,103656,3576,1677
2004,103693,NA,NA
2004,103700,564,286
2004,103722,900,459
2004,103761,304,145
2004,103868,NA,NA
2004,103898,4419,2173
2004,103917,NA,NA
2004,104025,979,454
2004,104035,NA,NA
2004,104043,2976,1447
2004,104068,NA,NA
2004,104166,3836,1865
2004,104167,NA,NA
2004,104198,1801,887
2004,104230,539,279
2004,104269,7958,4033
2004,104273,397,180
2004,104291,NA,NA
2004,104330,621,285
2004,104332,272,131
2004,104548,1192,572
2004,104593,NA,NA
2004,104717,NA,NA
2004,104812,NA,NA
2004,201389,NA,NA
2005,102143,410,203
2005,102179,3062,1465
2005,102269,725,350
2005,102287,1085,534
2005,102456,4461,2222
2005,102494,3215,1510
2005,102565,3082,1509
2005,102642,6153,3003
2005,102694,3823,1763
2005,102788,274,146
2005,102834,3922,1938
2005,102869,NA,NA
2005,102880,2840,1320
2005,102886,692,349
2005,102925,3018,1520
2005,102967,619,316
2005,103032,470,226
2005,103105,1173,584
2005,103169,3111,1439
2005,103175,327,150
2005,103181,4077,1938
2005,103204,914,420
2005,103240,7104,3483
2005,103252,7742,3816
2005,103305,331,164
2005,103373,NA,NA
2005,103401,NA,NA
2005,103408,454,224
2005,103420,2422,1154
2005,103451,3871,1895
2005,103470,NA,NA
2005,103487,1227,586
2005,103490,3878,1846
2005,103516,749,366
2005,103534,NA,NA
2005,103566,4813,2317
2005,103582,332,157
2005,103656,4471,2162
2005,103693,925,431
2005,103700,448,216
2005,103722,3302,1656
2005,103737,710,357
2005,103761,501,237
2005,103823,565,275
2005,103868,656,332
2005,103898,3076,1437
2005,103917,817,385
2005,104025,743,356
2005,104035,2218,1079
2005,104043,801,399
2005,104068,9032,4654
2005,104166,NA,NA
2005,104167,360,170
2005,104198,6686,3296
2005,104224,340,167
2005,104230,554,275
2005,104269,NA,NA
2005,104330,759,380
2005,104332,NA,NA
2005,104548,984,480
2005,104593,NA,NA
2005,104717,NA,NA
2005,104812,1147,557
2005,104851,NA,NA
2005,104976,NA,NA
2005,201516,NA,NA
2005,201527,NA,NA
2006,102143,NA,NA
2006,102179,592,290
2006,102269,491,236
2006,102287,2961,1403
2006,102494,2258,1055
2006,102565,NA,NA
2006,102642,2069,992
2006,102694,1896,924
2006,102788,402,201
2006,102834,5172,2520
2006,102869,415,198
2006,102881,NA,NA
2006,102886,277,128
2006,102904,528,271
2006,102925,5115,2502
2006,102967,4743,2391
2006,102999,2541,1247
2006,103105,NA,NA
2006,103169,1277,615
2006,103175,NA,NA
2006,103181,4088,1980
2006,103188,NA,NA
2006,103204,542,263
2006,103240,3705,1792
2006,103252,5687,2818
2006,103339,721,355
2006,103373,1444,729
2006,103401,NA,NA
2006,103408,281,127
2006,103424,736,355
2006,103451,6157,2965
2006,103470,1531,748
2006,103487,617,287
2006,103490,442,211
2006,103516,1100,526
2006,103534,436,200
2006,103538,429,222
2006,103566,NA,NA
2006,103582,2557,1251
2006,103656,4126,1977
2006,103675,635,308
2006,103693,1404,668
2006,103700,842,419
2006,103701,841,406
2006,103702,199,90
2006,103722,7852,3845
2006,103737,1763,862
2006,103747,142,58
2006,103761,NA,NA
2006,103794,3121,1582
2006,103823,2714,1344
2006,103868,1289,609
2006,103893,NA,NA
2006,103898,7650,3773
2006,103917,4379,2111
2006,104025,904,432
2006,104035,1833,839
2006,104068,NA,NA
2006,104166,844,394
2006,104167,312,152
2006,104173,423,207
2006,104196,713,374
2006,104198,5737,2795
2006,104224,250,113
2006,104262,NA,NA
2006,104269,NA,NA
2006,104330,NA,NA
2006,104515,409,199
2006,104593,881,409
2006,104714,NA,NA
2006,104719,NA,NA
2006,104812,782,371
2006,104851,106,43
2006,104871,672,325
2006,104976,633,292
2006,104999,949,463
2006,105023,2680,1315
2006,105028,NA,NA
2006,201514,NA,NA
2006,201527,NA,NA
2006,201535,NA,NA
2006,202358,NA,NA
2007,102179,895,459
2007,102287,NA,NA
2007,102456,615,300
2007,102565,1439,657
2007,102642,216,112
2007,102694,NA,NA
2007,102788,227,109
2007,102834,3236,1591
2007,102881,NA,NA
2007,102925,1757,771
2007,102967,6998,3456
2007,102999,1628,768
2007,103105,NA,NA
2007,103169,NA,NA
2007,103175,277,131
2007,103181,2953,1390
2007,103185,NA,NA
2007,103188,4186,2017
2007,103204,552,279
2007,103240,2411,1114
2007,103252,2262,1055
2007,103339,414,192
2007,103373,NA,NA
2007,103401,3115,1490
2007,103451,2325,1111
2007,103470,3572,1688
2007,103487,NA,NA
2007,103490,1142,576
2007,103516,773,383
2007,103534,3815,1838
2007,103566,5461,2754
2007,103582,3995,2020
2007,103656,NA,NA
2007,103675,NA,NA
2007,103693,1128,554
2007,103700,NA,NA
2007,103701,NA,NA
2007,103722,NA,NA
2007,103747,694,352
2007,103761,441,205
2007,103794,NA,NA
2007,103823,NA,NA
2007,103868,NA,NA
2007,103893,314,149
2007,103898,7632,3728
2007,103917,6816,3401
2007,104025,5145,2465
2007,104035,NA,NA
2007,104043,NA,NA
2007,104068,5289,2632
2007,104173,411,195
2007,104198,5931,2882
2007,104216,NA,NA
2007,104230,287,149
2007,104262,361,173
2007,104269,NA,NA
2007,104273,2221,1075
2007,104330,451,217
2007,104332,NA,NA
2007,104515,931,439
2007,104628,378,189
2007,104665,803,396
2007,104714,NA,NA
2007,104719,583,288
2007,104731,NA,NA
2007,104735,NA,NA
2007,104812,728,341
2007,104871,NA,NA
2007,104897,407,198
2007,104976,980,471
2007,104978,278,142
2007,104999,2510,1253
2007,105023,6677,3316
2007,105028,542,256
2007,105137,253,114
2007,201483,444,205
2007,201514,NA,NA
2007,201516,NA,NA
2007,201535,NA,NA
2007,201697,NA,NA
2007,202373,303,144
2008,102788,280,136
2008,102881,NA,NA
2008,102967,6984,3471
2008,102999,459,242
2008,103105,976,462
2008,103169,6010,2950
2008,103181,NA,NA
2008,103185,NA,NA
2008,103188,1030,511
2008,103204,321,155
2008,103240,NA,NA
2008,103252,1050,514
2008,103373,3810,1832
2008,103401,2058,980
2008,103420,NA,NA
2008,103448,237,111
2008,103451,1100,526
2008,103470,2113,1037
2008,103490,3504,1664
2008,103534,2304,1106
2008,103543,1204,579
2008,103566,NA,NA
2008,103582,NA,NA
2008,103656,6874,3443
2008,103675,426,214
2008,103693,1430,647
2008,103701,1153,537
2008,103722,6470,3190
2008,103747,474,240
2008,103761,NA,NA
2008,103763,514,237
2008,103794,4254,2043
2008,103823,NA,NA
2008,103850,752,350
2008,103868,2971,1463
2008,103898,NA,NA
2008,103917,6618,3224
2008,104025,2466,1226
2008,104035,5695,2798
2008,104043,499,233
2008,104068,NA,NA
2008,104091,610,280
2008,104149,322,148
2008,104166,NA,NA
2008,104173,1489,725
2008,104198,NA,NA
2008,104216,1554,740
2008,104230,413,192
2008,104262,2364,1139
2008,104269,NA,NA
2008,104273,949,417
2008,104291,NA,NA
2008,104314,1181,603
2008,104330,725,350
2008,104332,3139,1573
2008,104515,489,214
2008,104593,1922,981
2008,104628,879,421
2008,104665,1610,790
2008,104717,1071,508
2008,104719,5096,2474
2008,104721,953,436
2008,104731,NA,NA
2008,104735,NA,NA
2008,104812,NA,NA
2008,104851,1266,598
2008,104871,3732,1855
2008,104897,NA,NA
2008,104976,515,253
2008,104978,694,324
2008,104999,NA,NA
2008,105023,NA,NA
2008,105028,NA,NA
2008,105032,344,179
2008,105065,NA,NA
2008,105173,815,391
2008,105577,NA,NA
2008,105992,186,90
2008,201389,239,113
2008,201483,NA,NA
2008,201514,NA,NA
2008,201516,NA,NA
2008,201527,NA,NA
2008,201529,NA,NA
2008,201535,NA,NA
2008,201568,NA,NA
2008,201572,345,169
2008,201660,487,239
2008,201697,NA,NA
2008,202402,343,161
2009,102967,7109,3544
2009,103105,2172,1028
2009,103169,6021,2885
2009,103181,NA,NA
2009,103188,1045,507
2009,103240,3385,1578
2009,103252,3848,1818
2009,103373,962,402
2009,103401,NA,NA
2009,103451,3986,1935
2009,103470,3887,1906
2009,103490,1858,915
2009,103534,3264,1574
2009,103566,4459,2251
2009,103582,2216,1082
2009,103656,NA,NA
2009,103675,2980,1359
2009,103693,544,258
2009,103722,8254,4031
2009,103747,NA,NA
2009,103794,4608,2261
2009,103823,1574,688
2009,103850,387,198
2009,103868,4733,2273
2009,103893,NA,NA
2009,103898,8724,4348
2009,103917,1182,603
2009,104025,1793,867
2009,104035,2364,1088
2009,104068,5543,2714
2009,104166,718,344
2009,104167,835,404
2009,104198,8107,4072
2009,104216,NA,NA
2009,104230,4401,2122
2009,104262,NA,NA
2009,104269,NA,NA
2009,104273,853,420
2009,104314,2307,1110
2009,104330,2228,1114
2009,104332,6777,3256
2009,104515,305,152
2009,104547,1702,846
2009,104593,4402,2102
2009,104665,1994,918
2009,104672,NA,NA
2009,104717,1157,554
2009,104719,6463,3160
2009,104721,1730,824
2009,104731,1201,562
2009,104812,308,146
2009,104871,NA,NA
2009,104976,1411,654
2009,104978,2063,1048
2009,104999,6282,3112
2009,105023,NA,NA
2009,105028,2498,1238
2009,105032,519,235
2009,105137,762,378
2009,105173,NA,NA
2009,105430,NA,NA
2009,105558,354,179
2009,105643,NA,NA
2009,201483,411,192
2009,201514,NA,NA
2009,201516,725,334
2009,201527,NA,NA
2009,201535,320,150
2009,201540,NA,NA
2009,201554,882,399
2009,201568,573,270
2009,201572,661,318
2009,201597,277,128
2009,201607,NA,NA
2009,201619,255,126
2009,201643,424,203
2009,201648,NA,NA
2009,201660,264,121
2010,102886,NA,NA
2010,102967,2463,1179
2010,102999,NA,NA
2010,103105,717,335
2010,103169,2152,944
2010,103188,5202,2511
2010,103240,463,216
2010,103252,1221,610
2010,103401,NA,NA
2010,103451,3126,1543
2010,103470,NA,NA
2010,103490,2029,933
2010,103543,459,204
2010,103565,4402,2143
2010,103566,NA,NA
2010,103582,7314,3577
2010,103656,NA,NA
2010,103675,NA,NA
2010,103693,NA,NA
2010,103722,7638,3737
2010,103747,296,151
2010,103794,NA,NA
2010,103868,1280,588
2010,103893,NA,NA
2010,103898,NA,NA
2010,103917,2421,1204
2010,104025,NA,NA
2010,104035,NA,NA
2010,104043,NA,NA
2010,104068,4059,1976
2010,104166,NA,NA
2010,104198,8482,4281
2010,104216,1877,868
2010,104230,NA,NA
2010,104262,NA,NA
2010,104269,NA,NA
2010,104273,1474,702
2010,104314,1178,580
2010,104330,3568,1645
2010,104332,6374,3189
2010,104460,2648,1280
2010,104547,NA,NA
2010,104593,6325,3078
2010,104628,NA,NA
2010,104665,2559,1257
2010,104714,1927,965
2010,104717,626,303
2010,104719,6570,3281
2010,104721,1289,627
2010,104731,5227,2613
2010,104735,2400,1177
2010,104871,8104,4005
2010,104897,519,263
2010,104948,280,130
2010,104976,2134,1005
2010,104978,4654,2210
2010,104999,NA,NA
2010,105023,NA,NA
2010,105028,843,388
2010,105051,390,190
2010,105065,808,377
2010,105077,934,451
2010,105137,3289,1553
2010,105154,697,343
2010,105173,1080,505
2010,105332,1186,566
2010,105357,NA,NA
2010,105376,NA,NA
2010,105379,NA,NA
2010,105449,NA,NA
2010,105558,1285,612
2010,105643,NA,NA
2010,105992,2201,1066
2010,106045,354,175
2010,106058,NA,NA
2010,106186,NA,NA
2010,201389,NA,NA
2010,201483,NA,NA
2010,201514,NA,NA
2010,201516,NA,NA
2010,201527,NA,NA
2010,201535,NA,NA
2010,201540,439,201
2010,201554,NA,NA
2010,201568,NA,NA
2010,201572,NA,NA
2010,201585,683,329
2010,201590,1287,631
2010,201597,NA,NA
2010,201607,185,95
2010,201611,NA,NA
2010,201648,NA,NA
2010,201696,NA,NA
2010,201697,NA,NA
2011,102967,NA,NA
2011,102999,NA,NA
2011,103105,3277,1527
2011,103188,4408,2145
2011,103401,1238,616
2011,103451,1305,604
2011,103470,1913,904
2011,103534,NA,NA
2011,103565,1109,497
2011,103566,NA,NA
2011,103582,5842,2861
2011,103656,7455,3754
2011,103675,944,419
2011,103722,2168,990
2011,103747,NA,NA
2011,103794,1872,904
2011,103823,1979,909
2011,103850,NA,NA
2011,103868,420,204
2011,103893,664,316
2011,103898,6511,3242
2011,103917,NA,NA
2011,104023,271,132
2011,104025,NA,NA
2011,104035,NA,NA
2011,104068,1017,495
2011,104166,7749,3899
2011,104198,7899,3867
2011,104216,2596,1202
2011,104262,2330,1085
2011,104269,NA,NA
2011,104273,2980,1464
2011,104291,NA,NA
2011,104314,1413,665
2011,104330,643,301
2011,104332,NA,NA
2011,104460,2313,1126
2011,104547,1734,852
2011,104593,5206,2483
2011,104628,208,105
2011,104633,309,148
2011,104665,7263,3566
2011,104672,NA,NA
2011,104714,1447,698
2011,104719,7249,3619
2011,104731,NA,NA
2011,104735,5533,2711
2011,104851,324,153
2011,104871,NA,NA
2011,104897,2189,1067
2011,104932,NA,NA
2011,104976,5105,2481
2011,104978,2252,1037
2011,104999,2935,1313
2011,105023,4437,2209
2011,105028,NA,NA
2011,105051,2833,1402
2011,105065,1539,746
2011,105077,4672,2318
2011,105128,344,165
2011,105137,4553,2147
2011,105154,2204,1074
2011,105173,6287,3026
2011,105332,2522,1217
2011,105357,NA,NA
2011,105379,NA,NA
2011,105449,NA,NA
2011,105487,NA,NA
2011,105558,463,226
2011,105561,446,219
2011,105577,NA,NA
2011,105643,659,349
2011,105649,1239,604
2011,105807,NA,NA
2011,105992,5333,2587
2011,106045,645,316
2011,106058,550,260
2011,201389,1664,771
2011,201483,263,124
2011,201514,NA,NA
2011,201516,NA,NA
2011,201527,254,119
2011,201535,2850,1380
2011,201540,NA,NA
2011,201554,1100,520
2011,201568,502,241
2011,201572,623,299
2011,201585,1915,936
2011,201590,1488,692
2011,201597,609,269
2011,201607,505,229
2011,201616,NA,NA
2011,201619,512,262
2011,201648,543,266
2011,201697,1004,471
2011,202423,297,143
2011,202426,NA,NA
2011,202429,NA,NA
2011,202446,NA,NA
2011,202452,297,156
2011,202453,NA,NA
2011,203575,NA,NA
2012,102886,NA,NA
2012,102967,NA,NA
2012,103105,2455,1149
2012,103188,3452,1709
2012,103401,593,282
2012,103451,3526,1675
2012,103470,NA,NA
2012,103534,458,242
2012,103565,NA,NA
2012,103566,4270,2115
2012,103582,2592,1249
2012,103656,3207,1495
2012,103675,477,200
2012,103722,2211,1026
2012,103794,3774,1833
2012,103823,240,117
2012,103868,250,122
2012,103893,4059,1921
2012,103898,NA,NA
2012,103917,5746,2832
2012,104025,NA,NA
2012,104035,1667,798
2012,104068,1026,499
2012,104166,NA,NA
2012,104198,7353,3599
2012,104216,NA,NA
2012,104256,312,148
2012,104262,5871,2856
2012,104269,8176,4159
2012,104273,5963,2979
2012,104291,2828,1338
2012,104330,2195,1066
2012,104332,NA,NA
2012,104460,1725,829
2012,104547,1900,914
2012,104548,4262,2111
2012,104593,3015,1447
2012,104628,NA,NA
2012,104629,NA,NA
2012,104665,7869,3821
2012,104672,235,109
2012,104714,357,173
2012,104719,NA,NA
2012,104731,NA,NA
2012,104735,3998,1918
2012,104871,6955,3494
2012,104897,4316,2100
2012,104932,776,362
2012,104976,2909,1444
2012,104978,2684,1339
2012,104999,NA,NA
2012,105023,NA,NA
2012,105028,3930,1932
2012,105051,NA,NA
2012,105065,1461,715
2012,105077,NA,NA
2012,105113,230,109
2012,105137,1097,475
2012,105154,NA,NA
2012,105173,1019,450
2012,105332,9389,4679
2012,105357,402,196
2012,105376,NA,NA
2012,105379,NA,NA
2012,105430,NA,NA
2012,105449,1417,682
2012,105477,336,167
2012,105487,421,205
2012,105550,NA,NA
2012,105558,2213,1056
2012,105561,754,354
2012,105577,NA,NA
2012,105643,1982,1000
2012,105649,NA,NA
2012,105655,654,299
2012,105819,NA,NA
2012,105874,534,253
2012,105902,780,379
2012,105992,NA,NA
2012,106045,1701,810
2012,106058,2044,1004
2012,106261,527,257
2012,201483,NA,NA
2012,201514,NA,NA
2012,201516,332,162
2012,201527,NA,NA
2012,201535,NA,NA
2012,201540,1347,669
2012,201554,229,108
2012,201585,NA,NA
2012,201590,NA,NA
2012,201597,NA,NA
2012,201611,238,129
2012,201616,1327,655
2012,201619,601,273
2012,201648,NA,NA
2012,201697,NA,NA
2012,202423,180,93
2012,202429,1909,933
2012,202446,1473,744
2012,202453,789,371
2012,202465,251,126
2012,202482,NA,NA
2012,202484,757,340
2012,202504,458,230
2012,203575,NA,NA
2012,205925,NA,NA
2012,206289,NA,NA
2013,102967,NA,NA
2013,103105,1001,486
2013,103188,3396,1627
2013,103401,1390,681
2013,103451,874,397
2013,103565,816,416
2013,103566,NA,NA
2013,103582,760,384
2013,103656,5455,2669
2013,103722,NA,NA
2013,103794,4727,2266
2013,103893,NA,NA
2013,103898,NA,NA
2013,103917,3789,1971
2013,104035,1080,502
2013,104043,NA,NA
2013,104068,500,237
2013,104166,NA,NA
2013,104198,NA,NA
2013,104216,423,215
2013,104262,1289,568
2013,104269,NA,NA
2013,104273,8293,4151
2013,104291,NA,NA
2013,104330,2531,1225
2013,104332,1099,523
2013,104460,1249,635
2013,104547,NA,NA
2013,104548,1260,623
2013,104593,6566,3190
2013,104628,227,118
2013,104629,NA,NA
2013,104651,2448,1174
2013,104665,7528,3618
2013,104714,1847,890
2013,104719,NA,NA
2013,104721,NA,NA
2013,104731,9841,5064
2013,104735,NA,NA
2013,104851,NA,NA
2013,104871,8525,4284
2013,104897,941,437
2013,104932,NA,NA
2013,104976,NA,NA
2013,104978,NA,NA
2013,104999,1392,671
2013,105023,NA,NA
2013,105028,3244,1551
2013,105032,1099,546
2013,105051,NA,NA
2013,105065,3608,1801
2013,105077,NA,NA
2013,105128,384,170
2013,105137,NA,NA
2013,105154,568,264
2013,105173,4179,2031
2013,105332,9534,4755
2013,105357,688,337
2013,105376,1182,611
2013,105379,4313,2097
2013,105430,NA,NA
2013,105449,2610,1233
2013,105472,413,198
2013,105477,283,135
2013,105526,2235,1106
2013,105550,3145,1468
2013,105558,NA,NA
2013,105577,NA,NA
2013,105643,3082,1552
2013,105649,392,182
2013,105732,580,283
2013,105807,2162,1039
2013,105874,482,224
2013,105902,2354,1134
2013,105992,5186,2485
2013,106034,NA,NA
2013,106045,2422,1174
2013,106058,3547,1757
2013,106065,NA,NA
2013,106148,NA,NA
2013,106234,NA,NA
2013,106290,357,174
2013,106298,780,362
2013,106328,407,219
2013,110602,NA,NA
2013,111202,NA,NA
2013,111456,NA,NA
2013,111575,NA,NA
2013,201389,355,177
2013,201514,NA,NA
2013,201516,NA,NA
2013,201527,NA,NA
2013,201535,2031,991
2013,201540,NA,NA
2013,201568,NA,NA
2013,201585,NA,NA
2013,201590,2744,1404
2013,201597,1925,978
2013,201611,1187,545
2013,201616,NA,NA
2013,201619,NA,NA
2013,201697,NA,NA
2013,202429,NA,NA
2013,202446,NA,NA
2013,202453,752,361
2013,202484,424,199
2013,202504,469,222
2013,202628,671,310
2013,202702,384,181
2013,203462,521,253
2013,203500,NA,NA
2013,203501,506,224
2013,203530,577,287
2013,203575,NA,NA
2013,204362,NA,NA
2013,204388,454,225
2013,205925,NA,NA
2013,206124,NA,NA
2013,206289,NA,NA
2013,211701,NA,NA
2014,102967,474,252
2014,103105,NA,NA
2014,103188,2845,1369
2014,103401,561,282
2014,103451,658,335
2014,103565,2456,1220
2014,103566,1415,696
2014,103582,1431,693
2014,103656,3828,1857
2014,103722,NA,NA
2014,103794,7701,3832
2014,103893,3540,1758
2014,103898,NA,NA
2014,103917,5265,2579
2014,104043,NA,NA
2014,104068,1524,705
2014,104166,1195,557
2014,104198,8459,4213
2014,104216,1257,623
2014,104269,8039,4078
2014,104273,7403,3658
2014,104291,2592,1235
2014,104330,1472,702
2014,104332,498,234
2014,104460,4238,2094
2014,104547,2143,1037
2014,104593,4558,2214
2014,104628,502,239
2014,104651,486,234
2014,104665,NA,NA
2014,104672,624,297
2014,104714,1872,893
2014,104719,7119,3472
2014,104731,NA,NA
2014,104735,NA,NA
2014,104871,9241,4644
2014,104897,991,507
2014,104932,3762,1763
2014,104978,NA,NA
2014,105023,NA,NA
2014,105032,NA,NA
2014,105051,3538,1599
2014,105065,2682,1293
2014,105077,4719,2309
2014,105113,NA,NA
2014,105137,NA,NA
2014,105154,623,319
2014,105173,6081,3032
2014,105332,4834,2348
2014,105376,NA,NA
2014,105379,1732,820
2014,105430,NA,NA
2014,105449,NA,NA
2014,105487,1122,530
2014,105526,4769,2360
2014,105550,1021,493
2014,105561,NA,NA
2014,105577,NA,NA
2014,105643,7081,3521
2014,105655,NA,NA
2014,105678,492,247
2014,105732,2365,1149
2014,105807,NA,NA
2014,105874,940,437
2014,105882,NA,NA
2014,105902,1401,637
2014,105952,308,157
2014,105992,2345,1111
2014,106034,NA,NA
2014,106045,1374,669
2014,106058,6783,3431
2014,106065,NA,NA
2014,106121,NA,NA
2014,106148,1032,514
2014,106186,339,170
2014,106218,NA,NA
2014,106234,NA,NA
2014,106283,NA,NA
2014,106290,457,220
2014,106298,975,469
2014,106415,NA,NA
2014,110748,310,150
2014,111202,NA,NA
2014,111442,NA,NA
2014,111575,NA,NA
2014,111577,NA,NA
2014,126094,NA,NA
2014,126207,NA,NA
2014,201483,NA,NA
2014,201514,NA,NA
2014,201527,5044,2464
2014,201529,NA,NA
2014,201535,5166,2632
2014,201540,5302,2569
2014,201554,398,210
2014,201568,NA,NA
2014,201585,NA,NA
2014,201590,NA,NA
2014,201597,NA,NA
2014,201611,375,185
2014,201616,NA,NA
2014,201619,NA,NA
2014,201648,586,272
2014,201696,587,307
2014,201697,1902,916
2014,202426,422,202
2014,202429,NA,NA
2014,202446,NA,NA
2014,202453,NA,NA
2014,202484,NA,NA
2014,202504,NA,NA
2014,202536,449,217
2014,202600,NA,NA
2014,202628,841,399
2014,202653,558,287
2014,202684,NA,NA
2014,202685,752,376
2014,202702,1297,627
2014,203435,NA,NA
2014,203462,557,266
2014,203500,NA,NA
2014,203501,1688,812
2014,203575,NA,NA
2014,203576,860,425
2014,204388,454,200
2014,204394,NA,NA
2014,204411,534,266
2014,205815,586,288
2014,205925,NA,NA
2014,206037,NA,NA
2014,206124,NA,NA
2014,206252,315,163
2014,206289,NA,NA
2014,206374,567,288
2014,211684,NA,NA
2014,211701,1528,761
2014,211796,NA,NA
2014,214263,NA,NA
2014,214621,NA,NA
2014,214641,NA,NA
2015,103188,NA,NA
2015,103401,549,260
2015,103565,1111,510
2015,103582,2687,1283
2015,103656,2149,1046
2015,103794,NA,NA
2015,103893,NA,NA
2015,103898,727,337
2015,103917,NA,NA
2015,104198,NA,NA
2015,104216,NA,NA
2015,104269,8781,4440
2015,104273,2925,1426
2015,104291,5168,2491
2015,104330,2311,1147
2015,104460,NA,NA
2015,104547,863,403
2015,104593,4772,2338
2015,104628,NA,NA
2015,104629,883,416
2015,104665,NA,NA
2015,104672,NA,NA
2015,104714,468,233
2015,104719,4955,2412
2015,104731,11737,6056
2015,104735,985,456
2015,104871,8891,4497
2015,104897,1105,546
2015,104932,2321,1095
2015,104978,395,204
2015,104999,2517,1235
2015,105023,6931,3502
2015,105032,NA,NA
2015,105051,1303,629
2015,105065,2708,1268
2015,105077,5800,2845
2015,105137,NA,NA
2015,105154,NA,NA
2015,105173,NA,NA
2015,105332,6941,3486
2015,105357,2222,1082
2015,105376,560,279
2015,105379,5215,2579
2015,105430,NA,NA
2015,105449,NA,NA
2015,105487,815,382
2015,105512,274,146
2015,105526,NA,NA
2015,105542,367,164
2015,105550,895,432
2015,105577,NA,NA
2015,105643,NA,NA
2015,105655,690,322
2015,105732,2137,1058
2015,105807,6265,3113
2015,105819,227,115
2015,105826,331,149
2015,105902,3750,1824
2015,105952,667,331
2015,105963,297,137
2015,105992,NA,NA
2015,106034,NA,NA
2015,106045,NA,NA
2015,106058,NA,NA
2015,106065,NA,NA
2015,106109,NA,NA
2015,106121,NA,NA
2015,106148,433,207
2015,106216,NA,NA
2015,106234,325,168
2015,106249,NA,NA
2015,106261,NA,NA
2015,106290,NA,NA
2015,106298,3896,1894
2015,106390,279,134
2015,106415,1249,592
2015,110602,421,199
2015,111153,NA,NA
2015,111202,NA,NA
2015,111442,NA,NA
2015,111460,NA,NA
2015,111575,NA,NA
2015,111577,1665,813
2015,123755,316,151
2015,126094,NA,NA
2015,126203,230,112
2015,126205,NA,NA
2015,126207,1090,506
2015,144707,NA,NA
2015,144719,317,141
2015,201483,NA,NA
2015,201514,652,306
2015,201516,NA,NA
2015,201527,NA,NA
2015,201535,NA,NA
2015,201540,NA,NA
2015,201554,1277,596
2015,201568,NA,NA
2015,201585,NA,NA
2015,201590,NA,NA
2015,201597,NA,NA
2015,201611,NA,NA
2015,201616,NA,NA
2015,201619,NA,NA
2015,201648,NA,NA
2015,201696,NA,NA
2015,201697,NA,NA
2015,202426,NA,NA
2015,202429,NA,NA
2015,202446,NA,NA
2015,202453,NA,NA
2015,202482,NA,NA
2015,202484,NA,NA
2015,202504,NA,NA
2015,202536,NA,NA
2015,202600,NA,NA
2015,202628,737,367
2015,202653,NA,NA
2015,202684,1420,694
2015,202685,610,283
2015,202702,NA,NA
2015,203462,NA,NA
2015,203500,NA,NA
2015,203501,1093,505
2015,203504,NA,NA
2015,203575,NA,NA
2015,203576,NA,NA
2015,204362,NA,NA
2015,204411,NA,NA
2015,204427,NA,NA
2015,205925,NA,NA
2015,206037,NA,NA
2015,206107,NA,NA
2015,206124,533,270
2015,206183,NA,NA
2015,206219,NA,NA
2015,206252,NA,NA
2015,206255,NA,NA
2015,206289,NA,NA
2015,206374,NA,NA
2015,206430,NA,NA
2015,210871,NA,NA
2015,211279,NA,NA
2015,211472,142,73
2015,211684,NA,NA
2015,211701,NA,NA
2015,211702,NA,NA
2015,211736,NA,NA
2015,211796,NA,NA
2015,212001,450,220
2015,213550,NA,NA
2015,213631,NA,NA
2015,214263,378,186
2015,215016,NA,NA
2016,103401,NA,NA
2016,103565,5171,2535
2016,103582,2059,990
2016,103656,2099,1034
2016,103794,3844,1833
2016,103893,7973,3950
2016,103898,3482,1700
2016,103917,6539,3280
2016,104043,NA,NA
2016,104198,8392,4111
2016,104216,1056,503
2016,104269,8598,4365
2016,104273,896,420
2016,104291,6936,3388
2016,104330,NA,NA
2016,104460,4191,2104
2016,104547,2897,1371
2016,104548,2124,989
2016,104593,2732,1298
2016,104628,NA,NA
2016,104665,1232,587
2016,104672,1043,519
2016,104719,NA,NA
2016,104731,5985,2981
2016,104735,1391,689
2016,104871,6137,3100
2016,104897,NA,NA
2016,104932,1065,506
2016,104978,1166,578
2016,104999,3814,1947
2016,105023,8430,4263
2016,105032,3008,1413
2016,105051,NA,NA
2016,105065,3014,1483
2016,105077,10699,5358
2016,105137,NA,NA
2016,105154,399,192
2016,105173,8297,4120
2016,105332,9335,4540
2016,105357,6811,3392
2016,105376,494,233
2016,105379,5424,2674
2016,105430,2728,1311
2016,105449,9000,4505
2016,105477,1247,608
2016,105487,2341,1125
2016,105512,365,172
2016,105526,5323,2675
2016,105550,7149,3590
2016,105561,457,222
2016,105577,5143,2452
2016,105643,8867,4474
2016,105649,NA,NA
2016,105650,379,189
2016,105655,NA,NA
2016,105677,282,123
2016,105732,3578,1749
2016,105807,9900,5067
2016,105819,NA,NA
2016,105874,NA,NA
2016,105881,1197,587
2016,105902,2216,1098
2016,105952,3174,1546
2016,105992,3682,1855
2016,106044,532,266
2016,106045,4100,1963
2016,106058,9824,4997
2016,106065,1820,843
2016,106075,2381,1161
2016,106099,NA,NA
2016,106121,4177,2046
2016,106137,555,260
2016,106148,2125,1037
2016,106216,2510,1215
2016,106225,260,117
2016,106234,NA,NA
2016,106261,1340,640
2016,106296,NA,NA
2016,106298,NA,NA
2016,106328,NA,NA
2016,106329,1822,870
2016,106361,1020,510
2016,106398,NA,NA
2016,106415,3232,1606
2016,106421,1572,802
2016,110602,808,378
2016,111153,NA,NA
2016,111202,3016,1485
2016,111442,2202,1069
2016,111456,NA,NA
2016,111460,1647,796
2016,111575,3692,1883
2016,111577,2607,1289
2016,111581,NA,NA
2016,120424,NA,NA
2016,120798,473,234
2016,122330,585,286
2016,123828,NA,NA
2016,124014,946,465
2016,124187,1668,825
2016,125802,1362,726
2016,126094,1042,508
2016,126203,5924,2893
2016,126205,791,377
2016,126207,1244,608
2016,128034,910,427
2016,133430,669,332
2016,134770,368,167
2016,144707,284,146
2016,144719,NA,NA
2016,144750,656,319
2016,144797,291,138
2016,201483,5438,2642
2016,201514,2823,1408
2016,201516,2695,1287
2016,201527,3256,1582
2016,201535,5715,2921
2016,201540,9712,4866
2016,201554,NA,NA
2016,201568,3183,1583
2016,201585,4559,2346
2016,201590,6349,3237
2016,201597,NA,NA
2016,201611,6626,3351
2016,201616,3613,1828
2016,201619,9362,4939
2016,201648,3775,1825
2016,201696,6704,3412
2016,201697,3893,1930
2016,202426,1232,626
2016,202429,5068,2497
2016,202446,7272,3694
2016,202453,NA,NA
2016,202482,964,498
2016,202484,3592,1777
2016,202504,2116,1054
2016,202536,1733,860
2016,202628,NA,NA
2016,202653,4099,2020
2016,202684,1280,625
2016,202685,656,364
2016,202702,560,266
2016,202858,249,112
2016,203435,NA,NA
2016,203462,3220,1645
2016,203500,1697,839
2016,203501,475,220
2016,203504,897,421
2016,203530,4966,2523
2016,203564,NA,NA
2016,203575,5601,2760
2016,203576,847,395
2016,204362,557,292
2016,204411,NA,NA
2016,204427,1947,928
2016,205344,472,255
2016,205815,NA,NA
2016,205925,3443,1643
2016,206037,NA,NA
2016,206107,388,181
2016,206108,1204,611
2016,206124,1496,713
2016,206183,629,318
2016,206219,2060,1019
2016,206252,1090,528
2016,206255,2950,1444
2016,206289,2684,1290
2016,206374,NA,NA
2016,206408,NA,NA
2016,206420,1032,519
2016,210672,311,145
2016,210722,850,431
2016,210871,414,187
2016,210957,NA,NA
2016,211411,NA,NA
2016,211684,337,174
2016,211701,5213,2588
2016,211702,NA,NA
2016,211736,699,331
2016,211796,1383,694
2016,211817,NA,NA
2016,211880,NA,NA
2016,212001,386,189
2016,213525,328,166
2016,213550,NA,NA
2016,213646,NA,NA
2016,213947,212,107
2016,214040,422,178
2016,214119,597,301
2016,214229,425,230
2016,214263,1426,708
2016,214304,NA,NA
2016,214312,444,218
2016,214541,NA,NA
2016,214621,430,178
2016,214939,NA,NA
2016,214954,242,121
2016,215020,339,164
2016,215035,NA,NA
2016,215785,NA,NA
2016,215859,141,74
2016,215869,402,174
2016,216462,481,193
2016,216475,198,86
2016,220395,226,112
2017,103565,1570,681
2017,103656,237,111
2017,103794,NA,NA
2017,103893,NA,NA
2017,103898,4060,2021
2017,103917,5456,2682
2017,104198,3000,1433
2017,104216,416,207
2017,104269,8654,4421
2017,104291,6040,2936
2017,104330,542,263
2017,104460,4343,2044
2017,104547,6743,3309
2017,104593,NA,NA
2017,104629,975,471
2017,104672,1292,626
2017,104719,3250,1541
2017,104731,8921,4658
2017,104735,627,322
2017,104871,NA,NA
2017,104932,1368,702
2017,104978,783,359
2017,104999,10089,4989
2017,105023,NA,NA
2017,105032,1141,548
2017,105051,2389,1207
2017,105065,1221,569
2017,105077,11440,5721
2017,105113,511,248
2017,105154,513,244
2017,105173,9359,4739
2017,105181,410,195
2017,105332,9437,4714
2017,105357,1794,870
2017,105359,NA,NA
2017,105376,3628,1824
2017,105379,5803,2937
2017,105406,NA,NA
2017,105430,4691,2275
2017,105432,337,171
2017,105449,NA,NA
2017,105477,677,320
2017,105487,2488,1169
2017,105526,9001,4509
2017,105550,NA,NA
2017,105561,2624,1267
2017,105577,3529,1747
2017,105643,3071,1530
2017,105649,1924,959
2017,105732,4833,2316
2017,105807,NA,NA
2017,105815,1168,540
2017,105819,497,242
2017,105870,1989,979
2017,105881,320,153
2017,105882,976,480
2017,105902,NA,NA
2017,105952,3564,1688
2017,105963,1170,539
2017,105992,NA,NA
2017,106034,541,281
2017,106044,3373,1651
2017,106045,292,154
2017,106058,NA,NA
2017,106065,834,382
2017,106075,1381,648
2017,106099,NA,NA
2017,106109,NA,NA
2017,106121,2619,1230
2017,106137,NA,NA
2017,106148,759,402
2017,106216,3217,1554
2017,106225,693,344
2017,106249,558,274
2017,106261,596,303
2017,106283,608,292
2017,106296,NA,NA
2017,106298,9711,4961
2017,106328,NA,NA
2017,106329,6487,3140
2017,106331,NA,NA
2017,106361,959,439
2017,106415,2648,1313
2017,106420,862,416
2017,106421,NA,NA
2017,109303,567,275
2017,110602,416,207
2017,111153,757,348
2017,111202,7038,3604
2017,111442,5002,2458
2017,111460,1466,709
2017,111575,9841,4903
2017,111577,NA,NA
2017,111581,NA,NA
2017,111815,819,376
2017,117360,NA,NA
2017,120424,415,204
2017,122330,941,452
2017,124014,4112,1982
2017,124116,1364,675
2017,124186,NA,NA
2017,124187,1660,788
2017,125802,946,468
2017,126094,6690,3324
2017,126127,361,166
2017,126128,NA,NA
2017,126149,NA,NA
2017,126203,4216,2117
2017,126205,1705,851
2017,126207,NA,NA
2017,127157,786,368
2017,128034,NA,NA
2017,133430,NA,NA
2017,134770,2388,1173
2017,136440,NA,NA
2017,144707,1195,587
2017,144719,NA,NA
2017,144750,1174,641
2017,200059,650,320
2017,200095,NA,NA
2017,201483,4232,2037
2017,201514,6987,3514
2017,201516,3423,1650
2017,201527,1151,568
2017,201529,1212,627
2017,201535,7023,3659
2017,201540,9394,4818
2017,201554,NA,NA
2017,201568,2058,952
2017,201585,3504,1753
2017,201590,6264,3098
2017,201597,3836,1871
2017,201611,9086,4616
2017,201616,6075,3023
2017,201619,3852,2004
2017,201648,2528,1215
2017,201696,4296,2161
2017,201697,6898,3449
2017,202426,1459,682
2017,202429,4266,2145
2017,202446,4476,2157
2017,202453,2833,1357
2017,202482,1099,560
2017,202484,2673,1275
2017,202504,4434,2168
2017,202536,1997,985
2017,202600,1264,613
2017,202628,NA,NA
2017,202653,2164,1028
2017,202684,3033,1521
2017,202685,NA,NA
2017,202702,NA,NA
2017,202921,264,134
2017,203354,479,226
2017,203435,1103,593
2017,203462,2643,1304
2017,203500,1302,655
2017,203501,1650,803
2017,203504,1669,774
2017,203530,4703,2301
2017,203553,272,135
2017,203562,267,153
2017,203564,426,206
2017,203575,2612,1212
2017,203576,1497,732
2017,204267,221,111
2017,204362,388,192
2017,204394,681,337
2017,204427,4711,2242
2017,205344,310,169
2017,205723,527,249
2017,205815,728,366
2017,205925,4715,2355
2017,206037,673,346
2017,206107,275,154
2017,206108,3289,1627
2017,206124,1817,877
2017,206136,719,367
2017,206183,481,226
2017,206216,245,132
2017,206219,4151,2038
2017,206252,1460,728
2017,206255,1561,729
2017,206289,4897,2417
2017,206374,1280,635
2017,206408,1152,574
2017,206420,2514,1197
2017,210705,NA,NA
2017,210722,7398,3768
2017,210871,252,127
2017,210957,763,363
2017,211095,NA,NA
2017,211279,NA,NA
2017,211337,977,476
2017,211411,1500,664
2017,211684,NA,NA
2017,211701,7066,3498
2017,211702,3960,1917
2017,211736,1058,564
2017,211796,1875,930
2017,211817,224,117
2017,211878,1393,689
2017,211880,663,338
2017,211903,NA,NA
2017,212001,4375,2179
2017,212805,363,213
2017,213525,467,201
2017,213544,2114,1081
2017,213550,946,468
2017,213631,NA,NA
2017,213646,400,176
2017,214119,NA,NA
2017,214149,431,205
2017,214263,4712,2340
2017,214304,567,287
2017,214405,NA,NA
2017,214452,481,244
2017,214541,946,457
2017,214544,3093,1587
2017,214621,218,101
2017,214641,431,253
2017,214694,338,163
2017,214906,NA,NA
2017,214939,1311,637
2017,214954,2401,1239
2017,215016,572,307
2017,215018,629,305
2017,215020,1277,575
2017,215035,567,289
2017,215096,618,298
2017,215219,NA,NA
2017,215370,1694,892
2017,215713,NA,NA
2017,215785,544,266
2017,215869,554,260
2017,216016,253,125
2017,216153,NA,NA
2017,219422,391,197
2017,221818,535,239
2017,221824,477,212
2017,221828,542,282
2018,103565,526,259
2018,103893,3733,1775
2018,103898,3655,1767
2018,103917,2167,1038
2018,104198,6704,3307
2018,104269,10252,5224
2018,104291,7086,3468
2018,104460,NA,NA
2018,104547,4233,2075
2018,104593,NA,NA
2018,104629,968,458
2018,104665,2187,1099
2018,104672,270,138
2018,104719,1332,655
2018,104731,NA,NA
2018,104871,8177,4056
2018,104897,1429,686
2018,104932,NA,NA
2018,104978,NA,NA
2018,104999,7249,3588
2018,105023,7947,4073
2018,105051,6564,3252
2018,105065,3080,1505
2018,105077,7900,3821
2018,105173,9186,4508
2018,105332,9723,4825
2018,105357,6672,3375
2018,105359,837,397
2018,105376,7244,3591
2018,105379,NA,NA
2018,105430,6036,2938
2018,105432,1020,468
2018,105449,7925,3983
2018,105477,1319,659
2018,105487,1045,508
2018,105526,8163,4055
2018,105550,NA,NA
2018,105561,335,170
2018,105577,3827,1845
2018,105643,4831,2376
2018,105649,NA,NA
2018,105732,8232,4102
2018,105807,8524,4294
2018,105815,5963,2958
2018,105819,1581,745
2018,105870,1356,662
2018,105882,1811,890
2018,105902,1463,672
2018,105948,274,134
2018,105952,NA,NA
2018,105992,NA,NA
2018,106034,467,246
2018,106044,3011,1476
2018,106045,4397,2167
2018,106058,NA,NA
2018,106065,NA,NA
2018,106075,1999,1014
2018,106099,909,442
2018,106109,1568,724
2018,106120,745,357
2018,106121,5758,2795
2018,106148,4959,2453
2018,106186,1095,533
2018,106214,510,245
2018,106216,1188,579
2018,106218,255,123
2018,106249,453,203
2018,106283,651,302
2018,106296,NA,NA
2018,106298,8346,4148
2018,106328,537,251
2018,106329,3283,1648
2018,106361,554,276
2018,106398,NA,NA
2018,106415,3519,1702
2018,106421,NA,NA
2018,110602,2099,1048
2018,111153,NA,NA
2018,111197,438,219
2018,111202,7295,3749
2018,111442,2281,1054
2018,111456,4120,2026
2018,111460,1029,507
2018,111575,10787,5648
2018,111577,5251,2608
2018,111581,2312,1134
2018,111815,6268,3178
2018,120424,2230,1092
2018,122330,709,326
2018,123755,824,413
2018,124014,1585,763
2018,124079,NA,NA
2018,124116,401,181
2018,124187,690,345
2018,125802,NA,NA
2018,126094,NA,NA
2018,126127,NA,NA
2018,126174,365,195
2018,126203,7490,3725
2018,126205,641,316
2018,126207,NA,NA
2018,126523,227,119
2018,126530,295,147
2018,126535,566,263
2018,126846,NA,NA
2018,128034,NA,NA
2018,133297,578,291
2018,133430,10729,5399
2018,134770,2577,1270
2018,136440,414,203
2018,144707,1212,619
2018,144719,4548,2248
2018,144750,825,404
2018,144895,2381,1100
2018,200059,1197,578
2018,200095,254,122
2018,200384,NA,NA
2018,200615,914,407
2018,201483,2128,983
2018,201514,5491,2707
2018,201516,3445,1656
2018,201527,3873,1864
2018,201529,889,399
2018,201535,3957,1940
2018,201540,6991,3409
2018,201554,762,375
2018,201568,827,389
2018,201585,8187,4263
2018,201590,5889,3005
2018,201597,2725,1329
2018,201611,NA,NA
2018,201616,1472,710
2018,201619,5932,3128
2018,201648,612,288
2018,201696,2828,1405
2018,201697,5855,2877
2018,202358,239,132
2018,202429,5897,3063
2018,202446,4129,2074
2018,202453,3484,1745
2018,202482,527,249
2018,202484,789,350
2018,202504,2209,1067
2018,202536,4306,2106
2018,202600,1428,674
2018,202628,370,177
2018,202653,1160,576
2018,202662,NA,NA
2018,202684,1788,885
2018,202685,NA,NA
2018,202702,NA,NA
2018,202916,1119,515
2018,203354,NA,NA
2018,203435,3660,1798
2018,203462,3517,1721
2018,203500,2817,1392
2018,203501,1878,895
2018,203504,765,367
2018,203530,2556,1231
2018,203562,225,112
2018,203564,NA,NA
2018,203575,1104,521
2018,204362,569,300
2018,204394,1527,740
2018,204427,2675,1223
2018,205344,NA,NA
2018,205723,NA,NA
2018,205734,NA,NA
2018,205815,266,135
2018,205848,335,156
2018,205925,7657,3825
2018,206037,625,325
2018,206107,242,122
2018,206108,2443,1203
2018,206124,1054,481
2018,206136,304,150
2018,206219,1152,524
2018,206252,506,237
2018,206289,6423,3242
2018,206374,4574,2330
2018,206408,238,120
2018,206420,3271,1598
2018,210705,593,292
2018,210722,9540,5006
2018,210871,376,199
2018,210957,477,253
2018,211095,3819,1896
2018,211279,1050,491
2018,211337,911,457
2018,211411,NA,NA
2018,211684,2340,1116
2018,211701,8167,4093
2018,211702,2700,1327
2018,211736,781,371
2018,211796,517,259
2018,211817,867,410
2018,211878,NA,NA
2018,211880,786,382
2018,212001,3692,1767
2018,213525,1258,619
2018,213544,1847,901
2018,213550,5108,2542
2018,213631,763,372
2018,213646,491,231
2018,214040,364,173
2018,214149,4927,2445
2018,214263,1884,944
2018,214304,3721,1877
2018,214452,1904,924
2018,214480,NA,NA
2018,214521,567,283
2018,214541,2416,1213
2018,214544,11034,5719
2018,214641,372,168
2018,214694,980,472
2018,214906,1859,893
2018,214939,NA,NA
2018,214954,4505,2267
2018,215016,625,316
2018,215018,517,239
2018,215020,2884,1398
2018,215035,2371,1236
2018,215096,483,227
2018,215219,282,144
2018,215259,NA,NA
2018,215337,1536,824
2018,215370,1111,564
2018,215371,332,155
2018,215672,484,243
2018,215713,2271,1158
2018,215785,NA,NA
2018,215910,NA,NA
2018,216016,521,237
2018,216055,323,156
2018,216133,588,280
2018,216146,1336,656
2018,216153,2369,1258
2018,220339,446,207
2018,221831,386,162
2018,221837,249,121
2018,221844,285,129
2018,221852,337,173
2019,103893,3085,1496
2019,103917,1553,781
2019,104198,2195,1042
2019,104269,8804,4434
2019,104291,3408,1595
2019,104460,605,304
2019,104629,551,259
2019,104665,NA,NA
2019,104719,2829,1430
2019,104731,2058,1062
2019,104735,NA,NA
2019,104871,8746,4363
2019,104897,1184,576
2019,104978,313,154
2019,104999,1908,842
2019,105023,6663,3385
2019,105051,3316,1597
2019,105065,499,230
2019,105077,7496,3785
2019,105173,7707,3901
2019,105332,10018,4988
2019,105357,7425,3737
2019,105359,NA,NA
2019,105376,4684,2227
2019,105379,NA,NA
2019,105430,8685,4319
2019,105432,2651,1218
2019,105449,5542,2745
2019,105477,638,292
2019,105487,860,400
2019,105526,10185,5215
2019,105550,10224,5164
2019,105561,654,325
2019,105577,2169,1066
2019,105643,5840,2861
2019,105649,2578,1238
2019,105732,6707,3304
2019,105807,8870,4519
2019,105815,5183,2551
2019,105819,3179,1518
2019,105870,NA,NA
2019,105882,2003,1008
2019,105902,NA,NA
2019,105963,NA,NA
2019,105992,1228,602
2019,106034,670,324
2019,106045,5063,2419
2019,106058,NA,NA
2019,106065,NA,NA
2019,106075,1473,658
2019,106099,1727,853
2019,106109,1291,653
2019,106121,4327,2087
2019,106137,279,143
2019,106148,6014,3019
2019,106186,NA,NA
2019,106214,662,323
2019,106216,1501,725
2019,106218,1088,522
2019,106249,NA,NA
2019,106283,NA,NA
2019,106296,2356,1160
2019,106298,7392,3673
2019,106329,NA,NA
2019,106398,368,183
2019,106415,NA,NA
2019,106421,11743,6255
2019,110602,NA,NA
2019,110748,227,113
2019,111153,1454,713
2019,111202,2382,1164
2019,111442,7736,3907
2019,111456,3529,1711
2019,111460,NA,NA
2019,111575,10122,5081
2019,111577,405,190
2019,111581,NA,NA
2019,111815,6908,3375
2019,117360,630,313
2019,120424,1528,741
2019,122298,NA,NA
2019,122330,5539,2709
2019,123755,1086,541
2019,124014,NA,NA
2019,124079,NA,NA
2019,124116,NA,NA
2019,124186,NA,NA
2019,124187,8476,4213
2019,125802,NA,NA
2019,126094,8609,4462
2019,126149,286,151
2019,126203,NA,NA
2019,126205,850,428
2019,126207,8422,4164
2019,126523,NA,NA
2019,127157,NA,NA
2019,128034,7446,3762
2019,133297,NA,NA
2019,133430,NA,NA
2019,134770,NA,NA
2019,136440,1693,836
2019,144707,NA,NA
2019,144719,6125,3047
2019,144750,NA,NA
2019,144895,2780,1330
2019,200059,NA,NA
2019,200095,572,286
2019,200221,1937,908
2019,200553,281,146
2019,200615,5270,2595
2019,201483,2094,1009
2019,201514,5390,2736
2019,201516,2224,1015
2019,201527,2690,1271
2019,201529,2278,1125
2019,201535,452,202
2019,201540,7307,3684
2019,201554,NA,NA
2019,201568,657,287
2019,201585,5963,3002
2019,201590,7193,3573
2019,201597,985,489
2019,201611,3159,1502
2019,201616,2630,1276
2019,201619,6456,3369
2019,201696,5098,2508
2019,201697,5300,2650
2019,202358,NA,NA
2019,202429,4084,2032
2019,202446,1560,738
2019,202453,6685,3296
2019,202482,975,480
2019,202484,1066,527
2019,202504,778,360
2019,202536,3007,1476
2019,202578,294,147
2019,202600,1139,532
2019,202653,740,334
2019,202684,2537,1200
2019,202702,465,230
2019,202916,642,328
2019,203325,533,261
2019,203354,915,426
2019,203435,3207,1501
2019,203462,NA,NA
2019,203500,1453,700
2019,203501,2094,1039
2019,203504,NA,NA
2019,203514,1287,678
2019,203530,4379,2158
2019,203564,1971,935
2019,203575,871,434
2019,204394,602,286
2019,204427,4222,2042
2019,205344,677,323
2019,205734,713,344
2019,205925,5341,2640
2019,206037,500,261
2019,206107,557,285
2019,206108,5151,2613
2019,206124,1511,745
2019,206219,225,114
2019,206252,357,184
2019,206255,1684,871
2019,206289,7810,3971
2019,206292,2309,1132
2019,206374,5788,2910
2019,206420,8223,4266
2019,206430,612,321
2019,207182,NA,NA
2019,210705,1243,579
2019,210722,8799,4559
2019,210913,341,153
2019,211095,4984,2524
2019,211279,1760,799
2019,211337,1650,796
2019,211411,2189,1115
2019,211684,1212,567
2019,211701,6726,3353
2019,211702,1983,1015
2019,211736,2221,1077
2019,211796,NA,NA
2019,211817,985,478
2019,211880,2219,1089
2019,211887,255,121
2019,211901,1627,809
2019,212001,3256,1678
2019,213525,3570,1827
2019,213544,1169,559
2019,213550,NA,NA
2019,213631,2139,1058
2019,213646,444,234
2019,213889,2310,1176
2019,214032,364,167
2019,214040,488,233
2019,214149,6312,3130
2019,214304,1828,866
2019,214405,NA,NA
2019,214452,NA,NA
2019,214541,453,201
2019,214544,8055,4178
2019,214643,1937,935
2019,214694,NA,NA
2019,214939,1907,915
2019,214954,5354,2825
2019,215016,NA,NA
2019,215018,491,204
2019,215020,4542,2240
2019,215035,NA,NA
2019,215096,424,202
2019,215151,401,203
2019,215219,1553,759
2019,215337,892,398
2019,215370,NA,NA
2019,215371,929,438
2019,215613,NA,NA
2019,215713,4413,2157
2019,215785,1194,626
2019,215872,NA,NA
2019,215899,301,145
2019,216016,1051,483
2019,216055,483,253
2019,216083,1612,779
2019,216133,953,463
2019,216146,984,503
2019,216153,4840,2507
2019,216262,NA,NA
2019,219875,882,450
2019,220465,NA,NA
2019,221024,346,174
2019,221911,NA,NA
2020,103565,NA,NA
2020,103893,689,316
2020,104269,2006,998
2020,104291,NA,NA
2020,104665,2505,1213
2020,104731,3363,1667
2020,104871,1298,620
2020,104999,343,162
2020,105023,1649,804
2020,105077,3916,1917
2020,105173,5070,2538
2020,105332,4103,2013
2020,105357,5626,2855
2020,105359,1378,660
2020,105376,774,381
2020,105379,3611,1763
2020,105406,358,187
2020,105430,NA,NA
2020,105432,798,382
2020,105449,2533,1212
2020,105477,NA,NA
2020,105487,787,380
2020,105526,4562,2306
2020,105550,3104,1537
2020,105577,4060,2067
2020,105643,3578,1748
2020,105649,871,430
2020,105732,3457,1727
2020,105807,5360,2715
2020,105815,4241,2092
2020,105870,1313,685
2020,105882,2670,1298
2020,105902,2069,962
2020,105948,2644,1275
2020,105952,779,379
2020,105992,334,172
2020,106034,1418,661
2020,106045,NA,NA
2020,106058,1347,658
2020,106065,3488,1697
2020,106075,1143,530
2020,106099,3391,1622
2020,106109,1093,529
2020,106121,900,432
2020,106148,2206,1054
2020,106214,539,276
2020,106218,3093,1507
2020,106234,833,416
2020,106249,471,219
2020,106283,360,168
2020,106296,2343,1137
2020,106329,3129,1583
2020,106331,690,339
2020,106398,223,114
2020,106415,4306,2152
2020,106421,5943,3190
2020,110602,3048,1490
2020,110748,811,411
2020,111153,NA,NA
2020,111442,3785,1872
2020,111456,2161,1053
2020,111460,NA,NA
2020,111575,6290,3212
2020,111581,1096,522
2020,111815,3798,1869
2020,117360,1504,728
2020,120424,NA,NA
2020,122330,4677,2279
2020,123755,1287,661
2020,124014,458,236
2020,124079,2728,1366
2020,124116,407,202
2020,124187,3179,1593
2020,125802,1354,675
2020,126094,7847,4226
2020,126127,613,306
2020,126128,254,132
2020,126149,2164,1068
2020,126203,4985,2555
2020,126205,4673,2337
2020,126207,3716,1839
2020,126214,1034,516
2020,126535,478,230
2020,126846,NA,NA
2020,127157,1145,571
2020,128034,4817,2415
2020,133430,5893,2992
2020,134770,5426,2789
2020,136440,2160,1092
2020,144707,2111,1035
2020,144719,1962,961
2020,144750,3686,1834
2020,144895,NA,NA
2020,200221,4254,2111
2020,200267,344,173
2020,200303,NA,NA
2020,200384,1515,747
2020,200615,1166,564
2020,200670,777,369
2020,201483,834,400
2020,201514,1815,875
2020,201527,920,432
2020,201529,NA,NA
2020,201535,NA,NA
2020,201540,1833,878
2020,201554,NA,NA
2020,201568,NA,NA
2020,201585,2154,1030
2020,201590,2259,1137
2020,201597,NA,NA
2020,201611,332,170
2020,201616,1971,949
2020,201619,1605,856
2020,201696,2731,1400
2020,201697,2352,1171
2020,202195,413,208
2020,202358,273,136
2020,202429,3574,1788
2020,202446,2245,1172
2020,202453,1708,931
2020,202482,644,281
2020,202484,NA,NA
2020,202504,NA,NA
2020,202536,979,515
2020,202600,1134,555
2020,202684,1342,661
2020,203354,839,416
2020,203462,1154,552
2020,203500,354,185
2020,203501,690,331
2020,203514,504,239
2020,203530,NA,NA
2020,203564,NA,NA
2020,203575,1646,816
2020,204394,441,219
2020,204411,400,164
2020,204427,2629,1292
2020,205734,1530,777
2020,205925,3173,1610
2020,206037,548,277
2020,206108,3872,2032
2020,206124,1633,807
2020,206219,1920,931
2020,206252,2348,1193
2020,206255,2139,1110
2020,206289,4662,2391
2020,206292,1177,562
2020,206374,1436,704
2020,206408,1742,897
2020,206420,4516,2322
2020,206748,NA,NA
2020,206909,900,469
2020,207989,483,242
2020,208004,NA,NA
2020,208134,NA,NA
2020,210705,628,311
2020,210722,6316,3366
2020,211095,2182,1061
2020,211279,749,358
2020,211337,NA,NA
2020,211411,1076,489
2020,211684,651,317
2020,211701,2411,1134
2020,211702,2155,1103
2020,211817,NA,NA
2020,211878,980,489
2020,211880,810,363
2020,211901,929,440
2020,211903,482,243
2020,212001,NA,NA
2020,212805,338,189
2020,213525,3044,1568
2020,213544,682,321
2020,213550,4912,2530
2020,213631,2751,1389
2020,213828,213,117
2020,213889,1554,743
2020,214032,410,179
2020,214149,1894,873
2020,214263,2066,1028
2020,214304,437,203
2020,214405,480,243
2020,214452,716,337
2020,214521,446,206
2020,214544,5780,3048
2020,214643,1116,530
2020,214906,NA,NA
2020,214939,831,363
2020,214954,2561,1293
2020,215016,390,200
2020,215020,2126,1042
2020,215035,4257,2164
2020,215091,296,128
2020,215151,447,252
2020,215219,1987,977
2020,215259,1104,578
2020,215337,336,165
2020,215371,NA,NA
2020,215395,567,273
2020,215613,NA,NA
2020,215713,1588,807
2020,215785,374,172
2020,215872,260,133
2020,215983,945,459
2020,216016,1298,679
2020,216055,551,255
2020,216083,982,458
2020,216133,NA,NA
2020,216146,1020,497
2020,216150,428,196
2020,216153,2732,1367
2020,216262,1053,527
2020,219875,999,487
2020,220465,345,171
2020,221024,NA,NA
2020,221105,384,212
2020,222258,NA,NA
2020,223131,285,126
2020,223132,380,190
2020,223133,365,177
2020,223134,541,258
2020,223135,186,100
2021,103893,NA,NA
2021,103917,NA,NA
2021,104269,1461,681
2021,104291,712,334
2021,104460,NA,NA
2021,104665,NA,NA
2021,104731,4383,2186
2021,104871,NA,NA
2021,104897,NA,NA
2021,104999,NA,NA
2021,105023,NA,NA
2021,105051,1494,751
2021,105077,8145,4095
2021,105173,5894,2811
2021,105332,6682,3176
2021,105357,NA,NA
2021,105359,729,355
2021,105376,3838,1906
2021,105379,4887,2433
2021,105406,368,175
2021,105430,3386,1593
2021,105432,391,191
2021,105449,4073,2015
2021,105477,845,418
2021,105487,NA,NA
2021,105512,NA,NA
2021,105526,NA,NA
2021,105550,3847,1835
2021,105561,602,286
2021,105577,3618,1751
2021,105643,NA,NA
2021,105649,604,272
2021,105732,4132,2074
2021,105807,NA,NA
2021,105815,NA,NA
2021,105870,NA,NA
2021,105882,4849,2347
2021,105902,NA,NA
2021,105948,NA,NA
2021,105952,NA,NA
2021,105992,NA,NA
2021,106034,2259,1072
2021,106044,NA,NA
2021,106045,3502,1704
2021,106058,2094,1042
2021,106065,5696,2821
2021,106075,1833,899
2021,106099,3813,1799
2021,106109,2009,978
2021,106121,NA,NA
2021,106137,294,145
2021,106148,NA,NA
2021,106186,317,152
2021,106214,2007,1007
2021,106216,1044,515
2021,106218,NA,NA
2021,106234,NA,NA
2021,106283,NA,NA
2021,106296,1238,575
2021,106298,3258,1539
2021,106328,546,295
2021,106329,NA,NA
2021,106331,2716,1336
2021,106415,NA,NA
2021,106421,NA,NA
2021,110602,2542,1176
2021,110748,336,157
2021,111153,819,396
2021,111442,6982,3452
2021,111456,NA,NA
2021,111460,NA,NA
2021,111575,NA,NA
2021,111581,917,417
2021,111815,11448,5945
2021,117358,244,121
2021,117360,1497,730
2021,122298,4928,2496
2021,122330,NA,NA
2021,123755,NA,NA
2021,123961,314,153
2021,124014,1099,549
2021,124079,5802,2894
2021,124116,741,367
2021,124186,675,323
2021,124187,NA,NA
2021,125802,NA,NA
2021,126094,NA,NA
2021,126127,1801,868
2021,126128,1315,658
2021,126149,6228,3042
2021,126203,9562,4856
2021,126205,NA,NA
2021,126207,NA,NA
2021,126214,736,346
2021,126409,NA,NA
2021,126523,2644,1262
2021,126535,2276,1133
2021,126623,297,142
2021,126846,943,463
2021,127157,2317,1151
2021,128034,NA,NA
2021,131934,229,111
2021,133297,399,207
2021,133430,NA,NA
2021,134770,NA,NA
2021,136440,NA,NA
2021,144707,6382,3106
2021,144719,5241,2590
2021,144750,NA,NA
2021,144869,481,243
2021,144895,4156,2014
2021,200095,483,216
2021,200221,NA,NA
2021,200240,436,238
2021,200267,608,286
2021,200297,227,115
2021,200303,NA,NA
2021,200384,2855,1382
2021,200615,7462,3714
2021,200670,NA,NA
2021,201483,2898,1399
2021,201514,5498,2788
2021,201527,2382,1116
2021,201529,825,381
2021,201535,1792,851
2021,201540,NA,NA
2021,201554,958,430
2021,201568,2563,1283
2021,201585,5515,2737
2021,201590,NA,NA
2021,201597,725,369
2021,201611,637,322
2021,201616,3635,1778
2021,201619,3498,1747
2021,201696,NA,NA
2021,201697,3041,1450
2021,202058,NA,NA
2021,202195,2188,1107
2021,202269,231,114
2021,202429,NA,NA
2021,202446,1001,519
2021,202453,NA,NA
2021,202482,NA,NA
2021,202536,NA,NA
2021,202600,2548,1237
2021,202628,1380,754
2021,202684,1623,825
2021,202702,291,157
2021,202916,723,352
2021,203325,683,315
2021,203354,2956,1385
2021,203462,4768,2416
2021,203500,NA,NA
2021,203514,2964,1410
2021,203530,NA,NA
2021,203564,NA,NA
2021,203575,3633,1749
2021,204394,514,241
2021,204411,2215,1094
2021,204427,NA,NA
2021,205723,346,151
2021,205734,966,452
2021,205925,5935,2934
2021,206037,372,186
2021,206107,NA,NA
2021,206108,NA,NA
2021,206124,NA,NA
2021,206219,2869,1398
2021,206252,NA,NA
2021,206255,1711,797
2021,206289,NA,NA
2021,206292,3591,1781
2021,206374,1655,774
2021,206408,NA,NA
2021,206420,NA,NA
2021,206430,240,117
2021,206748,NA,NA
2021,206909,4634,2391
2021,207182,NA,NA
2021,207678,1694,827
2021,207733,727,348
2021,207925,450,219
2021,207989,7722,3983
2021,208013,263,119
2021,208502,1219,626
2021,209070,580,285
2021,210705,2434,1167
2021,210722,NA,NA
2021,211095,4823,2381
2021,211279,2268,1113
2021,211337,1571,764
2021,211411,NA,NA
2021,211544,71,19
2021,211684,2003,984
2021,211701,5983,3040
2021,211702,NA,NA
2021,211736,NA,NA
2021,211796,420,212
2021,211817,2543,1283
2021,211878,1177,540
2021,211901,1818,879
2021,212001,1142,565
2021,213525,NA,NA
2021,213544,423,196
2021,213550,3184,1565
2021,213631,5196,2552
2021,213646,702,355
2021,213710,1039,481
2021,213889,4981,2514
2021,213926,211,82
2021,214020,266,130
2021,214040,713,346
2021,214119,515,237
2021,214149,2122,1034
2021,214181,2474,1229
2021,214304,NA,NA
2021,214452,884,404
2021,214544,NA,NA
2021,214593,654,300
2021,214643,5661,2856
2021,214694,NA,NA
2021,214839,NA,NA
2021,214906,1238,597
2021,214939,3714,1811
2021,214954,NA,NA
2021,215018,579,282
2021,215020,2756,1259
2021,215035,NA,NA
2021,215219,3491,1718
2021,215259,888,426
2021,215337,NA,NA
2021,215370,4696,2381
2021,215371,843,394
2021,215613,632,303
2021,215713,NA,NA
2021,215785,NA,NA
2021,215832,283,152
2021,215872,2334,1138
2021,215899,NA,NA
2021,215910,472,234
2021,215936,899,412
2021,215983,3945,2054
2021,215996,404,192
2021,216016,2520,1244
2021,216083,2437,1176
2021,216133,2896,1452
2021,216146,5089,2541
2021,216153,4015,2078
2021,216262,3108,1542
2021,216265,823,388
2021,219875,5164,2487
2021,219917,767,363
2021,220465,NA,NA
2021,221024,1201,591
2021,221054,2329,1233
2021,221247,NA,NA
2021,222258,724,373
2022,104269,2680,1288
2022,104291,535,243
2022,104665,3294,1588
2022,104731,968,459
2022,105023,2176,1036
2022,105051,NA,NA
2022,105077,NA,NA
2022,105173,NA,NA
2022,105332,4484,2079
2022,105357,4174,2029
2022,105359,NA,NA
2022,105376,NA,NA
2022,105379,NA,NA
2022,105430,3210,1599
2022,105432,NA,NA
2022,105449,NA,NA
2022,105477,NA,NA
2022,105487,3413,1660
2022,105526,NA,NA
2022,105561,NA,NA
2022,105577,NA,NA
2022,105643,4569,2185
2022,105649,361,180
2022,105655,417,204
2022,105732,675,331
2022,105807,NA,NA
2022,105815,NA,NA
2022,105870,1889,945
2022,105882,1372,650
2022,105902,3819,1846
2022,105948,4965,2448
2022,105952,NA,NA
2022,106034,NA,NA
2022,106044,NA,NA
2022,106045,3796,1812
2022,106058,NA,NA
2022,106065,1815,863
2022,106075,654,304
2022,106099,NA,NA
2022,106109,NA,NA
2022,106121,4914,2438
2022,106148,4635,2255
2022,106162,827,416
2022,106186,NA,NA
2022,106214,NA,NA
2022,106216,NA,NA
2022,106218,7008,3402
2022,106234,7947,3903
2022,106283,1241,609
2022,106296,865,428
2022,106298,1613,788
2022,106328,337,164
2022,106329,NA,NA
2022,106331,3300,1615
2022,106398,2237,1114
2022,106415,5582,2747
2022,106421,10099,5381
2022,110602,NA,NA
2022,110748,507,241
2022,111153,1603,785
2022,111442,NA,NA
2022,111456,8660,4358
2022,111460,2636,1294
2022,111575,NA,NA
2022,111581,NA,NA
2022,111815,NA,NA
2022,122298,NA,NA
2022,122330,NA,NA
2022,123755,NA,NA
2022,123961,NA,NA
2022,124014,NA,NA
2022,124079,7331,3611
2022,124116,529,245
2022,124187,5767,2911
2022,125802,7344,3658
2022,126094,11355,5913
2022,126106,1497,743
2022,126127,NA,NA
2022,126128,NA,NA
2022,126149,941,436
2022,126203,NA,NA
2022,126205,NA,NA
2022,126207,NA,NA
2022,126214,NA,NA
2022,126409,1695,822
2022,126523,3864,1864
2022,126535,2190,1041
2022,126846,1908,960
2022,127157,4094,1904
2022,128034,10369,5395
2022,131934,NA,NA
2022,133297,806,408
2022,133430,NA,NA
2022,133835,742,381
2022,134770,NA,NA
2022,136440,2131,1023
2022,144707,NA,NA
2022,144719,6923,3462
2022,144750,2810,1345
2022,144869,2696,1235
2022,144895,4238,2113
2022,200059,702,359
2022,200095,NA,NA
2022,200116,491,233
2022,200221,8356,4178
2022,200240,650,311
2022,200267,NA,NA
2022,200303,947,438
2022,200374,448,219
2022,200384,4604,2228
2022,200587,820,416
2022,200615,3785,1815
2022,200670,4205,2083
2022,200677,287,133
2022,201483,NA,NA
2022,201514,5743,2912
2022,201516,540,271
2022,201527,724,312
2022,201535,1270,601
2022,201540,1874,880
2022,201554,608,282
2022,201568,1612,764
2022,201585,5026,2531
2022,201590,NA,NA
2022,201611,NA,NA
2022,201616,4413,2156
2022,201619,NA,NA
2022,201696,1433,666
2022,202195,8958,4488
2022,202358,2156,985
2022,202429,4686,2373
2022,202446,1214,608
2022,202536,NA,NA
2022,202600,2393,1155
2022,202628,NA,NA
2022,202684,2707,1310
2022,203354,NA,NA
2022,203435,152,68
2022,203462,1210,599
2022,203500,NA,NA
2022,203501,671,330
2022,203514,714,337
2022,203530,NA,NA
2022,203564,1759,802
2022,203575,2840,1349
2022,204394,NA,NA
2022,204411,NA,NA
2022,204427,6000,3073
2022,205344,NA,NA
2022,205734,414,189
2022,205815,NA,NA
2022,205925,NA,NA
2022,206037,577,267
2022,206124,NA,NA
2022,206219,3039,1445
2022,206252,NA,NA
2022,206289,9487,4885
2022,206292,2064,964
2022,206408,NA,NA
2022,206417,NA,NA
2022,206420,7475,3915
2022,206430,492,247
2022,206499,662,339
2022,206748,1105,531
2022,206909,9095,4665
2022,207182,871,385
2022,207352,NA,NA
2022,207678,1085,502
2022,207733,4744,2435
2022,207834,381,172
2022,207925,NA,NA
2022,207989,NA,NA
2022,208014,503,228
2022,208134,754,357
2022,208286,NA,NA
2022,208502,1940,971
2022,208859,971,448
2022,209113,NA,NA
2022,209209,NA,NA
2022,209414,NA,NA
2022,210097,1092,544
2022,210136,NA,NA
2022,210705,1318,613
2022,210722,NA,NA
2022,211095,3213,1671
2022,211279,NA,NA
2022,211337,1759,822
2022,211456,336,168
2022,211684,NA,NA
2022,211701,NA,NA
2022,211702,1344,670
2022,211817,4175,1997
2022,211878,NA,NA
2022,211880,807,388
2022,211903,381,208
2022,212001,NA,NA
2022,212805,NA,NA
2022,213525,NA,NA
2022,213544,NA,NA
2022,213550,2461,1152
2022,213631,NA,NA
2022,213646,NA,NA
2022,213710,1884,892
2022,213889,2113,1008
2022,213908,780,370
2022,214040,328,157
2022,214119,NA,NA
2022,214149,NA,NA
2022,214181,1566,752
2022,214405,926,448
2022,214452,1040,486
2022,214541,NA,NA
2022,214544,NA,NA
2022,214593,643,309
2022,214643,6293,3287
2022,214694,347,173
2022,214839,1000,486
2022,214906,NA,NA
2022,214939,NA,NA
2022,214954,NA,NA
2022,215018,NA,NA
2022,215020,1921,951
2022,215035,4670,2265
2022,215096,NA,NA
2022,215138,691,333
2022,215151,574,277
2022,215219,NA,NA
2022,215337,NA,NA
2022,215370,NA,NA
2022,215371,NA,NA
2022,215613,560,256
2022,215627,652,338
2022,215713,NA,NA
2022,215785,4556,2247
2022,215872,NA,NA
2022,215899,983,503
2022,215910,NA,NA
2022,215983,NA,NA
2022,215996,1069,489
2022,216016,NA,NA
2022,216081,579,290
2022,216083,1927,958
2022,216097,850,421
2022,216133,NA,NA
2022,216146,NA,NA
2022,216153,NA,NA
2022,216180,331,148
2022,216262,2495,1200
2022,216265,NA,NA
2022,219875,3627,1707
2022,219917,874,429
2022,220272,528,251
2022,220332,NA,NA
2022,220465,1310,633
2022,220548,NA,NA
2022,220589,1136,551
2022,220750,547,249
2022,220946,567,259
2022,221024,1324,634
2022,221054,4908,2496
2022,221247,272,126
2022,222233,369,187
2022,222258,2341,1162
2022,222328,1228,592
2022,222513,482,214
2022,222965,415,196
2022,222966,217,105
2022,223159,375,180
2022,223335,252,119
2022,259799,NA,NA
2023,104269,NA,NA
2023,104291,NA,NA
2023,104665,NA,NA
2023,104731,584,294
2023,104871,803,355
2023,105077,6504,3179
2023,105173,NA,NA
2023,105332,NA,NA
2023,105357,827,395
2023,105359,381,168
2023,105430,2889,1385
2023,105432,NA,NA
2023,105449,939,434
2023,105477,NA,NA
2023,105487,NA,NA
2023,105526,6167,3072
2023,105550,3939,1916
2023,105561,NA,NA
2023,105577,592,295
2023,105643,438,221
2023,105732,639,325
2023,105807,932,467
2023,105819,462,224
2023,105870,NA,NA
2023,105882,NA,NA
2023,105902,1149,554
2023,105948,3172,1529
2023,106045,NA,NA
2023,106058,973,470
2023,106065,3632,1741
2023,106075,NA,NA
2023,106109,366,185
2023,106121,4254,2069
2023,106148,6427,3160
2023,106186,4358,2142
2023,106214,NA,NA
2023,106216,NA,NA
2023,106218,8474,4247
2023,106234,6612,3326
2023,106283,263,137
2023,106296,7479,3726
2023,106298,337,164
2023,106329,NA,NA
2023,106331,6997,3433
2023,106398,NA,NA
2023,106415,6769,3301
2023,106421,NA,NA
2023,109303,NA,NA
2023,109686,433,210
2023,110602,NA,NA
2023,111153,7300,3615
2023,111442,6387,3215
2023,111456,NA,NA
2023,111460,5534,2774
2023,111575,8203,4277
2023,111581,4334,2158
2023,111815,9918,5075
2023,117360,188,94
2023,122298,7991,3966
2023,122330,NA,NA
2023,123755,NA,NA
2023,123828,854,405
2023,123896,292,149
2023,124014,NA,NA
2023,124079,2678,1293
2023,124116,NA,NA
2023,124186,3460,1662
2023,125802,4416,2138
2023,126094,13680,7125
2023,126106,480,222
2023,126127,NA,NA
2023,126128,5991,3069
2023,126129,370,178
2023,126203,NA,NA
2023,126205,NA,NA
2023,126207,9489,4879
2023,126214,1289,634
2023,126409,886,396
2023,126523,6510,3155
2023,126535,NA,NA
2023,126846,4752,2325
2023,127157,NA,NA
2023,128034,12726,6531
2023,131934,1671,810
2023,133297,3464,1705
2023,133430,4678,2333
2023,133835,2432,1212
2023,134770,9944,5113
2023,136440,1981,999
2023,144707,NA,NA
2023,144719,5100,2497
2023,144750,3273,1601
2023,144821,776,378
2023,144869,NA,NA
2023,144895,4032,1935
2023,200059,4550,2208
2023,200116,351,161
2023,200221,9240,4701
2023,200267,NA,NA
2023,200303,4579,2258
2023,200384,2086,978
2023,200587,776,353
2023,200615,NA,NA
2023,200670,7721,3882
2023,201483,2783,1330
2023,201514,6562,3299
2023,201516,1239,567
2023,201535,431,200
2023,201540,NA,NA
2023,201568,NA,NA
2023,201585,NA,NA
2023,201590,NA,NA
2023,201611,2014,992
2023,201616,4163,2050
2023,201619,NA,NA
2023,201696,NA,NA
2023,202058,656,326
2023,202195,4909,2372
2023,202235,234,103
2023,202358,995,456
2023,202429,NA,NA
2023,202446,945,476
2023,202536,NA,NA
2023,202600,NA,NA
2023,202628,2306,1104
2023,202662,546,262
2023,202684,7393,3727
2023,203354,NA,NA
2023,203435,335,161
2023,203462,3091,1500
2023,203500,1354,672
2023,203501,2170,1116
2023,203514,460,219
2023,203530,2382,1119
2023,203562,NA,NA
2023,203564,417,202
2023,203575,2352,1159
2023,204394,NA,NA
2023,204411,1794,860
2023,204427,NA,NA
2023,205734,NA,NA
2023,205925,5395,2644
2023,206037,NA,NA
2023,206107,NA,NA
2023,206108,1414,701
2023,206124,2958,1430
2023,206219,426,206
2023,206252,NA,NA
2023,206255,1288,580
2023,206289,9123,4672
2023,206292,423,202
2023,206374,292,147
2023,206408,4588,2202
2023,206417,1165,521
2023,206420,NA,NA
2023,206430,369,179
2023,206499,1748,821
2023,206748,870,428
2023,206909,5725,2865
2023,207182,661,305
2023,207352,265,133
2023,207678,2915,1374
2023,207733,4485,2345
2023,207925,1720,846
2023,207989,12160,6549
2023,208004,976,485
2023,208010,312,156
2023,208013,304,138
2023,208014,3690,1821
2023,208134,1290,607
2023,208286,6039,3026
2023,208502,3498,1727
2023,208859,773,377
2023,209070,NA,NA
2023,209113,1257,616
2023,209209,1263,603
2023,209279,500,238
2023,209414,5494,2657
2023,210097,8657,4337
2023,210136,271,141
2023,210150,701,351
2023,210319,528,255
2023,210340,520,246
2023,210506,2433,1205
2023,210722,6860,3486
2023,211095,6087,2996
2023,211279,NA,NA
2023,211337,3822,1906
2023,211684,4670,2316
2023,211701,NA,NA
2023,211702,2969,1441
2023,211817,2224,1131
2023,211880,521,237
2023,211901,596,275
2023,213525,4185,2042
2023,213544,564,269
2023,213550,5943,3006
2023,213631,6340,3233
2023,213646,NA,NA
2023,213710,4068,1913
2023,213889,NA,NA
2023,213908,236,117
2023,214020,306,140
2023,214040,2543,1255
2023,214119,4664,2339
2023,214149,NA,NA
2023,214405,1535,766
2023,214452,2027,1037
2023,214480,477,238
2023,214541,509,251
2023,214544,NA,NA
2023,214593,1687,821
2023,214643,NA,NA
2023,214839,2653,1275
2023,214906,4937,2399
2023,214939,4148,2101
2023,214954,NA,NA
2023,215020,7059,3486
2023,215035,3253,1551
2023,215096,645,291
2023,215151,NA,NA
2023,215219,NA,NA
2023,215337,NA,NA
2023,215370,4477,2219
2023,215613,4020,2036
2023,215713,7719,3905
2023,215785,4767,2380
2023,215872,3377,1651
2023,215899,747,358
2023,215910,1521,690
2023,215936,460,249
2023,215983,745,350
2023,215996,785,370
2023,216016,6334,3167
2023,216055,NA,NA
2023,216074,187,93
2023,216081,NA,NA
2023,216083,2904,1467
2023,216097,1901,901
2023,216133,6823,3386
2023,216139,414,210
2023,216146,NA,NA
2023,216153,1257,605
2023,216262,3906,1991
2023,216265,755,364
2023,219875,6502,3303
2023,219917,4846,2334
2023,220332,2050,1028
2023,220465,2811,1351
2023,220548,4444,2242
2023,220589,3028,1507
2023,220750,824,411
2023,221024,1056,516
2023,221054,1326,664
2023,221236,1068,506
2023,221237,1042,536
2023,221247,529,250
2023,221911,516,234
2023,222233,560,294
2023,222258,5125,2519
2023,222296,1119,541
2023,222328,NA,NA
2023,222601,602,301
2023,222965,1974,977
2023,223333,967,474
2023,232447,1442,695
2023,252499,305,148
2023,259799,2933,1507
2023,263847,NA,NA
2023,263848,NA,NA
2023,263849,NA,NA
2023,263850,NA,NA
2023,263852,NA,NA
2023,263853,NA,NA
2023,264205,NA,NA
2024,102093,421,211
2024,105051,NA,NA
2024,105077,1579,710
2024,105173,NA,NA
2024,105332,885,431
2024,105430,2078,1036
2024,105449,NA,NA
2024,105477,968,461
2024,105487,1195,607
2024,105526,NA,NA
2024,105577,151,81
2024,105732,705,335
2024,105807,2350,1172
2024,105815,NA,NA
2024,105819,NA,NA
2024,105870,6196,3040
2024,105902,3793,1838
2024,105948,3377,1628
2024,106034,494,257
2024,106045,610,286
2024,106075,1417,689
2024,106109,784,386
2024,106121,5102,2393
2024,106148,7871,3925
2024,106186,615,293
2024,106214,NA,NA
2024,106218,8196,4095
2024,106234,2067,993
2024,106283,1311,661
2024,106296,1914,919
2024,106298,NA,NA
2024,106329,3891,1955
2024,106331,5850,2867
2024,106398,2667,1206
2024,106415,NA,NA
2024,106421,11358,5875
2024,109303,904,467
2024,111153,4758,2300
2024,111442,NA,NA
2024,111456,2975,1450
2024,111460,3316,1675
2024,111575,9543,4893
2024,111581,1030,524
2024,111815,NA,NA
2024,117360,NA,NA
2024,122298,6844,3351
2024,122330,NA,NA
2024,122554,318,157
2024,123755,4038,1939
2024,123828,996,485
2024,123961,203,103
2024,124014,NA,NA
2024,124079,6551,3203
2024,124116,7059,3489
2024,124186,5782,2875
2024,124187,2445,1204
2024,126094,NA,NA
2024,126127,1714,851
2024,126128,7290,3658
2024,126129,1991,976
2024,126203,12181,6411
2024,126205,10239,5418
2024,126207,10404,5252
2024,126214,NA,NA
2024,126409,1624,760
2024,126523,1238,545
2024,126535,NA,NA
2024,126846,7458,3659
2024,127157,5952,2906
2024,128034,10560,5469
2024,131934,1220,604
2024,133297,878,428
2024,133430,7901,4033
2024,133835,763,383
2024,133933,475,248
2024,134770,NA,NA
2024,136440,5577,2731
2024,144719,5939,2983
2024,144750,966,475
2024,144869,9899,5005
2024,144870,374,176
2024,144895,NA,NA
2024,200059,531,274
2024,200116,1177,549
2024,200221,NA,NA
2024,200240,1196,534
2024,200259,553,277
2024,200267,6211,3136
2024,200303,6885,3379
2024,200384,4927,2374
2024,200443,2327,1125
2024,200587,NA,NA
2024,200615,NA,NA
2024,200670,1411,621
2024,200702,306,141
2024,201514,4025,1983
2024,201540,457,206
2024,201585,5320,2637
2024,201611,4207,2098
2024,201616,NA,NA
2024,201619,NA,NA
2024,201696,NA,NA
2024,202058,1956,954
2024,202195,824,394
2024,202358,NA,NA
2024,202429,1104,529
2024,202453,862,396
2024,202536,NA,NA
2024,202600,7149,3533
2024,202662,241,108
2024,202684,3769,1851
2024,203354,3862,1825
2024,203462,NA,NA
2024,203500,1243,596
2024,203501,NA,NA
2024,203514,990,502
2024,203530,NA,NA
2024,203564,1751,868
2024,203575,NA,NA
2024,204411,788,390
2024,204427,NA,NA
2024,205734,6882,3346
2024,205925,2256,1092
2024,206037,NA,NA
2024,206124,NA,NA
2024,206219,1335,639
2024,206252,5624,2857
2024,206289,NA,NA
2024,206292,973,506
2024,206374,4345,2137
2024,206408,4506,2124
2024,206417,661,316
2024,206420,7616,3808
2024,206430,NA,NA
2024,206499,5405,2624
2024,206748,1525,758
2024,206909,NA,NA
2024,207182,790,358
2024,207352,2212,1124
2024,207678,464,221
2024,207681,2223,1077
2024,207733,9748,5067
2024,207925,10434,5193
2024,207985,904,443
2024,207989,10348,5612
2024,208004,1914,916
2024,208010,915,455
2024,208013,NA,NA
2024,208014,NA,NA
2024,208134,2453,1133
2024,208144,255,135
2024,208279,476,223
2024,208286,9084,4513
2024,208363,6445,3163
2024,208502,1561,753
2024,208859,883,428
2024,209070,3815,1907
2024,209113,3069,1545
2024,209209,661,313
2024,209263,337,155
2024,209279,1750,845
2024,209318,279,134
2024,209414,4405,2141
2024,210097,11881,6041
2024,210136,524,241
2024,210150,7628,3803
2024,210319,671,321
2024,210460,456,224
2024,210506,9871,4986
2024,210705,702,334
2024,210722,6799,3438
2024,211095,4563,2213
2024,211279,3678,1804
2024,211337,3087,1437
2024,211411,599,307
2024,211514,290,145
2024,211684,NA,NA
2024,211701,NA,NA
2024,211702,NA,NA
2024,211817,1810,900
2024,211880,787,368
2024,212720,188,94
2024,213525,NA,NA
2024,213544,NA,NA
2024,213550,5475,2691
2024,213631,NA,NA
2024,213646,1575,789
2024,213710,NA,NA
2024,213889,4391,2159
2024,213908,684,315
2024,214032,NA,NA
2024,214040,NA,NA
2024,214119,2781,1332
2024,214149,NA,NA
2024,214452,6177,3010
2024,214480,648,324
2024,214521,341,168
2024,214541,NA,NA
2024,214544,9553,5146
2024,214593,1613,790
2024,214643,NA,NA
2024,214839,482,241
2024,214906,662,295
2024,214939,NA,NA
2024,214954,NA,NA
2024,215018,NA,NA
2024,215020,5294,2498
2024,215035,5298,2621
2024,215138,2905,1440
2024,215151,358,174
2024,215219,193,89
2024,215337,2960,1510
2024,215370,2855,1416
2024,215571,270,136
2024,215613,9895,5130
2024,215713,7053,3523
2024,215785,NA,NA
2024,215872,4060,1993
2024,215899,589,267
2024,215910,544,259
2024,215936,NA,NA
2024,215983,1661,858
2024,215996,879,453
2024,216016,NA,NA
2024,216055,NA,NA
2024,216081,522,249
2024,216083,NA,NA
2024,216097,NA,NA
2024,216133,8102,4063
2024,216146,NA,NA
2024,216153,NA,NA
2024,216262,NA,NA
2024,216265,1859,916
2024,219875,NA,NA
2024,219917,1914,892
2024,220332,2268,1123
2024,220465,4812,2405
2024,220520,2719,1344
2024,220548,6499,3284
2024,220589,6904,3462
2024,220750,588,292
2024,221024,2862,1420
2024,221054,NA,NA
2024,221236,1178,600
2024,221237,1469,725
2024,221247,670,312
2024,221911,339,188
2024,222233,1709,839
2024,222258,1788,869
2024,222296,1444,687
2024,222328,6463,3276
2024,222559,680,330
2024,222601,2856,1412
2024,222965,3503,1683
2024,222966,262,141
2024,223331,967,466
2024,223333,461,219
2024,232447,671,310
2024,233741,429,212
2024,239389,484,228
2024,252499,863,448
2024,252587,359,170
2024,256684,782,394
2024,259799,6756,3563
2024,260170,684,330
2024,260300,337,171
2024,260847,NA,NA
2024,260848,NA,NA
2024,260913,NA,NA
2024,261963,NA,NA
2024,263857,2204,1103
2024,266671,749,381
